,sha1,project
0,034c7061f35f862db0220636e9a671efd3ba806c,intel-isl_multiobjectiveoptimization
1,0f9472c8b7317b8b955dc88c281fa9c4276a493b,intel-isl_multiobjectiveoptimization
2,1c6d0d503ccf33cc83d5b6c356ca2fc2bf255606,intel-isl_multiobjectiveoptimization
3,31a526ad359e992eac66efd38a2fddd738f25c6e,intel-isl_multiobjectiveoptimization
4,4354ee8709c5f8cff6eb4529cf5cdf69681d5deb,intel-isl_multiobjectiveoptimization
5,57874871f5f6f622799aceb2a680e783d6302252,intel-isl_multiobjectiveoptimization
6,5d8e8343c56cf3184081f71cc4a661af64e7cf7e,intel-isl_multiobjectiveoptimization
7,5ee88e57c162c32bbd4d23e6a7c39be0c753f9ef,intel-isl_multiobjectiveoptimization
8,881de082c8fa1f3cbeca0b1c0a82bd6e538d8a34,intel-isl_multiobjectiveoptimization
9,bf5bbb30371489a47f6440691d8934b70f7dfc3b,intel-isl_multiobjectiveoptimization
10,d45eb262ec61c0dafecebfb69027ff6de280dbb3,intel-isl_multiobjectiveoptimization
11,f295df07782c6d3e19b78156bd3b12dc8eec2692,intel-isl_multiobjectiveoptimization
12,f8235033f67a6b604ac3276bfa685c5c1d653457,intel-isl_multiobjectiveoptimization
0,00ae16836d19d5bea9f84f18f6c1a889041513c4,sjmoran_deeplpf
1,017def0eb64c76ba9a9ca1d8f16430a6d7d30d46,sjmoran_deeplpf
2,01e38deb7007a929844c8ecb097036e1362f7a3b,sjmoran_deeplpf
3,01edb1ca6b334ef82d40cadf1ed0e858e1a210b7,sjmoran_deeplpf
4,0208424062af301ad82ea78060c6a7783fb68650,sjmoran_deeplpf
5,03613dc97e65b370b3bfc3ca4afccc3b30d50568,sjmoran_deeplpf
6,04b46be153e890e4ac5853731a176035581529d3,sjmoran_deeplpf
7,05632dd73c1e14c623825c48376082bee2ff3a4e,sjmoran_deeplpf
8,061087388a77edaedc65cb08bbb914d1a8c4d810,sjmoran_deeplpf
9,06c4f310af3f3ca2f0e6bb33f6f64aee4d35f848,sjmoran_deeplpf
10,08a34a389e33c77c521590ef5d3ce53f19cbdad2,sjmoran_deeplpf
11,0934218911b6502fbb3e53b89889aebcc795e222,sjmoran_deeplpf
12,094ae4b23e0586a588960cbc31c95e09eb3f2997,sjmoran_deeplpf
13,0a68627d6e30429531f606c3be4d12bd389f17b7,sjmoran_deeplpf
14,0c934b23711b4e2d1a6f357d3299d46c9b04b536,sjmoran_deeplpf
15,0fab3e1ff95c4dc3143c2842cf6ed3079711aadd,sjmoran_deeplpf
16,1019635006e25c522b3e89f042f6f18b67a3dfb1,sjmoran_deeplpf
17,10c985c9f69cf1bb541517e14624dcdc923e2b78,sjmoran_deeplpf
18,112cf9ef1c4d80e474f1e311c611b94e8ab5ecef,sjmoran_deeplpf
19,136207dfdf48d91ae95b6ae32d287183a7844aa9,sjmoran_deeplpf
20,13bda58d3f3716b70f2a1623c5fe4b792924e92e,sjmoran_deeplpf
21,15c20d4beb27acfd0505615685dc304a1e322d50,sjmoran_deeplpf
22,1723d7d683e826574ca3dce2b8668b9734538a7d,sjmoran_deeplpf
23,1739458a9340a4aef47ee750e7251fe256a64f0f,sjmoran_deeplpf
24,173b00d1f2fc1dab59d03b399dc4edf466bd09a9,sjmoran_deeplpf
25,1744fd996f0417aaa4f3b8f1dd5454c4002084c8,sjmoran_deeplpf
26,176b0e7873704dcc97ad98011160c96546e42cd8,sjmoran_deeplpf
27,1844492c403feb7d24400d530696589c2aff85a7,sjmoran_deeplpf
28,18a76ae06c5a31a6818c95ed0a2cee2c424608f2,sjmoran_deeplpf
29,19bbd1efbd0f047763bd5da5a4b23902685a06e8,sjmoran_deeplpf
30,1a76a93d5cb1fffbb8865193ba37ef83771e1f2d,sjmoran_deeplpf
31,1bbe525f3f7b076c40acf985ac04c3f89378f191,sjmoran_deeplpf
32,1de0274770882bfb71df960b170d038e9b620f13,sjmoran_deeplpf
33,1e44017f08d40d9f5ccde1aed8aca174c38b7b0f,sjmoran_deeplpf
34,1ef210a65c3d4250fbe49eefeba391b5af0d60be,sjmoran_deeplpf
35,1f180d03ef3827a27c492f2d8649b500f1612e39,sjmoran_deeplpf
36,1f66c7d396e6517b6dd3c84e361772e61500d1a9,sjmoran_deeplpf
37,1f7f9cb52220470682ba228f15bc093b60488e30,sjmoran_deeplpf
38,1fcde67026030afcf302eb0dbada62fac1c06394,sjmoran_deeplpf
39,1fe19d4787f4ca535f2042c6bfde021d7931e178,sjmoran_deeplpf
40,2081fb9451c06612e906a39d5560e7acab64bada,sjmoran_deeplpf
41,22dbdf8162f7a1385871c5759fbbe0609948ba7d,sjmoran_deeplpf
42,22ee00f1ad940fdf1ec7231523d69ae6c368f290,sjmoran_deeplpf
43,24ae58aaed19e76a59788edd04997d537bc624df,sjmoran_deeplpf
44,263119886410f145455543714c813a87378254df,sjmoran_deeplpf
45,26690c1d3ea61103c9092e4671a25a096e663192,sjmoran_deeplpf
46,26c8e73409df3386a019ff0354fdd3a17b9c9f39,sjmoran_deeplpf
47,27389c857dcfc3afacb4433ff56762721b8f1369,sjmoran_deeplpf
48,28891307663f72a4b43c97f0c0cf1314caf07d3c,sjmoran_deeplpf
49,28d9bfad7bf3649b25aa6c69dd25226474fd8339,sjmoran_deeplpf
50,2994a5923732b7d149710b93a8889720d466a7a6,sjmoran_deeplpf
51,2b1a6305c3be46900bfb72006ef50fede6a7ea0c,sjmoran_deeplpf
52,2b26093b55368f555f1d7a4979c9a1d3f00b88fd,sjmoran_deeplpf
53,2b43536077c0f31e5f88300caa301dfaf1936edd,sjmoran_deeplpf
54,2c6b5a957a7ed5b952b73f965313c4959f8cf659,sjmoran_deeplpf
55,2c9130e69893c0376bfb463ed7edf81eb035c235,sjmoran_deeplpf
56,2cddff22404a86f10d1f71dffb8955a820265424,sjmoran_deeplpf
57,2e2213fbdf07f890e22c40ef2ee31c7cafe98679,sjmoran_deeplpf
58,31a6ba5d1be7591d5b7827664f0c3ead78c17cfd,sjmoran_deeplpf
59,322e9e0fdc2f64814e2090e328d5aa1b7378a627,sjmoran_deeplpf
60,3247d4dedce32aeaad54586d2c0b478189ed8d82,sjmoran_deeplpf
61,324af66a5350ab122f708887cc0e5d9420ee3a9e,sjmoran_deeplpf
62,32982dc86b67df30790130cfb27bc9103d1805ad,sjmoran_deeplpf
63,32a621cb984e2fe4d58024716fffec099f80389d,sjmoran_deeplpf
64,33230879e6dd07ca96b60abe4d67a0ef2c2021a9,sjmoran_deeplpf
65,33b02f2a6f1d079e0a2b6b025f576f5b1f3c8ac7,sjmoran_deeplpf
66,357e8c2f72181e337d5d12a3789b10ded6b905c0,sjmoran_deeplpf
67,35f82298d76ef145ee3f10b9155f57a23998bd19,sjmoran_deeplpf
68,37030e1d70bc4ef27d1efa571db9e01b6e7a6a2f,sjmoran_deeplpf
69,37408da1ba69ed5db41bb19e00e4cf6a65e10f07,sjmoran_deeplpf
70,3747dda014d64c4359bf33ee47719c8b554e1823,sjmoran_deeplpf
71,3780d66ec1b71f720612a5290c9fd2ee141cc495,sjmoran_deeplpf
72,3789704e261f74489ed734c7684323f7d443112f,sjmoran_deeplpf
73,37d2a682f2b0970fc0d3fd0c30d8512d909737b5,sjmoran_deeplpf
74,3811253e3d97469bb2a8205c0649fc0a89352de4,sjmoran_deeplpf
75,385998f7641ee9b5221f8337c9fb9899c0c2a56a,sjmoran_deeplpf
76,389dca7243a85219aea33e668ca504ee2df10fd9,sjmoran_deeplpf
77,38dd7fbc58603d23cae2a990b81209b7df9ec5e7,sjmoran_deeplpf
78,396bb3066bd2529fd12b323cf5484d574c4bd81d,sjmoran_deeplpf
79,3a570e08d3647c9734d02e85033c8f0f62c9a9e4,sjmoran_deeplpf
80,3b3b1bfa734dcc8cfc35a4e0d726c589b27ca53f,sjmoran_deeplpf
81,3b9c71ec894c5372c71cc0e5947e84b4b2ceee2b,sjmoran_deeplpf
82,3d7150b3510140785f0dde98641d82015f2e9b1f,sjmoran_deeplpf
83,3e6cb293dbfdc1d6ca40f0983f1af4e3672617c4,sjmoran_deeplpf
84,3f1776b316c517db126acfc057ac9dfdddbdd6ff,sjmoran_deeplpf
85,3f3253e376b318ef93d9741773ffc5e345309a8d,sjmoran_deeplpf
86,3f779c5a07dfac8c31d5e85be2748a924bb53395,sjmoran_deeplpf
87,3f8313909f130023c14bc8630b14f09ed8f030d6,sjmoran_deeplpf
88,3f8a515e5ca8e4a069a3c128d4f63e7e590595c9,sjmoran_deeplpf
89,405458716b974389ce5a64895544d5f5193e8747,sjmoran_deeplpf
90,40b1966fd2e5f037f9161f6ff0d3c605bbebf860,sjmoran_deeplpf
91,40bceb27866af7a47e3523381af392820bf5a49c,sjmoran_deeplpf
92,40ef24d839921571e433d41163e104c972f5dfc9,sjmoran_deeplpf
93,413775dca59d2c979d87f2d106a5b2da048dde36,sjmoran_deeplpf
94,419d736b2ba32c3bfad78f8c3704ad2da29b2b75,sjmoran_deeplpf
95,43d98aac8d84345b489ce45f27181f8fe2e6f571,sjmoran_deeplpf
96,447872bde069afc1fd45c76321cda35704713dcd,sjmoran_deeplpf
97,455a487f80b9fa92390c48395bf6b4e62842435a,sjmoran_deeplpf
98,45a195027011ae3d8f5006637edf1bf1e3065ba7,sjmoran_deeplpf
99,463e122a1d59bd88c7d3936eec5b6ccac2e690a3,sjmoran_deeplpf
100,47e4922fe5ee8cf4d906e9617da75a2b30a39808,sjmoran_deeplpf
101,4838513cb68d94ced1ec884b647134d2739795b3,sjmoran_deeplpf
102,4b5448fc529f9f5f71d117ad6fb54215ae2164c8,sjmoran_deeplpf
103,4c15e61670761a821ff4e549e9e01e4d1e4a28d4,sjmoran_deeplpf
104,4caf6d2b1d4d6d141a09455b46006b777c03e777,sjmoran_deeplpf
105,4d94da8022720c7cc55f8d3d39e3b6f59ccdb4eb,sjmoran_deeplpf
106,4e1326003c1410a64567a01020b6be1c2f0af08a,sjmoran_deeplpf
107,4e41484ce798f4793caa142ca410dafbaddc663f,sjmoran_deeplpf
108,4f90d35aa2466e05febcfc7f6c4c5704ebbc1f94,sjmoran_deeplpf
109,506e96073448a481005ed15b61fb9aecfb0a393d,sjmoran_deeplpf
110,50e6db88554c99031938dee81fea0e352d20a56c,sjmoran_deeplpf
111,5199ce737f4754e263a8acf0ca2bdf2867677df8,sjmoran_deeplpf
112,527e343f6a6085b23a0c8d930a5c31a63a04fcf2,sjmoran_deeplpf
113,537c17464ba23845303fa6e58d4e1c05c779e91b,sjmoran_deeplpf
114,56988df1a0b3d94db0834060ffb61f8b145a6319,sjmoran_deeplpf
115,56cb21e32da86fe152900d5a83a98947e8bfd11c,sjmoran_deeplpf
116,5763dca0ac43e5c09447a01d12513e3b4a7c8a5d,sjmoran_deeplpf
117,5766246838a3f0836177b7d51d5b27379981788c,sjmoran_deeplpf
118,58b9cfcf2d1f45b9ba96d637c24bb0d9d0928ee1,sjmoran_deeplpf
119,5a232fff6ba10dd2d8f9222d8b6f5014220fce8f,sjmoran_deeplpf
120,5b26af1f55dcd05aa4255fb563bf51701b79b7ff,sjmoran_deeplpf
121,5bf0b0b1c61e6dde6e941eefa637f63a48b5b80c,sjmoran_deeplpf
122,5c0c5d15d94e735b505e1e649602815422004861,sjmoran_deeplpf
123,5c95c545d9e85d50dce94b23b70c67338e25b9a4,sjmoran_deeplpf
124,5d0f9bc41387f8d434dd5df68700d7310cf7530b,sjmoran_deeplpf
125,5d949d11c016d7ba98d9c506c559bb44064ade60,sjmoran_deeplpf
126,5e764a3267578bad99eb65259df7b9aa19317413,sjmoran_deeplpf
127,5fed6b0184dd17adc4ad2d1f8d55e5f9cfe96699,sjmoran_deeplpf
128,6202bcdb89f37ade82bbafcf64a46b3d49e68c15,sjmoran_deeplpf
129,62888e6d6192c103f79f6e375304920ded77bf58,sjmoran_deeplpf
130,62d12eff53e30382553f75c32743596a7919deba,sjmoran_deeplpf
131,643387f042e98196dc5873b36e6a56603d32bafa,sjmoran_deeplpf
132,6492165cdf94a72fccc95c7891f8830e18037ac0,sjmoran_deeplpf
133,65abef5c6280a93678df69a8c417a9c472ffe376,sjmoran_deeplpf
134,66cdb78165fe5ae6f31f750a1b2c49eba214ae1e,sjmoran_deeplpf
135,6889bd2c39a947ba85d86b6151387dfe56709996,sjmoran_deeplpf
136,6a5f6cb44eedef0aa3850d6c01a99deb3db7918f,sjmoran_deeplpf
137,6ad3988de16c3f93d42a4ac257cf1289b8c4014d,sjmoran_deeplpf
138,6b05ce94348984c5677cb93808ea1217287f48e7,sjmoran_deeplpf
139,6b06cdf09e103829a7ddcb9e2d598a85f27ca074,sjmoran_deeplpf
140,6c36f7c75c50c9e4807ceeb94088edd52054d3b5,sjmoran_deeplpf
141,6e7311bee7becf778f4256576c9b8f9923c2d077,sjmoran_deeplpf
142,6fa364be9b4c4cef5bf9b9b6e716465e8429e528,sjmoran_deeplpf
143,6fe21e9c4be4db8097b992f9cffed572cc91d501,sjmoran_deeplpf
144,71469a335f0937ab6d976e99f5b9fbcd58c5e70c,sjmoran_deeplpf
145,7354f152933926847a2c1899da717757eb93d944,sjmoran_deeplpf
146,74c2ed630c511911db443bf70401ce00ceff0633,sjmoran_deeplpf
147,75ccc29c11f5338e91b7bf6609491c31c69e2d23,sjmoran_deeplpf
148,75f86e36f50dea1d7c633a66d88bf38b507d3079,sjmoran_deeplpf
149,76bbc1d5673cf0c90c7316d93fecefa9b5a62052,sjmoran_deeplpf
150,76cc84e57f69fd7bf135ed31ac60e99c156ffd53,sjmoran_deeplpf
151,7745ebfb35fc9a6c8e27bbc09c4b82c94a77e632,sjmoran_deeplpf
152,77874e6378b5c755eb53e8d88a561bd2e9d1bd96,sjmoran_deeplpf
153,784c32088ea7f77232575bc5b690696b9a5478b4,sjmoran_deeplpf
154,785155fccde3ff852cc57955f61a3e0891a583be,sjmoran_deeplpf
155,788fd182f3bd6f6dc774a52fc11c412b88c26e47,sjmoran_deeplpf
156,79dcc8f3f758c3d6090d67e5bc3ae68ed30976a1,sjmoran_deeplpf
157,7a3b12a05b7b5ebfe5a2b312ad84f3135dabb433,sjmoran_deeplpf
158,7b3ec4bf1821eae692423fb7cd50aba49a165153,sjmoran_deeplpf
159,7b5e10962cead0b0c20e47f7a0c750562f7bfc74,sjmoran_deeplpf
160,7b6ffc8d37d26a29742c0487e94c2e00617ab149,sjmoran_deeplpf
161,7c5230d71da6872b5b27d5b1bcbf50401d47f2c2,sjmoran_deeplpf
162,7ce5af58d5b777081cddc67be72313dc674ea4a3,sjmoran_deeplpf
163,7d1168ed6ed446c2ee4a6a8ea70043e6c255e3ea,sjmoran_deeplpf
164,7d293139632c8e37fd4615699c6707e5ca17fdbe,sjmoran_deeplpf
165,7ee48c6cf43cdd252e03a81d47107836e3fe3926,sjmoran_deeplpf
166,7efdfd2f3e54c9f796ca1bf400d4590d512006a4,sjmoran_deeplpf
167,7f5257f2f609a4c178b771839e60c297a9544052,sjmoran_deeplpf
168,7fd269eaaae6b50025ffe32dd3b9a1e7bf579efc,sjmoran_deeplpf
169,81a7b680f90f37540f3100fac8fa8459695799f6,sjmoran_deeplpf
170,81e84b187c58829809b3d6e066aa2d7ae001bfba,sjmoran_deeplpf
171,839effdcf4775f7c2da70c0ce1bffce35c4cf824,sjmoran_deeplpf
172,847c1871dedf2937ba6f327018586aeaab077cde,sjmoran_deeplpf
173,85c8a418e9b11ff0e86d4638d7e2fe0209a8c09a,sjmoran_deeplpf
174,866c40d137022067de022434b439eb7d7283212d,sjmoran_deeplpf
175,86a9b78ff36d3f71d491a158fd7956b5880cd991,sjmoran_deeplpf
176,86e26e08339e7954f92213c974d2a344e33b4466,sjmoran_deeplpf
177,88bed78a7fdee190ee854d754704c8cfbb577d53,sjmoran_deeplpf
178,8a6433adfb71a3d0f823e3a4df79a75ec60531fb,sjmoran_deeplpf
179,8b16dd9740ef0ddc5221664a06b3149f3d466845,sjmoran_deeplpf
180,8b624dba776f87cfd36c3199f8586b72f1599a8a,sjmoran_deeplpf
181,8ba5721e4bea778520b286440c68087e718a52a1,sjmoran_deeplpf
182,8cbcc677485725b1760c9b3b6abee8c13de93499,sjmoran_deeplpf
183,8d18455bd3247e476a73edeb99e74087530e5c26,sjmoran_deeplpf
184,8d3aa862727236a96b50b31714e3e1ef5eead863,sjmoran_deeplpf
185,8d8f9017fdc827fa14384dce69498196a4549bb0,sjmoran_deeplpf
186,8e22703c8d0155852cc7d417de5a98d30a65cd3a,sjmoran_deeplpf
187,8e5fd6ca28d04a114079f2c2fb6a3f346a9fc999,sjmoran_deeplpf
188,8eac04f6ed1683a489f2dfdf7a248dd86c33fac4,sjmoran_deeplpf
189,8f429b57d7a4ce5b187540419919f1fbcda0def2,sjmoran_deeplpf
190,90685548f880ecd27b760660dbdea33a881d48b7,sjmoran_deeplpf
191,914d83319d7e859da0cc2a5335a7b5561238585a,sjmoran_deeplpf
192,92c4d826780294a5079aa748661d89abce34a2d2,sjmoran_deeplpf
193,9404949f046a53b87a04ecc17583d0fa01951176,sjmoran_deeplpf
194,94292a38c216669785bb5b40f4ba1541729cd62e,sjmoran_deeplpf
195,9431413c66df6ebdd421b5b00944d6f8a4590498,sjmoran_deeplpf
196,944e9bfac7ecf7b20b53f1142bf57bf0d2c6bfaf,sjmoran_deeplpf
197,95150788efae828608394783f896a93d7be22d5e,sjmoran_deeplpf
198,9551718d6e3568ed9f91611907a3a992bc882eaf,sjmoran_deeplpf
199,956c359390fa67e52d3f444043c4a5c8cde54cb4,sjmoran_deeplpf
200,95acbdcc4d7b5f4961b264a791f3a0d081e31e13,sjmoran_deeplpf
201,96a1b349ba878b4fb20e4cfe6d5e7adfd5454424,sjmoran_deeplpf
202,99fdcddd5ef4fed000c6ab27ab18c7b9aca8d2e1,sjmoran_deeplpf
203,9bc783de59587de0331c6229e7062bea40fd9dc8,sjmoran_deeplpf
204,9d99b2dd508764d705906111f07807654d0867f8,sjmoran_deeplpf
205,9db2772b1b834b15f62f7effc7ea76221ddeb26a,sjmoran_deeplpf
206,9e0a7e1fbd57aa96fe2fd4de163231384a00682e,sjmoran_deeplpf
207,9e7f3317d705913eabcb384cb5befa9df1100e2d,sjmoran_deeplpf
208,9f015a72d9a7041f13cf1bca02dbaeafacc1552f,sjmoran_deeplpf
209,9f89d32f6e3e1df5a2875e09e9aea6c4678074fe,sjmoran_deeplpf
210,9fa8e144e9f7ea2a59979b9c5541f1e919073e34,sjmoran_deeplpf
211,a04eac64c8f07ea3bfe2adcab7cc7e23ef01572d,sjmoran_deeplpf
212,a0f6da3b68efe2916acf223d845f31e8cb79e279,sjmoran_deeplpf
213,a115ddf22db1e63539cc7cabf82c2bab99706298,sjmoran_deeplpf
214,a1f98969249067e89137b06fe82c71d44485cd4f,sjmoran_deeplpf
215,a32cdfbd64fbca0379372f5e2e4b19dc22e9989f,sjmoran_deeplpf
216,a44e17c74a08ab0604e58aed9784a90d683d1317,sjmoran_deeplpf
217,a509d0c23420b07600254f451d2ed725ef0eebd0,sjmoran_deeplpf
218,a6077f72e6e229225ea2c6c7c4e7423ef9f19812,sjmoran_deeplpf
219,a60ab942637e25b45f382ff22c9de904ee340315,sjmoran_deeplpf
220,a7da8dddf7e304af71c9012524b720b99b8f84b3,sjmoran_deeplpf
221,a8891e783834f0b0e08eb2262265b524b845cc28,sjmoran_deeplpf
222,a9aef704ebd4728f7543c437e84f168162396ac1,sjmoran_deeplpf
223,a9cc84066195487987b350545cdca04560e69213,sjmoran_deeplpf
224,a9ffd31f99542b5de40d0cdd988908d041bf0e99,sjmoran_deeplpf
225,ab7196e00cc2270d0dd00d0ad9e0fe7caa2246cb,sjmoran_deeplpf
226,ac5db0e05878cb2df877d27e68048ef204ddc3ef,sjmoran_deeplpf
227,ac93abcc40421a7aaa1cd432f60e1f665ed12693,sjmoran_deeplpf
228,ae021ca6768d562ac43aac2ff06daf4fc2bcb84f,sjmoran_deeplpf
229,ae60911e55985056b04905b40250eee855cb8fdf,sjmoran_deeplpf
230,ae713a32b7d4ad8b958bd461154ef10476c50f84,sjmoran_deeplpf
231,ae80e54b27eb047a058df24b5b25fa0f6d5ee9b4,sjmoran_deeplpf
232,af3052f3a1db7c12a726f976379de272e90ea601,sjmoran_deeplpf
233,b0c28ba3871ab0010a54dead075725e974b30f7e,sjmoran_deeplpf
234,b3071bacb253ec8f80c91eac13ea90619fd15f5c,sjmoran_deeplpf
235,b41ee207841bf765097d9e8d4b75700fbbd68fbe,sjmoran_deeplpf
236,b49dbd989b11219cf333012377b01bb54cf028e4,sjmoran_deeplpf
237,b4cb303728b16c9e5eb3598c59c2304470bcc415,sjmoran_deeplpf
238,b5107513ef49c5ed3c22531a54fd06da0537ee81,sjmoran_deeplpf
239,b547e846fb7dd121f1a9c59edad758dbf0fe146f,sjmoran_deeplpf
240,b5ac30f25bc48bd4c177d92089479ccec7a8e32c,sjmoran_deeplpf
241,b614871bb72a6573cd45fc487f5ad2d5e7e6edda,sjmoran_deeplpf
242,b739e0e296453eaeaaf9997ab57a93678f7ecf4d,sjmoran_deeplpf
243,b7ebdaca779e1a20f50177483dd79ecff7c02ad7,sjmoran_deeplpf
244,b872f49dae43f1a419639418059f88ddcb1c8707,sjmoran_deeplpf
245,b8c1910b613a34592c20b4a1c67dc794a94e7c44,sjmoran_deeplpf
246,ba6ff9c0e45f30e3900a54125c5a232a753717f0,sjmoran_deeplpf
247,bb6fd7bd5e74178e78ae1a536eac8ebc63746e64,sjmoran_deeplpf
248,bc6129a73e80d621ae62d8dbbb7ecb111cf32b3a,sjmoran_deeplpf
249,bc8a55ee68405314cd4dd00ef301af1c730069c2,sjmoran_deeplpf
250,bdcde9c43d77e9e5a4361a0397f2bd3bb69beaa4,sjmoran_deeplpf
251,be3b5898e8179f84cc15dc04b49f03681a2d8d34,sjmoran_deeplpf
252,c01df01fe6d5ead16c57b69d3d4526505d82658c,sjmoran_deeplpf
253,c1054f92c9405b383cf6c6bcb85be18f8ddcf1e0,sjmoran_deeplpf
254,c345c4ac0c59ca17ff7eb70a61e15b49d367d525,sjmoran_deeplpf
255,c3c9fcdd20fcb9c59730c83d8a326b87a2d8fc7a,sjmoran_deeplpf
256,c4178772fa5487febddec1085511fca9d60db5d8,sjmoran_deeplpf
257,c46645adbc897ea6e773fed729b2d99d5bf59dcc,sjmoran_deeplpf
258,c508001ad81a2cb3c5301c3d6761b3de6867860f,sjmoran_deeplpf
259,c50fa517cbeb88ace1970b54da712e7872fbd95f,sjmoran_deeplpf
260,c75cea3d600136005ea1078db3fc663011c54d8b,sjmoran_deeplpf
261,c76c833e65f0bd99758af2f5663388b4bfe49dbd,sjmoran_deeplpf
262,c9deadce5d9f45970f274c3aead1e3db052a176a,sjmoran_deeplpf
263,c9f515a5f3d5cd80b85d080174681d2f0c16d054,sjmoran_deeplpf
264,cabedb31d1f39dbcc62a8c980794128207ad6605,sjmoran_deeplpf
265,caf80d907e63704d71ada3332507847a08d00d39,sjmoran_deeplpf
266,cb0f7ea9ab6b4f5e3b4cc41c209c4ea757b160f1,sjmoran_deeplpf
267,cb5fe00079430245b3516a8e3fac457f79a9a15e,sjmoran_deeplpf
268,cbd79d2e568d1b9a02bfefab49417d3b2e511e31,sjmoran_deeplpf
269,cca80a6185b9a01be1a2ee2e5b36100bf824ead4,sjmoran_deeplpf
270,cd8f1bf13cd025ea75133e3cce53b6b74541a455,sjmoran_deeplpf
271,ce50234e48595a7a134dd1b9019eceefd1d75a69,sjmoran_deeplpf
272,cee273f693af90f49643091e7ee0c15d09eb0502,sjmoran_deeplpf
273,d0a4c50dd25c58b21754a6e108f502bb0068cf44,sjmoran_deeplpf
274,d0d5320dedf2f2a4437e0a5cac9b8ab20b6c2099,sjmoran_deeplpf
275,d1a8db744178f3fc53d20b750817b0090e72e47a,sjmoran_deeplpf
276,d28487e2c08d05882c4b13c174655899bdf8bb82,sjmoran_deeplpf
277,d2cf902cb3df230d2eef88f463685204964ac200,sjmoran_deeplpf
278,d521d0c202d48725d5d39cd9440c0030715be7d7,sjmoran_deeplpf
279,d65b4515435f4ecd05bd586fb508d5b22597c24c,sjmoran_deeplpf
280,d72a5e92da5faab4090e53a349eb72c9e8fd5ce8,sjmoran_deeplpf
281,d72ed5d0b7770627e65ca2410bdbb1c9635f54a7,sjmoran_deeplpf
282,d73e1f39bd2ceea7a05824ba7eac4891a2fb4334,sjmoran_deeplpf
283,d7b5222a864582393960b6ecdfbe25e82e1d5dea,sjmoran_deeplpf
284,d8ce75f029645b65ecbfc1a16be0bc11e1a6c2a9,sjmoran_deeplpf
285,d903ff4e93702bbc19ccb13fc0c79b918b2d7951,sjmoran_deeplpf
286,d9201f075f9cbb9724f05a1963b1042331a12265,sjmoran_deeplpf
287,d955f18bec07a43d4d8d72e47df65fc8d934524c,sjmoran_deeplpf
288,d9da088ee0517755b5b7b8794596c6c4e5de155c,sjmoran_deeplpf
289,da15a64f4ac66bf8c67842a7dda74954f1393a54,sjmoran_deeplpf
290,da7035779135aa25ae2f8de38ac89473d3692d4b,sjmoran_deeplpf
291,daae66ab57f366785b072be7af085e9e118c7c15,sjmoran_deeplpf
292,dc9ec1e69de468dbed5a25de2fd30752c81d8f00,sjmoran_deeplpf
293,de58900e3efd51d8d65be62aab686b39d534f6bb,sjmoran_deeplpf
294,de8c0c36f41339a9d747ef057de0c7a6f68e184c,sjmoran_deeplpf
295,df573ceab1aeaa1108512b476295fc98ec66b5a1,sjmoran_deeplpf
296,df5b673b324d26224b7efbbc6d66f280dc2f7e9f,sjmoran_deeplpf
297,df8fa9086e5e275fae2e77469e733dd0ed758420,sjmoran_deeplpf
298,e042601fd801f7a62591638a4623a155dd4917bf,sjmoran_deeplpf
299,e10417813d0385c1c522be9ba1d71f8f3f4bb715,sjmoran_deeplpf
300,e209924f5308f7f2a3bd56be303ace33ef1662f2,sjmoran_deeplpf
301,e217104f3971d1661078ddba0f4257685636d77c,sjmoran_deeplpf
302,e281f4bceaa953e5c1dbbafcf065ff3817703db5,sjmoran_deeplpf
303,e2bc83819837dc0a22baef2f730690c9285ee5de,sjmoran_deeplpf
304,e2dd42bccee501372090adf85273904ed2089f55,sjmoran_deeplpf
305,e3bfcd987334c2889ac4949f148bfd358becbedb,sjmoran_deeplpf
306,e535119e74b1fb3858ff7c8495b65e558fefc1f6,sjmoran_deeplpf
307,e59505cb77617d38413c73fa3751fbe8f9a14f2c,sjmoran_deeplpf
308,e67293f8facab602c7851e2ec48582c3f11e5b4b,sjmoran_deeplpf
309,e6d160eed2a5f72c89e690bc81f1a59f09873085,sjmoran_deeplpf
310,e705fef125d0d4d4c6c5c4190db5778c253a5823,sjmoran_deeplpf
311,e7075844364b1fbda5b9731aa6bce84853a63792,sjmoran_deeplpf
312,e8fad24bcf286e509a05a25a38898a26d45338c6,sjmoran_deeplpf
313,e94242f2bb33a5780b00e30f320ccba630ac75b7,sjmoran_deeplpf
314,eaab50fbed6a19fa452a98c12f50e7728bf1fa4c,sjmoran_deeplpf
315,ead2ed1ec11224679b51fb72395281f5a2cb69d0,sjmoran_deeplpf
316,eaea4154889d3ac94f727911bea448c717d183ad,sjmoran_deeplpf
317,eafbb8a84808db64f14e65f297e527fd9a7e8620,sjmoran_deeplpf
318,eb0f2f05f54069ccdef1bb7ce8149768f1ab8f61,sjmoran_deeplpf
319,eca7e717da0bd91a4e512bf7261f746c9c8577e4,sjmoran_deeplpf
320,ed262ed83aeefcf8eb8b3290c96708d2a222da72,sjmoran_deeplpf
321,ed9e0d64ad88f29058fd279a917edfb2460ffa83,sjmoran_deeplpf
322,ee1ff1aa11a16fa8e06a652096449d3f1ee7bd82,sjmoran_deeplpf
323,ef100d4a5c364b11d5ff98c2a2aef4e0a0764714,sjmoran_deeplpf
324,f02b5494d2e9b789b436e70e552ecdec0e28dc4e,sjmoran_deeplpf
325,f0a5648f86995d2e976a3c0e93c8a70ff1b4c20f,sjmoran_deeplpf
326,f0d8bbbfc5dba526308dcc2ea290dfdb4f8e043e,sjmoran_deeplpf
327,f188d4b434a8672a72df4979eaa145b3beca4997,sjmoran_deeplpf
328,f26b90053e7ac4756ec24dbbffa3ad413ab2dfac,sjmoran_deeplpf
329,f348d647e06fa34415c8de059c60830cbd7367ea,sjmoran_deeplpf
330,f3fced6423f098fcedcfa571500767690832c763,sjmoran_deeplpf
331,f53a678492bafcac905e3316c1a06c25bac71c49,sjmoran_deeplpf
332,f5619b2c145a0d66b97a0f3227f7a0a74e818757,sjmoran_deeplpf
333,f6e466b3f6f7b571e884c88fe85575e4fb21ae22,sjmoran_deeplpf
334,f6e57bb867bafdee1ddcbea77d1562421caf4eab,sjmoran_deeplpf
335,f7aaf85c9a9b9e142531b5ee29cdb0d4ee8abe28,sjmoran_deeplpf
336,f839532e7632c89dd8ca79839d3071ab7c651e6a,sjmoran_deeplpf
337,f8b20f0a102c549f716748a3d5e353c48a24d768,sjmoran_deeplpf
338,f8ec2f0111285ca4658a618209345d300bef5bdc,sjmoran_deeplpf
339,f9dc11062d33bebf023c0dcf31feb8ce9e1d0bf8,sjmoran_deeplpf
340,fa2bf2308b22bd8d950ab6c130643b1b7d30362b,sjmoran_deeplpf
341,fae0aba428aa709de76359e09a85cf09861ed3c9,sjmoran_deeplpf
342,fb71c282dab79a6a45175ce02a8551156201836d,sjmoran_deeplpf
343,fbc9c95ee3c03f57ed502360274ca346066fe756,sjmoran_deeplpf
344,fc339bc7177aad138cdd7b3378056b97e6b5afc9,sjmoran_deeplpf
345,ff2a4a6ac30a247f10c5ee2ebb96d1982725570b,sjmoran_deeplpf
346,ff2d58f340e167fc92b6b4015191c8f58015cfa5,sjmoran_deeplpf
347,ff8c04db5da40e6c58f8ff42417ab57d28605d85,sjmoran_deeplpf
0,000513898de5ae5cd4b00fde43efccf39f9a11b5,pangeo-forge_pangeo-forge
1,000f89273d83872bed992afc0e39ebdf458dcc5e,pangeo-forge_pangeo-forge
2,0014e17a3f7f027ee8281053f9d8d6ed8e45ab7b,pangeo-forge_pangeo-forge
3,002600ff67c6838a2c49be55fa508d7cf77ba662,pangeo-forge_pangeo-forge
4,002670100385b5c715fe46d03a6eb61c208dd293,pangeo-forge_pangeo-forge
5,002aa837bbb440f6fe09d1346ebb2957aee68cca,pangeo-forge_pangeo-forge
6,00306b38addaafa475c9f932c8eec58d4ffa047a,pangeo-forge_pangeo-forge
7,0033c1ca1a6c8b6df15f4ccfab9ee575d517726a,pangeo-forge_pangeo-forge
8,0044348f08504f6b73440480d6577059a4639a2d,pangeo-forge_pangeo-forge
9,00584b5f43432126ea19d83c93503606bfd0d696,pangeo-forge_pangeo-forge
10,00a57ca402cca5ff32eda28eb1ec02a4156aeac4,pangeo-forge_pangeo-forge
11,00aa3940e36b81646cd1371f2ce4d5f4a43611d0,pangeo-forge_pangeo-forge
12,00b4625933289051ad94f3fd334989c51d001f3e,pangeo-forge_pangeo-forge
13,00c1e130a967a057aab3801fcf098cc6521b1a88,pangeo-forge_pangeo-forge
14,0113ea7138e300c6ac8fa31d90ccfbd7843839cd,pangeo-forge_pangeo-forge
15,014df559b05c18cb23ccb337055cd22d60af60c9,pangeo-forge_pangeo-forge
16,01683ff902003f5c35da53340fa8a7359e214eae,pangeo-forge_pangeo-forge
17,017f2073805e45d538220ac30704a37f56b1bf47,pangeo-forge_pangeo-forge
18,01849cd968f39d528f80998869eafeb65217882a,pangeo-forge_pangeo-forge
19,01859c47d167cc50ae9111782af2e1b32abcd84b,pangeo-forge_pangeo-forge
20,019d4f722faad74c87f410dd50bc7b6f82e2d326,pangeo-forge_pangeo-forge
21,01b717bbe44a5335804cf902490696a2cd6508b1,pangeo-forge_pangeo-forge
22,01b8c0572a268edc66d28ed51161892c884494cf,pangeo-forge_pangeo-forge
23,01dbba3281958ebf0b1fc67b94c2f0fe42b9036f,pangeo-forge_pangeo-forge
24,02092947fc4a4ed49638239b0709b762bc0f3539,pangeo-forge_pangeo-forge
25,020bc9920f47a0b5e27120366d5aeb21f9d312c6,pangeo-forge_pangeo-forge
26,023c2f4a830bb7eb3f4843bfe42a5e13595b9ded,pangeo-forge_pangeo-forge
27,0252a0f59f6e5720cc7180b5ff50683334f608db,pangeo-forge_pangeo-forge
28,0252bcd8ea249c5a64db55e81bfb66b793fd751c,pangeo-forge_pangeo-forge
29,025488b477173de754ad9d48c45278c923992e55,pangeo-forge_pangeo-forge
30,025a57acad2448d880355ccd6e3da8f04797a521,pangeo-forge_pangeo-forge
31,0279ee8aa02e0bd3cf847c422a2eebc538956464,pangeo-forge_pangeo-forge
32,027aca321ecc1ac8dc9111926c18ff1bbc9eb839,pangeo-forge_pangeo-forge
33,028aec60657121e5931b1951fa22b6424e9e00ee,pangeo-forge_pangeo-forge
34,02b33d6bcd2a19b2cd62c7c89736dfc25a53fcc4,pangeo-forge_pangeo-forge
35,02d34870bbf657f42e31f070545a670c9cf46ee5,pangeo-forge_pangeo-forge
36,02d65efdbfb9f33ee227c361f4cdac2bc4cd45c6,pangeo-forge_pangeo-forge
37,02d6e3c5ef5b57c029762e81990f97fa4787ada3,pangeo-forge_pangeo-forge
38,02dd4f5e179b5883c6cebe677ad5e54f3c47db51,pangeo-forge_pangeo-forge
39,02ef10547459e8608de7b12d8f28abc4e98ec1c3,pangeo-forge_pangeo-forge
40,030087742d396642f163825372bc450d5c9c4d6b,pangeo-forge_pangeo-forge
41,0311139c68ba950df74139269640378a497a9aae,pangeo-forge_pangeo-forge
42,032706ac023dd49b377615dfdf199737c859f397,pangeo-forge_pangeo-forge
43,03372f6ce1db89a2507f55c6f0913e4e670c0e92,pangeo-forge_pangeo-forge
44,0352ca0a5c078288444d757167a1c5e9424e1039,pangeo-forge_pangeo-forge
45,036539e39936d9b003076b7f70967cf25932d5c7,pangeo-forge_pangeo-forge
46,0366df1547b1d43719a6efafb7699deb27e538c4,pangeo-forge_pangeo-forge
47,037ab7f80496fad06e591aaf59a35adb8cf3fc5b,pangeo-forge_pangeo-forge
48,037d97e496e55224b32cd0969b67bf23d77728e3,pangeo-forge_pangeo-forge
49,038bf497ec4d06d5bbcc7b94610af47dcb2d186c,pangeo-forge_pangeo-forge
50,03de7fd40793626022a4f3f3002572c84b69c8c0,pangeo-forge_pangeo-forge
51,03defbde462c9cf137339336d5b0a1c146cd0fd6,pangeo-forge_pangeo-forge
52,0404c64832994dc821009cff656cd01b343c889c,pangeo-forge_pangeo-forge
53,0413651e86485f8587d7e581ebd03e3e9d07e5e1,pangeo-forge_pangeo-forge
54,041a6263c0737d3ea889e31fb7004c1f09dc1353,pangeo-forge_pangeo-forge
55,0452ee8e134c4589ff89469022cc6fa288a10ab5,pangeo-forge_pangeo-forge
56,04627e3fefa53935c96e38a2a9dcb5fbfd1ffb3f,pangeo-forge_pangeo-forge
57,046b450e843977bc238c318de406c5973565b1e2,pangeo-forge_pangeo-forge
58,049e692cde62ddfb4cde1dcf5261f615806f76f3,pangeo-forge_pangeo-forge
59,04d316c8d45b8d46d680580b97dc454e75393b48,pangeo-forge_pangeo-forge
60,04ec7c35051da16714285e2c977ed942b58c9792,pangeo-forge_pangeo-forge
61,050247935aadcedf93053f91400d149494f85d16,pangeo-forge_pangeo-forge
62,050429854c8c71a085943d68418b742c376084d1,pangeo-forge_pangeo-forge
63,05074551177e2006bbdd476369bf2ae1e005c96c,pangeo-forge_pangeo-forge
64,050cabe07433b94804f7f72b119e37e198943078,pangeo-forge_pangeo-forge
65,055dbf12e6554583e296d754b4a93ac246983846,pangeo-forge_pangeo-forge
66,05621e89d6c74090a90be3aa13d6b252fa4866e9,pangeo-forge_pangeo-forge
67,0565ff5243cd4a9b6e50d63cc00a67d2f4c6374b,pangeo-forge_pangeo-forge
68,056b6a2fd868fd26b2a59d15f4d57e166e0e1da6,pangeo-forge_pangeo-forge
69,0593cb68936937954a7c9690c2c887b8ba67d357,pangeo-forge_pangeo-forge
70,059b171c31bcae0a2d951da2239f4706c16d5668,pangeo-forge_pangeo-forge
71,05b434ffd41b0311247b384c20613e007445e130,pangeo-forge_pangeo-forge
72,05e99e74bdf0f58613304837179e7b6417f04f9e,pangeo-forge_pangeo-forge
73,05f1a388fb5716a4ad62473e2356c57e65a60a73,pangeo-forge_pangeo-forge
74,05f3a1f4332c5365249a43e9f6147a96ebfbefe2,pangeo-forge_pangeo-forge
75,06056998090200eac7332c4eda33fe8d0af60870,pangeo-forge_pangeo-forge
76,060eafc464f36a9fbd620088857f1a00f0446159,pangeo-forge_pangeo-forge
77,0630834071d896b1c23e23dd3856ed8bc6bf68f9,pangeo-forge_pangeo-forge
78,063791bba49f977214d8d85f4675d1b1c5c8ccbf,pangeo-forge_pangeo-forge
79,063c0d68a0accc043c350ad4509a750f59453e25,pangeo-forge_pangeo-forge
80,064b4584b6e5d09fbf32062002b24f70e4a43097,pangeo-forge_pangeo-forge
81,06762b635ecc4ba99ae20f5eee1989db93257edd,pangeo-forge_pangeo-forge
82,0677c6720f728138a0b220c7447bb7426d321562,pangeo-forge_pangeo-forge
83,067e421f1e21158185f9651ca6eec73c75549e4b,pangeo-forge_pangeo-forge
84,068785c2fbcdbc6a39742d8ad53c7ffe88efa519,pangeo-forge_pangeo-forge
85,06a1c21b2568e76a53570d3a058df8de033f32cb,pangeo-forge_pangeo-forge
86,06cd910ab0e7e387f953c8e9d791f5cfc0bdc6ee,pangeo-forge_pangeo-forge
87,06e475cc5fcaec119fc44b515c9b5755eecb2dec,pangeo-forge_pangeo-forge
88,06f41a615a9e05262fcd8cf82b5dfe97bca77bfe,pangeo-forge_pangeo-forge
89,06fc45eb670d86d4706a638a02ec80f7011070f6,pangeo-forge_pangeo-forge
90,0712c3ef629fa350c43b914b9c1ed5383daf4f53,pangeo-forge_pangeo-forge
91,07262eba7aa90942fbe5bc6b91c798a3592a3617,pangeo-forge_pangeo-forge
92,074d5c785daab5025e655e773aa4f0c0a10045d7,pangeo-forge_pangeo-forge
93,07506ae78d7c2a44be61d628c2c13f02134f8b82,pangeo-forge_pangeo-forge
94,076ed1645924865432730e63ea66665c197c9475,pangeo-forge_pangeo-forge
95,07aceaf57aedb8bf62590bcdcca7f3b4a1eefa97,pangeo-forge_pangeo-forge
96,07d74658dc6ed3385b91e41649fc1527e1723bdc,pangeo-forge_pangeo-forge
97,07da347c4c36fe6475a8bee694885cd9956a20ee,pangeo-forge_pangeo-forge
98,07edf497712a714a2b50071c9eee8bfa6c75e3e7,pangeo-forge_pangeo-forge
99,07ee5e97ad037e65bec62e48168651b0916764ed,pangeo-forge_pangeo-forge
100,07fed06ef6cf181f9f746875ec8a59fa8d3875ce,pangeo-forge_pangeo-forge
101,08120ce203036a0d134ea9a79e8295331a96df92,pangeo-forge_pangeo-forge
102,0818699c8e1d4ba3bf9a182c06431d3e443d60af,pangeo-forge_pangeo-forge
103,082979b171945432a653afced65341380a841e38,pangeo-forge_pangeo-forge
104,082b5f8ebfbeae8d0ba308971bce6505b4a19e89,pangeo-forge_pangeo-forge
105,08332bf46887834e17ab8ad783ce509582537af4,pangeo-forge_pangeo-forge
106,08364b5aad7762fde7773d1c2b6d0ff947abde62,pangeo-forge_pangeo-forge
107,085d421c1a4028bfbbccb6fc272d1b3d1b47eebb,pangeo-forge_pangeo-forge
108,086275ae7a7f67c83058ca27fcad6a5c88e8b26f,pangeo-forge_pangeo-forge
109,089dc7a8c5de55abba8230d64eaa3718fdc8171f,pangeo-forge_pangeo-forge
110,08b8f1a276d0f156db8f352d7f3a3dc277fdd6ba,pangeo-forge_pangeo-forge
111,08bbf00998042fc88abb9a5b60571564c87c38be,pangeo-forge_pangeo-forge
112,08c0cbc2dce16fa94a1bc01b227b616b389fc01b,pangeo-forge_pangeo-forge
113,08c711f9a6c432f34c8c3a2805fb24334ec91e8c,pangeo-forge_pangeo-forge
114,08e0136b0e1fe69a46c12e0bd2284c6b0159894a,pangeo-forge_pangeo-forge
115,08e4ae1cb69916b132a5be11b9682f7861f6870c,pangeo-forge_pangeo-forge
116,091725e4b4473a8bfa049e94f81fb03f47e248f0,pangeo-forge_pangeo-forge
117,092e45078c1c36a22cbc320a78b2aa56d751149a,pangeo-forge_pangeo-forge
118,09399bbf0f0c994ab1b1cf4acaca06272d2943b2,pangeo-forge_pangeo-forge
119,094cc917083b7b2248e32a41beea05f976ad465c,pangeo-forge_pangeo-forge
120,09bf437b24992310ccda2309cc965b4e46e38ce9,pangeo-forge_pangeo-forge
121,09c0718ed2d1c6aedb639906bfb97a31516b202a,pangeo-forge_pangeo-forge
122,09c07fc85f4575ace68df5eb76e54d156c0d1602,pangeo-forge_pangeo-forge
123,09d96fbdefe790edc42e14d55f592a3e0231db84,pangeo-forge_pangeo-forge
124,09ddfd7fd9abc54ef209dab9349d20d6fa7eeef2,pangeo-forge_pangeo-forge
125,09ed6463e32ab44091ade00a5b69bd76b8f7a58d,pangeo-forge_pangeo-forge
126,0a0e7ff1a6b190d32d7823ea5b65f6e9a710c278,pangeo-forge_pangeo-forge
127,0a15ccfeb2fbcf14ac569e4dac86a9b99329073a,pangeo-forge_pangeo-forge
128,0a40dc3f90593ffa28a0beee74febfd1e5e274fe,pangeo-forge_pangeo-forge
129,0a43a0381a87deb5617006e4ce6f4f5e38b9cddf,pangeo-forge_pangeo-forge
130,0a4a47d965d8fd0d2c97e6d655fba6b517da9ae0,pangeo-forge_pangeo-forge
131,0a5d8443bd260dfd60cc6d8a1a1854ee640af988,pangeo-forge_pangeo-forge
132,0a8a6a51efe1dbe162fee97a94fff8dc2f89aa03,pangeo-forge_pangeo-forge
133,0aa1ab57f05b06b6bf2ea627b350d38e165928dc,pangeo-forge_pangeo-forge
134,0abcaa2438f7ba5966cc49a55f72470d551bec70,pangeo-forge_pangeo-forge
135,0ac456eb07c56529fc023d816eb382cb59fc65a8,pangeo-forge_pangeo-forge
136,0ac930a6881b63ecb190748ec287c4464712adb5,pangeo-forge_pangeo-forge
137,0ad565e1bd751ad33ebdc247fd69644c33f35e54,pangeo-forge_pangeo-forge
138,0ad8f62b0fe485b63e00c0ec73703e314981c4fc,pangeo-forge_pangeo-forge
139,0b2737d1c29659b81cace6b7d5dfa375407e1685,pangeo-forge_pangeo-forge
140,0b2e16b1dd2469e8659e988324021a92b30e3d88,pangeo-forge_pangeo-forge
141,0b5f659c8610982d6fac8f994f0989d11bb173a2,pangeo-forge_pangeo-forge
142,0b79e42f67479ba9c854847cc11223487fa3d148,pangeo-forge_pangeo-forge
143,0b7c3832c1740ab37807503a0658974e71f34878,pangeo-forge_pangeo-forge
144,0b8c19f5e7caad3893b979caf64aa3118384ea50,pangeo-forge_pangeo-forge
145,0b90e2ded3edf63e4c111b1aaf17406217b72945,pangeo-forge_pangeo-forge
146,0ba0fd53a368f0272b209546f1f2e7e52baf4920,pangeo-forge_pangeo-forge
147,0bb1443a975dd382e258cd1f90ae8f4ccfa53931,pangeo-forge_pangeo-forge
148,0bc77bb6c5a46af52c53bde9e7b30eb3e69861fd,pangeo-forge_pangeo-forge
149,0bd4755a83ab38040dcba65e6435d63245adb25f,pangeo-forge_pangeo-forge
150,0bf0d54aae707db44816671545187c7b235f5db7,pangeo-forge_pangeo-forge
151,0bfa2b6e83b1859804871c958696e2c9616f7e8b,pangeo-forge_pangeo-forge
152,0c0819ec23394a2407726ff4bfb373e4fd948257,pangeo-forge_pangeo-forge
153,0c12f4a6f2cb3c85607b736c3f88f2f6b467c977,pangeo-forge_pangeo-forge
154,0c1315449580f45e8d7661c840dad06ada205033,pangeo-forge_pangeo-forge
155,0c31ced0f099b41fc000b275bb65a434eb36c57a,pangeo-forge_pangeo-forge
156,0c50860e602a4f94a76a2669025e03651918c038,pangeo-forge_pangeo-forge
157,0c55633fab63c482c2647858624ec7256a429167,pangeo-forge_pangeo-forge
158,0c7d005c04cb7c36f58e0a418d5cb73c2bf0e226,pangeo-forge_pangeo-forge
159,0c9681fb4f2ed74725adb81644545dbd0ee456ae,pangeo-forge_pangeo-forge
160,0ca177608552b1704b3336ac57c747dcf3050299,pangeo-forge_pangeo-forge
161,0ca6902b7943f8f429da6de4e3f4204fd923f234,pangeo-forge_pangeo-forge
162,0cb511adf5f3fb40b5840e27d0e833f464278794,pangeo-forge_pangeo-forge
163,0cc0b0dbe7283a16fd1a603cc1aaad40faface61,pangeo-forge_pangeo-forge
164,0cc9797ae8de756a4b7dbde2908cbbf1d39df7f0,pangeo-forge_pangeo-forge
165,0cdf838adf6f48ffddd30de3278a243c67daed41,pangeo-forge_pangeo-forge
166,0cdf8ebf1706c7779d8a74e5377730a4bdb0566e,pangeo-forge_pangeo-forge
167,0cfd171a910fde9912440bd134e30822c72aee31,pangeo-forge_pangeo-forge
168,0d161bd34a3271235d34a27d3df45ca683e9cf69,pangeo-forge_pangeo-forge
169,0d199af56b14ed675d19dcd55d3d275f5a44427d,pangeo-forge_pangeo-forge
170,0d328ee76dac91953d27cfaa71a1c49ad4410015,pangeo-forge_pangeo-forge
171,0d5f97ad42601b5a565fc567108f58dcc520fb0b,pangeo-forge_pangeo-forge
172,0d75cd2981c1656cf273840ed2a8b66e1127e8fc,pangeo-forge_pangeo-forge
173,0d8694a4908df4d3b99f416709311db68aa71285,pangeo-forge_pangeo-forge
174,0d8a9c52e9c649c243cd533f14d21ca9bb03b996,pangeo-forge_pangeo-forge
175,0dae92453d9bd62996c36dd8e4b92d94be266e13,pangeo-forge_pangeo-forge
176,0df4683ebbe9377fe2516c87699e097dc6ea26c1,pangeo-forge_pangeo-forge
177,0e1161779fd1e706376a62f51257d2b307ca9a5e,pangeo-forge_pangeo-forge
178,0e150cb6a5c1291799c7588f69ca209cb1b7b6e9,pangeo-forge_pangeo-forge
179,0e16f15155db31dd13e448c6620e872b158be4b1,pangeo-forge_pangeo-forge
180,0e380ae1446bcd4e7bead4577961921574671a1d,pangeo-forge_pangeo-forge
181,0e598783d157ce4ef21baf5f46d99511402d9639,pangeo-forge_pangeo-forge
182,0e64d76cae2c00a2817d165ac48afd6429972172,pangeo-forge_pangeo-forge
183,0e707ff2bc7ece4a6e21f8a6986f89a5091dc4f3,pangeo-forge_pangeo-forge
184,0e856567d6c08fa34f7760da9c79112039d9df43,pangeo-forge_pangeo-forge
185,0e894006613906a6792519eacb7b9e173637a834,pangeo-forge_pangeo-forge
186,0e9cd36a2ae959387d1dfa69d24b8e1a8a6450de,pangeo-forge_pangeo-forge
187,0ebd0e9c77ec17ddded158619563e21431b9be1e,pangeo-forge_pangeo-forge
188,0ed0db69c29c497a7280950fb9f12da6f8174fad,pangeo-forge_pangeo-forge
189,0edc37a11aecf8649cc1c52a156288e31cc5f22d,pangeo-forge_pangeo-forge
190,0ee05c2e689ee2a5a652c61b61028c296d08991a,pangeo-forge_pangeo-forge
191,0ee506950c5fc89d530c60e74694a2532393fcda,pangeo-forge_pangeo-forge
192,0ee97ff89d9cf97908ee2590fb236bb8e33c8b1d,pangeo-forge_pangeo-forge
193,0ef13db82745405e66c4e59ce01929c7c653bfd1,pangeo-forge_pangeo-forge
194,0f2046886c54bb6e4d41b808cb963ff0946578d4,pangeo-forge_pangeo-forge
195,0f24c1c77cb15198668fed0147b5f70f5128bc3c,pangeo-forge_pangeo-forge
196,0f311415f0802121ec2a85c66c015bcfcc7df99f,pangeo-forge_pangeo-forge
197,0f3a9304ab1db13a7c8916f7df30f13bc65c43a9,pangeo-forge_pangeo-forge
198,0f535a3952108af5be76482070d649ecee11283a,pangeo-forge_pangeo-forge
199,0f649ec684b2e78351bff893fbd4f5244ad3e080,pangeo-forge_pangeo-forge
200,0f7f0aa049f7d34c63ad45cdb41d704ca336dba6,pangeo-forge_pangeo-forge
201,0f88c2dfd08b63707a82e8d173db6b2e5c522e62,pangeo-forge_pangeo-forge
202,0f8f22128e347071dfb53037bd1536d18deebf52,pangeo-forge_pangeo-forge
203,0f9ce09ba793a8845ff31eb4ee5be441269818a2,pangeo-forge_pangeo-forge
204,0f9d09e031b11438585fcae01be970ae4546b085,pangeo-forge_pangeo-forge
205,0fa2b0af2b2f9519d98ca2971348bca59924cb55,pangeo-forge_pangeo-forge
206,0fa41ee1390616f6d2889712b1646b70b62f6084,pangeo-forge_pangeo-forge
207,0fbb5927b06a654d7aa5a79cac81382e236a2099,pangeo-forge_pangeo-forge
208,0fde948128bef631bd4e07d0da3a85ab381262df,pangeo-forge_pangeo-forge
209,101356095be8b20e7c11c5add027d56340fba625,pangeo-forge_pangeo-forge
210,101d6a8b4b201309fc33e33ca9ecda509831bf81,pangeo-forge_pangeo-forge
211,1029bd7233f21e0f0586ecae23a3641dcbd8fd69,pangeo-forge_pangeo-forge
212,1037866afe770d726b2f78d10a5187ccd57bf3d6,pangeo-forge_pangeo-forge
213,103d89bb2ca271f863007ed5d5645f5e5e6ee088,pangeo-forge_pangeo-forge
214,105263b385ee4da40c7e8bc2e4da9049513db077,pangeo-forge_pangeo-forge
215,10527e69087c3eda5bff0fa8abc65d969f16d1ae,pangeo-forge_pangeo-forge
216,1059e11392fadc731d914cdbd40f7e86060877b3,pangeo-forge_pangeo-forge
217,107eee54b0ce02fab36248b31fef4c49ddcaecf7,pangeo-forge_pangeo-forge
218,1095095ebee35e537ab8704fcf85483af12c5401,pangeo-forge_pangeo-forge
219,10cccb9d55e51c335d15daf088cded4ec194803a,pangeo-forge_pangeo-forge
220,10e8d1539facbed55dd7763e8b971efc453bb6b6,pangeo-forge_pangeo-forge
221,111d2b9c08da8933c2c45753eab7aa1399e99a98,pangeo-forge_pangeo-forge
222,113ea2614cc65980d0036e4ed571effb84b401f7,pangeo-forge_pangeo-forge
223,1148ed8f70fe253ee5362da9a54781081837455a,pangeo-forge_pangeo-forge
224,1161c9e838964d7f05f4407864c5b217739a53f3,pangeo-forge_pangeo-forge
225,116279c56da985e5ad4c0900feb48f84d63d3fa6,pangeo-forge_pangeo-forge
226,116c46957f8b64b8b47188d892971a7e3d7908c1,pangeo-forge_pangeo-forge
227,116cac7e93b33916a17607ba3abc7f770f91518c,pangeo-forge_pangeo-forge
228,1173dd596062865932546cea062412a3a180faba,pangeo-forge_pangeo-forge
229,1175af4ccb5fd90723aef376e3243df3c7e50765,pangeo-forge_pangeo-forge
230,1176c979a10c42dd19b595a783e95a4f35791981,pangeo-forge_pangeo-forge
231,11807444e40438ef68730722252074af943741bc,pangeo-forge_pangeo-forge
232,118503737c3df443c0407c3a749a8d9b37bb7dde,pangeo-forge_pangeo-forge
233,119a052a5f9bb947bbd4b68ef23b1a0836a14e9d,pangeo-forge_pangeo-forge
234,119dab6e8f5a7f677876bd61a8b93f5c1471c6b0,pangeo-forge_pangeo-forge
235,11de660bb9a3b18cacd7df61034a73cc0371071e,pangeo-forge_pangeo-forge
236,11f84993a8301ea895290243ac7e844e1ebe8fed,pangeo-forge_pangeo-forge
237,121b0002f1ee31f73fde9b8ed42cebd12a3e856e,pangeo-forge_pangeo-forge
238,1236adab6a5def2ae1a283ed3729adca1d3c7c1e,pangeo-forge_pangeo-forge
239,1236e3306557a3c97dd6edd1cc51a8b4ac187e42,pangeo-forge_pangeo-forge
240,126168c3aaa35ea161033656fcbc26d75bc62e47,pangeo-forge_pangeo-forge
241,129ebe55b058657b56cd8adeaf334ff4b29ec4e2,pangeo-forge_pangeo-forge
242,12c734cc89b0712983d6ba19e2299db52a38753f,pangeo-forge_pangeo-forge
243,12f963bcb99191c54504eaf3e4becb7cadc805e8,pangeo-forge_pangeo-forge
244,12fa8c254fb8b08d868991fff5e66d0b0b27fea5,pangeo-forge_pangeo-forge
245,1311ef92ed2265287c9f847ac025cf48a61bf586,pangeo-forge_pangeo-forge
246,13193db5c648834c1a115629b4fcb7bba8215ac9,pangeo-forge_pangeo-forge
247,1329f6393c5c3ea7121ac03f37835fc64391b15a,pangeo-forge_pangeo-forge
248,13320e49a053aaf1ea042e289de1eba51df435a2,pangeo-forge_pangeo-forge
249,134db88702df6c6570753c567b1b002a5749776b,pangeo-forge_pangeo-forge
250,13604af7e1682631634b7248b811ce570882cbe4,pangeo-forge_pangeo-forge
251,1381102062aa663612157bd99908b5e90ea112d5,pangeo-forge_pangeo-forge
252,1382f1b44edaf764538c49554d86ae2530801807,pangeo-forge_pangeo-forge
253,138b721b4334357eb15d7266ae315d2da076964e,pangeo-forge_pangeo-forge
254,139f1af4490f8bccbf630ccd84635ac2436e5768,pangeo-forge_pangeo-forge
255,13c284b0886cd61046ad8b4c1e62abaa15e24121,pangeo-forge_pangeo-forge
256,13d3ab0da729439042e973632882c0c06331d0cd,pangeo-forge_pangeo-forge
257,13e6473c1957a9da718cc8ad80ac6d3eee29197e,pangeo-forge_pangeo-forge
258,13fdaecbf056d13eed3553f8314ab5b945680580,pangeo-forge_pangeo-forge
259,13fdbc9edf5d31ea7d934f09db095a9a26294299,pangeo-forge_pangeo-forge
260,1400002e3e74f83ce9d45a704ddf53e8dbd16763,pangeo-forge_pangeo-forge
261,141ef3b724446e8e9e45549214d87bee917e6fff,pangeo-forge_pangeo-forge
262,143e69df96ced8cc764b2a71fae0db8a975136cf,pangeo-forge_pangeo-forge
263,144bafcf8689d73628873d9ff4dbc359533ef7f9,pangeo-forge_pangeo-forge
264,147cd20161029bcd648b6acd103a9a68dc1e4381,pangeo-forge_pangeo-forge
265,149108cd2e04c7e6f415c56830fa51b00977d282,pangeo-forge_pangeo-forge
266,14a39b65e3e5f11cf8405c9b24fdd65c2b457af3,pangeo-forge_pangeo-forge
267,14af17e6e986490501ba21117ac1159b33e2ee25,pangeo-forge_pangeo-forge
268,14e4fa2ee92b970d1ed8557a0724cff33a6aafcb,pangeo-forge_pangeo-forge
269,152490ff9bc8d5c6c77fc33bfee9c1ac13c1337f,pangeo-forge_pangeo-forge
270,15382b916d2c5f91c755668959f25ed323573769,pangeo-forge_pangeo-forge
271,154fa6a610c1fd33e1bad779a301c3409c2f7ca5,pangeo-forge_pangeo-forge
272,1568130db7238bfdf8518a6aee154f7b46a8dc7d,pangeo-forge_pangeo-forge
273,156c39b24b090fbe6aa8b174dbe2be7d63e83b10,pangeo-forge_pangeo-forge
274,15848df34ac543658b55606be53fce286bfca481,pangeo-forge_pangeo-forge
275,159c7cc07e81f97ca55ec2582164a92a0b417b50,pangeo-forge_pangeo-forge
276,15c96c1c55464e3489a64db1835d7f0a44f2c151,pangeo-forge_pangeo-forge
277,15e240d2d19967534510ae9a3448965954f86b8f,pangeo-forge_pangeo-forge
278,160e3e9a0291f63a3a55f1822fb09ba34fb635b6,pangeo-forge_pangeo-forge
279,1627bbf12db9f6371937c2514d6dfc9a7386a4ae,pangeo-forge_pangeo-forge
280,162be8bd49ee404df40835ca7e77594741862b8a,pangeo-forge_pangeo-forge
281,16448dcfd47d8255ba0e6859fb586683747afede,pangeo-forge_pangeo-forge
282,1656da34158a6941a9b9fde4b53dccca4de6b3ce,pangeo-forge_pangeo-forge
283,16e67905cb98155f5ee7826034ee14f18e14bf67,pangeo-forge_pangeo-forge
284,16eb6bfd23a26997523b86c0fe5428103ec95b8a,pangeo-forge_pangeo-forge
285,16fdd5982b8db633c0ddb0b4500e86f6eff7d467,pangeo-forge_pangeo-forge
286,170e7e0840ef3ceeab384827a8d46ffb30378934,pangeo-forge_pangeo-forge
287,172a2f3619d3473cdecb47430adec152d22da463,pangeo-forge_pangeo-forge
288,174ae570975668ff11a4ba9c42fd0695dc4a9ef4,pangeo-forge_pangeo-forge
289,175b522af1966d00c6034925d0861b2381de6ffc,pangeo-forge_pangeo-forge
290,1765f67ba4ab737b0199b60d6f7f045a50a023f9,pangeo-forge_pangeo-forge
291,1768fdb0f67bea27dac36dadb0ea3bc54ff4cb73,pangeo-forge_pangeo-forge
292,178245235fc2b9aeb8c07351c7c34230050c487b,pangeo-forge_pangeo-forge
293,178eae6734fa51556cf6f2d213cd3c0359e16798,pangeo-forge_pangeo-forge
294,17921b9f751dea21737d6d8e4e5dfa487db6d2b7,pangeo-forge_pangeo-forge
295,1795d798895b17e9c3b43a891f096b6b74e0eb69,pangeo-forge_pangeo-forge
296,1799b836688d0aba029b20bced91367661b90f5e,pangeo-forge_pangeo-forge
297,17a703d8905c65869a1a2a9bbb1f665278d3eef4,pangeo-forge_pangeo-forge
298,17bea7bee340cfde1267fae7a58d204902a2e3f1,pangeo-forge_pangeo-forge
299,17f47d8d7b6a633b78ebae782576470c23ed2990,pangeo-forge_pangeo-forge
300,1809077d1923139e2144d5f6b6ce674a3a4a2a89,pangeo-forge_pangeo-forge
301,1856b6762060d968f49ab3cea8e5924b0ae0fc2b,pangeo-forge_pangeo-forge
302,185b6ee9b937bc5b6a4f2a53d40ff2964b2e5ba2,pangeo-forge_pangeo-forge
303,186095adcbb0a18ee1c2b3b84451cdb26fd1372c,pangeo-forge_pangeo-forge
304,1879acb2a2a6ecf928c6fba9264f736f5c833e1b,pangeo-forge_pangeo-forge
305,18a895a65e1037da863e4ecbaf7b7c5ea6370b04,pangeo-forge_pangeo-forge
306,18ca21df73026a7f4799d72a836b726dcad7183c,pangeo-forge_pangeo-forge
307,18ce7d1918286b92723d91ed2383bbe62fb85f49,pangeo-forge_pangeo-forge
308,18e90acaa6b9047eba3f78d616fbdb4a4907f1f3,pangeo-forge_pangeo-forge
309,1903ca70fa94df54362095d703628946bc24e8d3,pangeo-forge_pangeo-forge
310,192e650798db58da92fd2d179f1b2870dcb9fe01,pangeo-forge_pangeo-forge
311,194626ff57f6354875d388aeda8b4b0d4fd7e920,pangeo-forge_pangeo-forge
312,196bd0e4e0aee45ef968de626c27c9bfb6d141e7,pangeo-forge_pangeo-forge
313,1973464b7d5ceec1e9b2e6ac1bf0dbf9cc1dfe4c,pangeo-forge_pangeo-forge
314,197c7aa619ba4e4e178c0f5f0c15e3befdb7fba0,pangeo-forge_pangeo-forge
315,19b219c03ecbf458e981d02df8831e6b55793e26,pangeo-forge_pangeo-forge
316,1a0b147a7b340959f3b88221cb1e688912497186,pangeo-forge_pangeo-forge
317,1a135077196f2c7d777ea12a95d675767383e590,pangeo-forge_pangeo-forge
318,1ab48eb5ccd3a28dc3fc7202d5e444ee0c163c8b,pangeo-forge_pangeo-forge
319,1ac5b3868faa5ee238110a6abda6678b43615bf6,pangeo-forge_pangeo-forge
320,1ad76b50e0c84b9913c1f683e51100f96ee4db14,pangeo-forge_pangeo-forge
321,1aeb185abb0db540556d3ec3d5e4bc5d30510c5e,pangeo-forge_pangeo-forge
322,1b055c9b1807b7031381b8cd93dbabffe4c19871,pangeo-forge_pangeo-forge
323,1b20df14694b065040aff71342dd5e9a0acb8382,pangeo-forge_pangeo-forge
324,1b3f478d1b9aa71cff4a0af58e5f5b5641b7fde3,pangeo-forge_pangeo-forge
325,1b3ff52afb57aa4aca6b9c5160f2e9fadc780f05,pangeo-forge_pangeo-forge
326,1b691cc09f0a335eaa55e4909f37cc564b8e36db,pangeo-forge_pangeo-forge
327,1b7d7fb922c3720f803c94e6de2815ee6b18ed45,pangeo-forge_pangeo-forge
328,1bceb26cd55f478c54c3abf69e74d687a0433209,pangeo-forge_pangeo-forge
329,1bd367bde0908a9536f1db43ae63845ef13a6a67,pangeo-forge_pangeo-forge
330,1be61be00cbd221081d147501d45e7f2f18b9095,pangeo-forge_pangeo-forge
331,1bf27dc64004139e89089cfe8ce3ac1e823fdac5,pangeo-forge_pangeo-forge
332,1bfc43ee41e9186ef5490d02ed32d181887c486d,pangeo-forge_pangeo-forge
333,1c36e2155c6e86ae633930d541a727713b62efb6,pangeo-forge_pangeo-forge
334,1c573ea18e1d0a531d1ba3ced2c1dfcafcf5f426,pangeo-forge_pangeo-forge
335,1c5f3520d6fdca718cb372d60161d4fd8617dcbb,pangeo-forge_pangeo-forge
336,1c73ac1843ae02c086bebdf0dfdafdb1a7821809,pangeo-forge_pangeo-forge
337,1c7450d05edb2765eb57df71d47aca974b390a81,pangeo-forge_pangeo-forge
338,1c899abb267644e92c531faffc2b575c7efc26c1,pangeo-forge_pangeo-forge
339,1c9321a2b00708b2ef2ee56ac6185ff9cd38fd23,pangeo-forge_pangeo-forge
340,1cb3066da3d1396e95b989789ff661656b74d9fc,pangeo-forge_pangeo-forge
341,1cb3dabc7c982d4d7b158a9eb303b4ddfd7ccea6,pangeo-forge_pangeo-forge
342,1ceed79fc7518e7b74a34927cb2248a99620e37f,pangeo-forge_pangeo-forge
343,1d04281b633e2327db82d5c5923a9f9133f9d4a1,pangeo-forge_pangeo-forge
344,1d07b91112036fe8cfa3d9a41e6c9fb5002b5596,pangeo-forge_pangeo-forge
345,1d1c8bd9d8b7e309f89e9487a87b1686e02e41af,pangeo-forge_pangeo-forge
346,1d469678b5a4c48319281614cecc5af6335f8dba,pangeo-forge_pangeo-forge
347,1d59512ef2e9970e2b20d0bbc042e2182bfd0bde,pangeo-forge_pangeo-forge
348,1d7ccf839aa5e0b85da0997255245ccfdc4b7e77,pangeo-forge_pangeo-forge
349,1d9ae28728f93617bb65f5c1fe24dfad6cc8f523,pangeo-forge_pangeo-forge
350,1d9b60ff27a47644e108901ac6ebceae8a6f1f52,pangeo-forge_pangeo-forge
351,1ddb3f860741f8f6bf6d827277ad0a1a30b5ce7b,pangeo-forge_pangeo-forge
352,1ddc2219e8f3c11a58957c726446ecd7d433a555,pangeo-forge_pangeo-forge
353,1e16c5e37cca2d518d1177c5075999a283372b4f,pangeo-forge_pangeo-forge
354,1e302a607d35aeaf2d3fef7b16ba447f3004c330,pangeo-forge_pangeo-forge
355,1e5dc7c08bfcc2244d1e13bffab9349ef65b6496,pangeo-forge_pangeo-forge
356,1e7c23a9154bd077e50a528449fc3f597da1e464,pangeo-forge_pangeo-forge
357,1e985dc7c29a13acb559fa0766c5b4762beca362,pangeo-forge_pangeo-forge
358,1eba560d8c82daa5e726fba3e1656e9015a53c46,pangeo-forge_pangeo-forge
359,1ec63eb1513b46b6cf649711151e919d820409fc,pangeo-forge_pangeo-forge
360,1ed178e06aee87be979395c12fac6098113fc8ee,pangeo-forge_pangeo-forge
361,1ed1a7937ebd36d898e8c034a653c80f173d6aa5,pangeo-forge_pangeo-forge
362,1eda370be2761b03c76ff9b04b7e640abe674109,pangeo-forge_pangeo-forge
363,1efa699ae14a58fe5f7b80737e5b278ba901fc92,pangeo-forge_pangeo-forge
364,1f16c6a799a84568bb515721d5f190941b91cec3,pangeo-forge_pangeo-forge
365,1f16d831e22160143b2e04afec3f6a51777af709,pangeo-forge_pangeo-forge
366,1f26d4a05185b958f5e97403257487c7e9b54de8,pangeo-forge_pangeo-forge
367,1f73449f41d8c86499b4334d0375e784769ccbb1,pangeo-forge_pangeo-forge
368,1f95bf0e1f4487c198e4e24371d4faa6fef486a2,pangeo-forge_pangeo-forge
369,1fc24fe0547962c2f20fa67f98f3c898f1582d5f,pangeo-forge_pangeo-forge
370,1fce5449eefc4a9ee7fb74ada764a2ffcfcdec29,pangeo-forge_pangeo-forge
371,2007546dca9cfd64d4171a70db26231f349a0449,pangeo-forge_pangeo-forge
372,2049483146b2d0f0522d2b2d5b4b50c599d4dca1,pangeo-forge_pangeo-forge
373,20687bd1599960a567f4dbaf0c0d58e01bb9c0e2,pangeo-forge_pangeo-forge
374,207289896e6be6135eb7570958d3ee8e69ade15f,pangeo-forge_pangeo-forge
375,20757522db4836b32afa1b69151be89ea6b585e5,pangeo-forge_pangeo-forge
376,207f2e3aef309cd4d0774d297ba301d664a9b6a9,pangeo-forge_pangeo-forge
377,2087c81d12795a1667974c31d9b7db7fe9c00a3a,pangeo-forge_pangeo-forge
378,209498e7edda08a3c63ebbea36d123b54e5da7c3,pangeo-forge_pangeo-forge
379,20999dc7abb0c7034d1931ae2e8e2f1cae88191f,pangeo-forge_pangeo-forge
380,20b9fb4229e6a4454ed8ef14fbece188cba26432,pangeo-forge_pangeo-forge
381,20c040fba100bd8d5fd452d2db35060f53e4502f,pangeo-forge_pangeo-forge
382,2152eb01feacee0faf81226f961ef8e1ea62a5b8,pangeo-forge_pangeo-forge
383,21624b4324407177cf52a1d33e8cc54592d72179,pangeo-forge_pangeo-forge
384,216f91d7b2f43e59100c6080463721819acf14ac,pangeo-forge_pangeo-forge
385,217e5eaa06b6e3cca5e4f014539a1d77856c6a53,pangeo-forge_pangeo-forge
386,2199de48fc8171e0330ed3290057f0b85e61a9f7,pangeo-forge_pangeo-forge
387,21be4766c722445e841c777899898915cf52262f,pangeo-forge_pangeo-forge
388,21d3f2326d90c8ce2810092adfce88f29a50368f,pangeo-forge_pangeo-forge
389,21f852bb2905288601033f87125b04a237f05e69,pangeo-forge_pangeo-forge
390,21fe09c9ee1b7fd51b138bf0a146f2012dfc92f7,pangeo-forge_pangeo-forge
391,2205c605633a097362f1e40e99b6c58d9346b861,pangeo-forge_pangeo-forge
392,2211172c866750de71bcb187a03fd86df7aeb132,pangeo-forge_pangeo-forge
393,2212afd222793aa7c994e72e9c78f4867e529a13,pangeo-forge_pangeo-forge
394,2224c05cb65cad7fb995e2e307d3f96435f62f07,pangeo-forge_pangeo-forge
395,222960c1cf528d526039d79b4f0480ddccbec70b,pangeo-forge_pangeo-forge
396,223e0b9b969b42ef98c3e7ca634bc284a3409faa,pangeo-forge_pangeo-forge
397,226c2dfe8222ca466778af9b578f905995b51a2b,pangeo-forge_pangeo-forge
398,2270c143b8be14cd07cb70d238e8e0a0c964fc7a,pangeo-forge_pangeo-forge
399,228eead8b2a309802caaa59950f69f5f0b989256,pangeo-forge_pangeo-forge
400,229868b6efdee7124ff19ef3c962d4f11ada72e5,pangeo-forge_pangeo-forge
401,22988f94357e126dc0cdd671194e4b404d64a8d3,pangeo-forge_pangeo-forge
402,2299d63b5a24317dbe817ca157f04dc7030c5f56,pangeo-forge_pangeo-forge
403,22a67dbdbea2d4172397f9700fe4fccfb42787c4,pangeo-forge_pangeo-forge
404,22c54b49a1846a74e89a3e0148be0910eeae2861,pangeo-forge_pangeo-forge
405,22c6aa69b0b92bc155e8b21274324046e234e7e9,pangeo-forge_pangeo-forge
406,22ce8d27317907194d3a3848fa5f5d2b33478f0c,pangeo-forge_pangeo-forge
407,22e9f4203f0d156a1d1d41e066dcbb21569642c3,pangeo-forge_pangeo-forge
408,22ed1532e709963a661be25d09825c8d0434e97a,pangeo-forge_pangeo-forge
409,2300d2157015961200ea25f3b02dc08ce7ad8264,pangeo-forge_pangeo-forge
410,230e405142327f43b1e72e08b34402648b484aa2,pangeo-forge_pangeo-forge
411,235650b77cc4b649d8cee4f6449c90a7b4577f8d,pangeo-forge_pangeo-forge
412,2357b242b1e72222046354770d7b65dc6143958f,pangeo-forge_pangeo-forge
413,237c2f638bc5bf21d6682d4ef02325b79e964ee5,pangeo-forge_pangeo-forge
414,23874b80463ed98059e7dee2eb47f57d164b6872,pangeo-forge_pangeo-forge
415,238d2108b5e0299b0f0791d91cf17e977883e4ee,pangeo-forge_pangeo-forge
416,23b08bfda233d50253421fb32e5c25ebc3531fd8,pangeo-forge_pangeo-forge
417,23b235c9bc45dd820f7e10cad6971a06b4c32e2b,pangeo-forge_pangeo-forge
418,23b729692a5414194f82d53965411f17d3ac012a,pangeo-forge_pangeo-forge
419,23c288ba31763287b2f601cbcbb03d854c3572ac,pangeo-forge_pangeo-forge
420,23c866a97a7387aa14eca4392ec2d743a5663ec8,pangeo-forge_pangeo-forge
421,23df3c6755849ae5220f8a2b747a79026606bbc9,pangeo-forge_pangeo-forge
422,23f79fa39617004450578b410e84b25dabf10986,pangeo-forge_pangeo-forge
423,241ca87c618c30e609fd264d912d113b41ad5e7d,pangeo-forge_pangeo-forge
424,243c5c3ac7055683e7308d6ddd6e436ca1f1e021,pangeo-forge_pangeo-forge
425,243c9cab33b9d3fe74c2af63017f1b5914aeeb1a,pangeo-forge_pangeo-forge
426,2444d7ae9ef9a3dbfe31726760476ee2e9fb92ee,pangeo-forge_pangeo-forge
427,244fe1d5df48081eeb94bfbcfc66505ec0725708,pangeo-forge_pangeo-forge
428,24516337d5a10e19908b239d9275be184fcd1f3a,pangeo-forge_pangeo-forge
429,24694a97b9f61164546d8f3e17fc9c3554b578b0,pangeo-forge_pangeo-forge
430,247a471b7be49a0025f7760d5d557e125ca392a3,pangeo-forge_pangeo-forge
431,24aefd06295e92322004daffbabf99f525a4651b,pangeo-forge_pangeo-forge
432,24b606baf9887841b07be0c2acd306c54c2be51f,pangeo-forge_pangeo-forge
433,24bd6089a6763d4295510942759341fb38894e9d,pangeo-forge_pangeo-forge
434,24ce8ae4f861d74f33c37b525de45bed4a492bcd,pangeo-forge_pangeo-forge
435,24e447ec19c7aec2887b3917c38b76dc4c9a7f29,pangeo-forge_pangeo-forge
436,2509cdceb5e358ced4667657d7d24832c96a6e47,pangeo-forge_pangeo-forge
437,2515d1261369c565f2db35f07a874eda166d7677,pangeo-forge_pangeo-forge
438,252278d1fada551efea5ec46c5d84eef90721cf4,pangeo-forge_pangeo-forge
439,25241d5d275687a454c71390df0defffbf294080,pangeo-forge_pangeo-forge
440,257ed5b1e8b8a2009c40c65ffd6362860f5b74dd,pangeo-forge_pangeo-forge
441,25823e60c593bfe6bed9380f5eb6602d3b4803db,pangeo-forge_pangeo-forge
442,25985170e2debe83691f66a5cb417cd1f3d2ac62,pangeo-forge_pangeo-forge
443,25a4fbabdbde2ab72338ca2e2d015e58fa917dd7,pangeo-forge_pangeo-forge
444,25a67a2a6525539a1271b9e947816d852dd9c24b,pangeo-forge_pangeo-forge
445,25b0c73dc93f0866102cf345e2cb45a47aee15bb,pangeo-forge_pangeo-forge
446,25d41798bb7157638be24e20f2cb3e73bafe5b9f,pangeo-forge_pangeo-forge
447,25eb0c6f90a5b670523362cc8635820002c9fb2c,pangeo-forge_pangeo-forge
448,25f3721de1cd43f2f9ca788787c2bbefbbb40206,pangeo-forge_pangeo-forge
449,261dc10af406168ef8660dc9e28a75eed47fcde7,pangeo-forge_pangeo-forge
450,262b24087732f510a613f6a14fa697ed3ad907c1,pangeo-forge_pangeo-forge
451,262e95a30712b4312319cfdc9025f12e9c597886,pangeo-forge_pangeo-forge
452,26592dfb7ea57abfb1b910d7061e73d43205aa59,pangeo-forge_pangeo-forge
453,2662ebbf6721f8836f618f7418503ac6b371d39e,pangeo-forge_pangeo-forge
454,266318df4c76897067637cdc1db87a98cc4e32ab,pangeo-forge_pangeo-forge
455,266aec9a44d5e7a4255c48dd1da3c7090f12fea9,pangeo-forge_pangeo-forge
456,2694de569886fb4f0669c520e2475f630fa076c2,pangeo-forge_pangeo-forge
457,26a515ee4ddaee06bf6019dc717c9ce4e954d837,pangeo-forge_pangeo-forge
458,272ebc08c5c3c823fa989c5f742e311368d6714c,pangeo-forge_pangeo-forge
459,2739f2264ec385eadd3c73226fb85f5cdbf32a1a,pangeo-forge_pangeo-forge
460,27467d100bf1ded5fad4cf4eab8f8656b3acd032,pangeo-forge_pangeo-forge
461,274e2f97197817d8771638de93b1c12bf53ed15a,pangeo-forge_pangeo-forge
462,276755393859840ee184e1b4f3bdb3c60ad6fe7f,pangeo-forge_pangeo-forge
463,27bfd36f8c5438b7e031c7c40cb997ccb1229e8e,pangeo-forge_pangeo-forge
464,27c996d404cdd48fd61ccfeb9c4fab7a5b3790e0,pangeo-forge_pangeo-forge
465,2836b10fc670be43bcbe009a2fc0665f6648dfcf,pangeo-forge_pangeo-forge
466,2844e7066297cd02918095c6a3208978e2bb47a4,pangeo-forge_pangeo-forge
467,28543c8c71b6ac4f79f7f7f0ad740df58bae5e4d,pangeo-forge_pangeo-forge
468,285440e0cb988bee7400d921b7d5608c79514bda,pangeo-forge_pangeo-forge
469,285ca7e32924f3be69d3fba20f69742bfb537dd8,pangeo-forge_pangeo-forge
470,288a35554aa53b200e32296d2dc32505bb3e834f,pangeo-forge_pangeo-forge
471,288b5c9ae1f11d09f0c3d2526951c2a5c2a8ea32,pangeo-forge_pangeo-forge
472,28a19cae36c9218a7f18062250420113f2ce51ba,pangeo-forge_pangeo-forge
473,28ad2b864aa7cef9369121695f5f11bada255bd8,pangeo-forge_pangeo-forge
474,28b695bd5210d1e2fb07ec257b7d6f74c74be59b,pangeo-forge_pangeo-forge
475,28bd5cde0d489871e5908e123af48656e2631f3c,pangeo-forge_pangeo-forge
476,28d40734981125c61ea1a6ea877c149d75065399,pangeo-forge_pangeo-forge
477,28d6dc3db9767f767732afedb428c5421cba3fde,pangeo-forge_pangeo-forge
478,28eded62339e5d3e0aadc74eaff9be1165bdeaf4,pangeo-forge_pangeo-forge
479,29013d1459641b9df4f19064151165e28f020f7c,pangeo-forge_pangeo-forge
480,290405c5b6db6586141e67841ca77ea45b07d0dc,pangeo-forge_pangeo-forge
481,29097e816c4209e34421f50a594984ceb45d7d9c,pangeo-forge_pangeo-forge
482,2914111fcdda69e60cad12f4e8cb861282167f5b,pangeo-forge_pangeo-forge
483,292818f8096e73d617e5fbb0c9a6cd737ffb0ac2,pangeo-forge_pangeo-forge
484,292bd965801ebe8b689959b33b9d67eda60e5b6a,pangeo-forge_pangeo-forge
485,2944a4743f90b56e8a6a449e43d666e944f3efe1,pangeo-forge_pangeo-forge
486,29835a97f247ef86776261e29926ca4e991cd869,pangeo-forge_pangeo-forge
487,2991ffd4b56cb7cb191ec5f67a10fb4ce4427c7e,pangeo-forge_pangeo-forge
488,29a43847af30d64585bc7423cdcfe49f794b5a0f,pangeo-forge_pangeo-forge
489,29ab7fc89664bfb20e4cdd611bae5ad93584d79f,pangeo-forge_pangeo-forge
490,29ba8e84b493630db882d298fb90d7fe06aa224b,pangeo-forge_pangeo-forge
491,29c6beaab7a402c3d04db1b4437b2422a9fb51ae,pangeo-forge_pangeo-forge
492,29d0162ee0b6a6c690a9f6e05d73e798d4c820a2,pangeo-forge_pangeo-forge
493,29d5fd0f75998fc1db1d0514289a9ef8c605d67a,pangeo-forge_pangeo-forge
494,29faf9ab81b956e831d9e88e965c71fb75e88d23,pangeo-forge_pangeo-forge
495,2a20609c461f0814ba439f42073b6090685118f8,pangeo-forge_pangeo-forge
496,2a4768fcd000ca9148ff74b4a876288d28ed6c1b,pangeo-forge_pangeo-forge
497,2a4a7751e2b988238d1002d752c6ed097a98fe61,pangeo-forge_pangeo-forge
498,2a68f2e4c0be1ac090588a8fa484274c79ed7adb,pangeo-forge_pangeo-forge
499,2a69dfb4eae2987d8a337b37a5672fdd111e41a8,pangeo-forge_pangeo-forge
500,2a6f3ebb958d7a1a14f06297cc962cc3f31d9a3f,pangeo-forge_pangeo-forge
501,2ab1bcd5e2a6e506acf27d45f89b2c461f3d4aac,pangeo-forge_pangeo-forge
502,2ac59b4f59028d175c2ab42e27804022f927705d,pangeo-forge_pangeo-forge
503,2acd5d555b2331fad3df3ad7d8495f7798db8584,pangeo-forge_pangeo-forge
504,2ae63085bd6d8c382533578caeb354b8e0fe0a22,pangeo-forge_pangeo-forge
505,2afd727403800c6df950bef959205aa4974f5f6d,pangeo-forge_pangeo-forge
506,2b3d97957de8213092d4774d68d70b331664d4a5,pangeo-forge_pangeo-forge
507,2b572217859333e9d6ba7b67164e41a75a28c0c6,pangeo-forge_pangeo-forge
508,2b5ce7eebf75584d8440fc39b89a2ba8f1caaace,pangeo-forge_pangeo-forge
509,2b7bbe7a69d6bcfa13c5faff2e2568ca367dee7f,pangeo-forge_pangeo-forge
510,2b99e57c52945eae88df3874ea5f1e34170f64b2,pangeo-forge_pangeo-forge
511,2ba5d2d9470a255c299894b2c00f57ae751ae077,pangeo-forge_pangeo-forge
512,2c02c7d60fee053a7099538c7e2bcb7f1ca49013,pangeo-forge_pangeo-forge
513,2c1d2552edae1a0ad7959c715e54972e7072be9b,pangeo-forge_pangeo-forge
514,2c2b82e95c3a82812e76b656ec4e3c6a84b6efe3,pangeo-forge_pangeo-forge
515,2c326c1073b5f9df771cae34bb211addef705e30,pangeo-forge_pangeo-forge
516,2c465b92f88010ccd8de4012004bb894f0a0e83a,pangeo-forge_pangeo-forge
517,2c5cc19eae3bd0e4655e0b54c8972519d03b0be1,pangeo-forge_pangeo-forge
518,2c69fd7752b81db514677088f526a35f418f95c1,pangeo-forge_pangeo-forge
519,2c6de7ad2ce82564a7653aaa8178eda65bd09cea,pangeo-forge_pangeo-forge
520,2c6e6d9d5c08ccb233ca7a72b89663d005cbb1a3,pangeo-forge_pangeo-forge
521,2cb2e598c2dc6c88c697dc340a6d5a36d35fd262,pangeo-forge_pangeo-forge
522,2cb7968f82a963ac45fc03a771e97f651e39b9df,pangeo-forge_pangeo-forge
523,2cb88d3e64fd68181467bdc266d61124ab63b913,pangeo-forge_pangeo-forge
524,2cc66fb2efb1a490e139125c3c7b1d7ebce743a7,pangeo-forge_pangeo-forge
525,2cc67000c123c3411c14d1ac68cd2d71c1139c71,pangeo-forge_pangeo-forge
526,2cd16aca602ae97ec6ab44165eb37c8f99ed5ccb,pangeo-forge_pangeo-forge
527,2cdac17ae07b00b9cd129ae8affa5210a89b3bbe,pangeo-forge_pangeo-forge
528,2cdc271015559f92088c1f7cbacb825b44887356,pangeo-forge_pangeo-forge
529,2cdd90d155c1977ba85768349d544be673e21f6d,pangeo-forge_pangeo-forge
530,2d0c119f7116642bf54b497dae94a2053f3725a1,pangeo-forge_pangeo-forge
531,2d5e8269afd8fb474905678b6fd0ceb25280d1be,pangeo-forge_pangeo-forge
532,2db16244edab458d62a8b19678a3597b8061ac8e,pangeo-forge_pangeo-forge
533,2df405dfa27af9a4701aa54eb69e53394705a7cc,pangeo-forge_pangeo-forge
534,2df76f2cf36617bf4a05db2b0d8e6a84d433eca4,pangeo-forge_pangeo-forge
535,2e0647fa34b8d54188b88ef03f387e1c3b66d889,pangeo-forge_pangeo-forge
536,2e4b7d4031cb9c6c6e3d41ee01fdba096039af4a,pangeo-forge_pangeo-forge
537,2e5499bf132856b62531ff20c0cbcf7e7eaaff4a,pangeo-forge_pangeo-forge
538,2e6422f5aa49aa5cd92c4c00c79a5696518f17fa,pangeo-forge_pangeo-forge
539,2eadcc3c4794078188f2f0d5e3b329b5aa459f1b,pangeo-forge_pangeo-forge
540,2f03be59a9dc68d008e042812c80350873ffc398,pangeo-forge_pangeo-forge
541,2f0c9136109c6593b8bfd09633e879d4100496db,pangeo-forge_pangeo-forge
542,2f167f9db762ac8b681ece103ed94ea6c605da44,pangeo-forge_pangeo-forge
543,2f206608de2524dd974998db35a9eda715cc6656,pangeo-forge_pangeo-forge
544,2f52280fd6a6f71c570cc6a448f6fa71e1c5252d,pangeo-forge_pangeo-forge
545,2f5555dc296002c4da7138b4668466cb6361d9ec,pangeo-forge_pangeo-forge
546,2f6575b6b9c9a06ddc6a1972257c23846430730d,pangeo-forge_pangeo-forge
547,2f839e40f05e807e9c4ca17d394f81f5876da5f6,pangeo-forge_pangeo-forge
548,2f895f15798a1f2ea34cb5f957c0265be0faa7a2,pangeo-forge_pangeo-forge
549,2fb311f5e83f8cf26b27c34b65c59dca3b37e04e,pangeo-forge_pangeo-forge
550,30097310c88dd3c328aad2ccc731f46a8e5265a7,pangeo-forge_pangeo-forge
551,300b5c3784bc1269b0b2706fad64bc27ab6848da,pangeo-forge_pangeo-forge
552,301206b4bc01565f7f2b1dc5e02d7477c4cc2840,pangeo-forge_pangeo-forge
553,301f9e088c77c7883e7d5757fc071f57429aa795,pangeo-forge_pangeo-forge
554,3020f2bbed21e58ed1b51d9efd463c1010ef4924,pangeo-forge_pangeo-forge
555,30372960b8ff21781bd9a063afbce0b41bdb515b,pangeo-forge_pangeo-forge
556,30399558005bdfad7d879c7688925c30a0a58ed7,pangeo-forge_pangeo-forge
557,303c2c0fa4f2ad3faad5a0bf7b04411eac2600fe,pangeo-forge_pangeo-forge
558,30449e3f9986ee1f69be8e622a8e3fac8ccf1882,pangeo-forge_pangeo-forge
559,3058fb9f4cd7fb28789b6d79096a3a51660816ca,pangeo-forge_pangeo-forge
560,30602ca78d74b3b46b9789ff3e8d5af2c05109b5,pangeo-forge_pangeo-forge
561,3069aac5bd7ae0cf015ffd6ace9b6f1341bb1d24,pangeo-forge_pangeo-forge
562,3079b110d342f0f9cd63af59d321deff70859c7e,pangeo-forge_pangeo-forge
563,30808f6bc98c12a58b2ba5071093edcae96db723,pangeo-forge_pangeo-forge
564,3086f6949a69f2cf8a822bafa3e9ff4f500c5074,pangeo-forge_pangeo-forge
565,309a8cdab06307da5ea4bee3c4aae48a3f098fe7,pangeo-forge_pangeo-forge
566,30a4689635be214cd8754351611202efcb4447e5,pangeo-forge_pangeo-forge
567,30b783eb56cac939e162a3c77a2d42d9ac9c44e9,pangeo-forge_pangeo-forge
568,30b9bb23e0d660c5e65e04f7e6b8bc86c95e159e,pangeo-forge_pangeo-forge
569,30ed6a1f6a8234f22042c12065aee2ffa2adcbd1,pangeo-forge_pangeo-forge
570,312ed80e738a33b1dae6a2d14e4118fb8bc0fc23,pangeo-forge_pangeo-forge
571,3130fb3dec6f6db5be2c6618a1eb63054ec26135,pangeo-forge_pangeo-forge
572,314df6b2120301058915c47c56eeb61a10fdc41e,pangeo-forge_pangeo-forge
573,315c2921d978a4a93911a9fbcf9a046dfa870972,pangeo-forge_pangeo-forge
574,318e87e804934da110fff7af8301a37f7153858b,pangeo-forge_pangeo-forge
575,31995f1e760d1d539c33d21b1d86a0911c234258,pangeo-forge_pangeo-forge
576,319f6c73f44c5f30410ccfc2e1b125eeb2d3dbff,pangeo-forge_pangeo-forge
577,31beca63c0493e681cfe45f5bb9847ab9fe28f2d,pangeo-forge_pangeo-forge
578,31d7a57eba59681e5c638e0c4067122bf3116fc6,pangeo-forge_pangeo-forge
579,31e4f0f2f4f1ae7becb24cfdc325bf6e586e6c08,pangeo-forge_pangeo-forge
580,31ec860f48e4bcda1f4343e960ae250d16bbd847,pangeo-forge_pangeo-forge
581,32014df7b22e6fee5360360d9dfe7030bc2fa171,pangeo-forge_pangeo-forge
582,321427423e7dcef8da3b9adbb42db272e31be0de,pangeo-forge_pangeo-forge
583,322379c2ba6e5e977ddefc8fc0f1a47670bb8c28,pangeo-forge_pangeo-forge
584,3231c4a686e993692fd4e7ad9eb5d9adaf5fe5f1,pangeo-forge_pangeo-forge
585,3234230714e753df2004ae5fd08f16f457210d63,pangeo-forge_pangeo-forge
586,323a6c364a9196bc1d175309134867ff10eebfab,pangeo-forge_pangeo-forge
587,3262309f7ecf99a301f810b29e1b6f06f2592058,pangeo-forge_pangeo-forge
588,327395e3b2a218ced04d86025dc943b717d6c243,pangeo-forge_pangeo-forge
589,32cc652b5ee217683dc9f2656a5ae3782d4b00d5,pangeo-forge_pangeo-forge
590,32d3864a596322b1bf0c135c69a3e2b896fcb96a,pangeo-forge_pangeo-forge
591,32d9fe591d7a5ec6604d17cbd761a26f846dd758,pangeo-forge_pangeo-forge
592,32e920185934e42baf32650c5b3d1e76ea078ab3,pangeo-forge_pangeo-forge
593,32ff7402f14aa8c4920d6ea92112f0605e3e0810,pangeo-forge_pangeo-forge
594,3314162568f7d8fe3d6f06627b936cee55d99c9c,pangeo-forge_pangeo-forge
595,331d86792936344867571f5b88e1fe883ec20ca5,pangeo-forge_pangeo-forge
596,3359f9b767ca18f5ab9b6fee319de0127cc487c4,pangeo-forge_pangeo-forge
597,33790c061e2bb2fecdf96a8ee48cb5aaddc358ad,pangeo-forge_pangeo-forge
598,337975459e5ef3c3aaf2d2d7dd3e581ac1b7766b,pangeo-forge_pangeo-forge
599,339dbd36948e0cf3d304b6c2da8fc05df8cb7c4a,pangeo-forge_pangeo-forge
600,33c62a3cf34cd5aef61e7e522deda1280e098baf,pangeo-forge_pangeo-forge
601,33dc3b87254db12022d013434f6f32c51c2ff333,pangeo-forge_pangeo-forge
602,341af438d5b9aa1560a2d5afce9a44866c6fc1bc,pangeo-forge_pangeo-forge
603,342475141bba9fff8070a92a3cc17224175e2d22,pangeo-forge_pangeo-forge
604,342dd26207320bedd5115d94a4e4dffd9d4face8,pangeo-forge_pangeo-forge
605,343a7fa79b4d1b86126ec1106ff6a39af462c095,pangeo-forge_pangeo-forge
606,3441d94a290d296b8f62638df15bb60993e86b1d,pangeo-forge_pangeo-forge
607,345b978360160aa5963409c141d92ad818a6ff51,pangeo-forge_pangeo-forge
608,345c17275eee7edb8c158d94c0f578d3a97b1764,pangeo-forge_pangeo-forge
609,34685adc83cb3846b41c4a689a5c2cfdf647982b,pangeo-forge_pangeo-forge
610,3497153e48bd0dc6ebf28a5b2be6a28018108fe8,pangeo-forge_pangeo-forge
611,34c091e29e835988b9a30b28b5ed29f66d778e8f,pangeo-forge_pangeo-forge
612,350c3805779b5faf135d98e580a6906fb60116fa,pangeo-forge_pangeo-forge
613,3511f70e259b39bd35a7b4eb3c33f15c1352ab3f,pangeo-forge_pangeo-forge
614,353ea4a86e0226c70f2625df8b4491291c919954,pangeo-forge_pangeo-forge
615,3540183e8aebce4e0949a932d733f7322b624e44,pangeo-forge_pangeo-forge
616,356ea2a64e7e15dff27c2497f232a4312b2debc7,pangeo-forge_pangeo-forge
617,3573d1e266100f076369b3e76ab843eed2e3fb88,pangeo-forge_pangeo-forge
618,3573d7f23f01e1793a898e16fceefc02c6d5bf14,pangeo-forge_pangeo-forge
619,357632942fe82240e389e929dee42f39d00bbc34,pangeo-forge_pangeo-forge
620,357922558cab5b5014e9c9768f604fc7ac6dbd98,pangeo-forge_pangeo-forge
621,359dbc50ffbfbda04b8df96d798c0b1fd9bb068a,pangeo-forge_pangeo-forge
622,35b327c9a80161e31bcdb9d1a2f23f8577bd4507,pangeo-forge_pangeo-forge
623,35b98f222f637f7a0cb8be13e91fe6ca2b292023,pangeo-forge_pangeo-forge
624,35e0c9f59d6e7aa64aaff5e4830c1705255d9fc8,pangeo-forge_pangeo-forge
625,35f0697307eab3c060371dbc50391840dea1ffba,pangeo-forge_pangeo-forge
626,360fa2c03a766338f361b580a583b0f6cfd0c5e7,pangeo-forge_pangeo-forge
627,361437b10c09e19406a9185b75d378572c8cd5e0,pangeo-forge_pangeo-forge
628,361ee6685fd300bdd48b3db795abd0b421999e47,pangeo-forge_pangeo-forge
629,3646d517d7637a86dbb3b65ab8e2652d4a7eab55,pangeo-forge_pangeo-forge
630,364aa085be48d592f514997985b9c3248d9a7628,pangeo-forge_pangeo-forge
631,3680a34f8a729851fe9927ca3af906ae856d2658,pangeo-forge_pangeo-forge
632,3694823601248a31544ff5bcf29b1f33fdf422c9,pangeo-forge_pangeo-forge
633,36a10ee98118c57300805d82a9b8608b4135145b,pangeo-forge_pangeo-forge
634,36b4faa9fd0423efc5ac661cd9d4303ff932f87e,pangeo-forge_pangeo-forge
635,36cb625c7e041620a62ef514ee66d0ac0ed3002e,pangeo-forge_pangeo-forge
636,36d75dc17852664b1f3d1b11b7aea122ffdac3ed,pangeo-forge_pangeo-forge
637,36faf3ea447c18c942aafdba1080cb40136907f0,pangeo-forge_pangeo-forge
638,372d85788411399b591da25ef85d9fbc0274b06d,pangeo-forge_pangeo-forge
639,3738bd62070041bad2fc6bb03f79ff73c299c5da,pangeo-forge_pangeo-forge
640,377133b6138903eeb2ba43cda3ace9bd1068b551,pangeo-forge_pangeo-forge
641,3788d5b1aea8d6edd04c6c159d68ea5bc8a053ec,pangeo-forge_pangeo-forge
642,378adf6791775b6ffdd464b7b128bca8ed03e355,pangeo-forge_pangeo-forge
643,3797bf086317828ec6dd9073261e9e13472d813e,pangeo-forge_pangeo-forge
644,379e5bba1b64ed4011347a7bed82ed19b55a56dc,pangeo-forge_pangeo-forge
645,37a8322e60279aab37379506ae57212eb0684c51,pangeo-forge_pangeo-forge
646,37bfcbd20b76d2e7f0f797b8c3c139eb634d1806,pangeo-forge_pangeo-forge
647,37cd76d21fa9b757b215fca9cb0a7f4404e130ea,pangeo-forge_pangeo-forge
648,37cff190e27a29841f0ee56bce96489f9e9de123,pangeo-forge_pangeo-forge
649,37d52f2a00ed0321bc61d0518b4df3879e7b8a58,pangeo-forge_pangeo-forge
650,37e047c564de5b6d86f83595a17658820b7dc0fd,pangeo-forge_pangeo-forge
651,37f3ef9fc149ed0af656ae77466dba157f810329,pangeo-forge_pangeo-forge
652,3811263e13a1d8a8d50da9fc4af5014be7b373bb,pangeo-forge_pangeo-forge
653,3822c0cf58ef7fb82b6608d785c78328b5154f65,pangeo-forge_pangeo-forge
654,382663d4f6b963fd02553f00c94956f87aa35be8,pangeo-forge_pangeo-forge
655,3877eb12d7fac240580d8774e536ddf5231fcec4,pangeo-forge_pangeo-forge
656,3890a99b591d70daf18f60299b77e7e7177e501a,pangeo-forge_pangeo-forge
657,38b0c3fdb6919f7656780e99324cb53e777f164f,pangeo-forge_pangeo-forge
658,38c16ed5872dc86397422415ae384c6c203e3d20,pangeo-forge_pangeo-forge
659,38fe34c773e872b9878a3fa6c8da560e1bf02139,pangeo-forge_pangeo-forge
660,391ef409b5b597f9a4d7c9f04af52ba64f40d1eb,pangeo-forge_pangeo-forge
661,391f507086fdaf8094fa7fe63d964685341be553,pangeo-forge_pangeo-forge
662,39469e1648cfbd318765e40cca89997da700ebf8,pangeo-forge_pangeo-forge
663,3986c2f6bba0f4a70b50105830757649e5f0ac29,pangeo-forge_pangeo-forge
664,3999d5617548826bf4b7fb4c3cdf02dac200e86e,pangeo-forge_pangeo-forge
665,39a55906693ca6f501d5ab393aaf1111800838f0,pangeo-forge_pangeo-forge
666,39bc994aa45561346f2ac5e509b19690d0fb6bd1,pangeo-forge_pangeo-forge
667,39d57677b4ff2b139e389edb4305e45e38f10657,pangeo-forge_pangeo-forge
668,39dbf36eed431666e2cafcbd82d65d8b7b3b6d19,pangeo-forge_pangeo-forge
669,39dd947f1c8b7f759b8f29652ce68a4a7938f3f2,pangeo-forge_pangeo-forge
670,39deabf2e7679f000e230dcc2f2e8506cae27d43,pangeo-forge_pangeo-forge
671,39ff7e69612b3ee9049514c2a6ebe363279cdaa7,pangeo-forge_pangeo-forge
672,3a103bb2615a381d3108de88cd7c8e5028f2bb66,pangeo-forge_pangeo-forge
673,3a33c32041d234422a3e9191a5d8288ff726a269,pangeo-forge_pangeo-forge
674,3a63f2ea8bd86936a7731c6cc8c1cfe9eed720b4,pangeo-forge_pangeo-forge
675,3a7e25da30e9e8e9583226b577c66ded807c88df,pangeo-forge_pangeo-forge
676,3ac5bcb4d6071619511e1c7fed9fba35eca5377d,pangeo-forge_pangeo-forge
677,3ad20a3ee0f98b1578aac459d737e28a02f6b85b,pangeo-forge_pangeo-forge
678,3b0d2fd84d2846af09e0ed67ea4dbe5421d9514a,pangeo-forge_pangeo-forge
679,3b0f294728210ed7d53a41d8bfff1fc6b702ea7d,pangeo-forge_pangeo-forge
680,3b1195fe398f903f7b402bd1a4b96f598052089a,pangeo-forge_pangeo-forge
681,3b20ff6aa4376803e6d34476cc8d16524b09efb6,pangeo-forge_pangeo-forge
682,3b26b1b50a48607b171a5e4c337b45bb0bec9c8d,pangeo-forge_pangeo-forge
683,3b3c13c358259a9b01367c91951d28826b6c252e,pangeo-forge_pangeo-forge
684,3b411fcff6d56e7348a59150080ea8e21f5bd819,pangeo-forge_pangeo-forge
685,3b489b0bd16766410875e1c6da61d0ec8a9ba359,pangeo-forge_pangeo-forge
686,3b4c31e2635f6d5b4aebb3034f3a3f871e6b4654,pangeo-forge_pangeo-forge
687,3b4cd4b12ed5e06d3cebb1b8fceca59d53990cb0,pangeo-forge_pangeo-forge
688,3b4f0c50ad249c1a9dcf68e9a45d2ef5be616a15,pangeo-forge_pangeo-forge
689,3b6682129501b7f14874bd0949c3189c74ef45c1,pangeo-forge_pangeo-forge
690,3b7feb4aa800ec36c00f3ba3999b924384352d69,pangeo-forge_pangeo-forge
691,3b90993426e1b99900d1181ba8ec373029c88fbd,pangeo-forge_pangeo-forge
692,3ba0ce96a0618a2b8916bbd08897eeb703f82636,pangeo-forge_pangeo-forge
693,3bfd95de3934338e1e1384890f089cbf968c0fd5,pangeo-forge_pangeo-forge
694,3c13247ea305b7a2f361aa9a701d4e7cc07362f6,pangeo-forge_pangeo-forge
695,3c41fddc26443a878b0ddd29b0016c4c642623bb,pangeo-forge_pangeo-forge
696,3c52d36a3ab2ca5ef507b8211154795135788d7a,pangeo-forge_pangeo-forge
697,3c698bc6a2792d1885cf777fc9313cc9158686c2,pangeo-forge_pangeo-forge
698,3ca6066b4f9ad6b19747f70a0c5ae11b779589da,pangeo-forge_pangeo-forge
699,3ca76df2c84481f453f5944198b60f043988af9e,pangeo-forge_pangeo-forge
700,3cae361c4ce22a2ab5768659f321aa26db66879d,pangeo-forge_pangeo-forge
701,3cb45495023b8fa34e56ef77a529fa15ef4d0ba6,pangeo-forge_pangeo-forge
702,3cb46e3b4eff7a932f618a807ff421302d096cd2,pangeo-forge_pangeo-forge
703,3d1b15986c1fc958084369b603c32aedea6de724,pangeo-forge_pangeo-forge
704,3d44c71afa933300908bd1ef1db90de33880b259,pangeo-forge_pangeo-forge
705,3d67039e8a34adb18239207dd86bfcc9e881e8fd,pangeo-forge_pangeo-forge
706,3d693eb49f8d2eeb0cdd32d222943ef25007939b,pangeo-forge_pangeo-forge
707,3d7860e2940c1cbf96fbbe7d9562085b71f8bf64,pangeo-forge_pangeo-forge
708,3d7930cc1762dcedc43ae634b2fdad68708ab3c8,pangeo-forge_pangeo-forge
709,3d979a53e3dda714ece07c2b072c9d3f7dc9643a,pangeo-forge_pangeo-forge
710,3da9b9fc33bd93fab3489e4bb06314da238ea73f,pangeo-forge_pangeo-forge
711,3dbacfdc7cdc1e926b8b464aebd98907205c989f,pangeo-forge_pangeo-forge
712,3de3168b85309c7cce2c8186239010a47edd7d36,pangeo-forge_pangeo-forge
713,3e00fce518a615d6a9821f703ff031350de83a13,pangeo-forge_pangeo-forge
714,3e01fc32b12c53d26672c44be23489541508260c,pangeo-forge_pangeo-forge
715,3e180dfca0751d423f054e22982d88c112343408,pangeo-forge_pangeo-forge
716,3e41099b1460fd6330a943a86464966f53be2e63,pangeo-forge_pangeo-forge
717,3e4b36231ba795fff7e334c5857a937d8ecaef4a,pangeo-forge_pangeo-forge
718,3e6631df59d3fa439f681d685ad83a4ea1887d91,pangeo-forge_pangeo-forge
719,3e70d70aa0ccacb98bfe3b2256b503a21bda6d13,pangeo-forge_pangeo-forge
720,3e7911cb7db02e062fa77bbeeb86938a1455a237,pangeo-forge_pangeo-forge
721,3e868cae5cce3420371babef769ec6221ec6ad91,pangeo-forge_pangeo-forge
722,3e8c92d63af9d7024badbd033d6fcef5d764905a,pangeo-forge_pangeo-forge
723,3e92db313dde3d1a59b0827e66dfbee274355e8a,pangeo-forge_pangeo-forge
724,3e931ae028b0aefc6601ad6a8407bac9a7b9efc2,pangeo-forge_pangeo-forge
725,3e95ad586194a043becfc5db410a5b0dc0101239,pangeo-forge_pangeo-forge
726,3ebdd0c2f89722e534a59734d7293518d7a3f874,pangeo-forge_pangeo-forge
727,3ee96e55383ef5f2e01439f751cc465097e539a0,pangeo-forge_pangeo-forge
728,3eee0305a6d86c0d7de45f15b510fb433eb1d5e9,pangeo-forge_pangeo-forge
729,3ef04e7710fcf2f6c0bbf1d700c8382541565230,pangeo-forge_pangeo-forge
730,3f472458798c70b72c34dab4c474811125a13058,pangeo-forge_pangeo-forge
731,3f4bcd174515304f988fab7aa73605378f1c1603,pangeo-forge_pangeo-forge
732,3f7bc9b39f48f6010d9eea548a28c1d58fa63ce6,pangeo-forge_pangeo-forge
733,3f8ba51b3a50c2e87caf16055d3bab47e7189f82,pangeo-forge_pangeo-forge
734,3f9a78dbe15fa819d42f64a4601e3ef647bed4fa,pangeo-forge_pangeo-forge
735,3fc063d6333d141f9c8b020b4493bd3411dbb803,pangeo-forge_pangeo-forge
736,3fc3770031146aec96ca8a3670ea7d4adc245afa,pangeo-forge_pangeo-forge
737,3ffa8847ca8a84ec17cb35273c9d43471ecadee8,pangeo-forge_pangeo-forge
738,40062840d21daddfebb5a9a316fffe9eb314102a,pangeo-forge_pangeo-forge
739,401ee4682245be806a0b74749b886e12d09f056d,pangeo-forge_pangeo-forge
740,4037f0df83a0f8a119213c912e435b0ad2edbcc2,pangeo-forge_pangeo-forge
741,404b0ac04794b090bcae4b417863657a58f09bde,pangeo-forge_pangeo-forge
742,404bf20cf2490a3540d9d218c11a7d3603b18815,pangeo-forge_pangeo-forge
743,40574a2e8ea48c6a01a502dc6809876a2db167d8,pangeo-forge_pangeo-forge
744,409293238290f63fd22429efd52f707de5d921d2,pangeo-forge_pangeo-forge
745,40a63fe36d824d1c452ef15f534cf8a0fabb5e0f,pangeo-forge_pangeo-forge
746,40ab233fdbc74407663cf88eff2a13294a6c7a99,pangeo-forge_pangeo-forge
747,40abf7de0c1880f4619941674a4a77226b5d2253,pangeo-forge_pangeo-forge
748,40add4290b6fd37dada6879e94fe3463ef6f7d0e,pangeo-forge_pangeo-forge
749,40b0424e7f9c8914096be3c987b6723d78f73238,pangeo-forge_pangeo-forge
750,40e40ce3d8a4f08541a623bada93577983b15897,pangeo-forge_pangeo-forge
751,40e8bf98789e6234073741b02827768e3cbd986a,pangeo-forge_pangeo-forge
752,40efd9a1e488b65eebc41b14fba33135cfd93600,pangeo-forge_pangeo-forge
753,40f7dffb191d711937b48e2dcbde010169bb439a,pangeo-forge_pangeo-forge
754,40febca646956b79b9b6af4f58dad05ffed56709,pangeo-forge_pangeo-forge
755,4107e1438b18719b9df048ef4efb19c869ea1547,pangeo-forge_pangeo-forge
756,4113b8169d56f4fc5f4205f6444cb5464c6a09b5,pangeo-forge_pangeo-forge
757,413d7892037f166197f14a266f71eabafefe581b,pangeo-forge_pangeo-forge
758,41793a9819c49ff2371bc1728ec2af98b3409000,pangeo-forge_pangeo-forge
759,417d615c9b1a8bc272cff141fe961c6065f34767,pangeo-forge_pangeo-forge
760,418fc3ccf9ec2eaec5bfe0cd3b5011a30978fac3,pangeo-forge_pangeo-forge
761,4193690dc3d122fe29e88cca430faca018b9f44a,pangeo-forge_pangeo-forge
762,41b7324d303b0d960ff139f99d8b3e2b612819f0,pangeo-forge_pangeo-forge
763,41b80f9ab4467b9beb6c407504cb948afb3ac37e,pangeo-forge_pangeo-forge
764,41c204951243948462399d3616222e8a3c9d58c1,pangeo-forge_pangeo-forge
765,41d16c116a301e2c9a8b820e8668a69d09fba07c,pangeo-forge_pangeo-forge
766,42008fc3c308bb3d23bb57da34bdf09753cda153,pangeo-forge_pangeo-forge
767,420c43678cbe1e1a80672b49c859eeddf76c73a2,pangeo-forge_pangeo-forge
768,421007531d149645ca2a59db0a3bc7902f94c141,pangeo-forge_pangeo-forge
769,4224422612b801e8f416b6b5872f536be74da51c,pangeo-forge_pangeo-forge
770,42260f5aeaeb2977a9f3d3b8fd2db5b3c09208c6,pangeo-forge_pangeo-forge
771,4227b3658e31e2a883142448f207ba5cb59d256b,pangeo-forge_pangeo-forge
772,4256b141846e1f601a351e5b34728f572d634d76,pangeo-forge_pangeo-forge
773,4270b441db82ac4d26ae35abb7485c81fbe32f88,pangeo-forge_pangeo-forge
774,4278cdea256d81f85e5090acba718f6a85c17a76,pangeo-forge_pangeo-forge
775,427dbe78316b6992aff58e49d859704cc8b06613,pangeo-forge_pangeo-forge
776,4291638ed7211379ae34ffffaa9091dca07aa76f,pangeo-forge_pangeo-forge
777,42a2d1a93cee31d53a6d3ac384f37c1f356da4d0,pangeo-forge_pangeo-forge
778,42b58d50ab3afbcb2288091525782f9ef97eac60,pangeo-forge_pangeo-forge
779,42bab04bdf40fd81992b004dc160c042b32b45b0,pangeo-forge_pangeo-forge
780,42cfccb95001eb5938bcc1a5a660171d4680145e,pangeo-forge_pangeo-forge
781,42fe5cfd4f103e72fc78498d86c2540bd6a99cfa,pangeo-forge_pangeo-forge
782,431f522327215fc7c97033a218a39f5f3430113f,pangeo-forge_pangeo-forge
783,435343b82472b8bd8f42cc949c01a54999429249,pangeo-forge_pangeo-forge
784,43924c7ab9d26a8089f3998e3a1e104c0d75d356,pangeo-forge_pangeo-forge
785,43936c94e452bc6dfee57824cb64d19b15178a40,pangeo-forge_pangeo-forge
786,4394b29e7ed2e7258d41e6c4b7bd1e5a9f30f3cf,pangeo-forge_pangeo-forge
787,43ccfced41430e109b1adbc94fc19808bcfecbf8,pangeo-forge_pangeo-forge
788,43dd374c545b52a7ed0ea58233c0dfef815e3489,pangeo-forge_pangeo-forge
789,43dd9b2a1157f967023e7f827c30d2fd867fcff2,pangeo-forge_pangeo-forge
790,43f9630c22626cedfda24b1b39e0b2f3e55dd93c,pangeo-forge_pangeo-forge
791,4407ac15d23b23a78d31ef4ed0b7cd7959e2cc2e,pangeo-forge_pangeo-forge
792,44301721c6927dd04771f831fd78468403ee90c0,pangeo-forge_pangeo-forge
793,446fe7c2934e9f6afa2b81377abe22aa698c0ec0,pangeo-forge_pangeo-forge
794,447c9e29028f232a67b92800075c3d807a806805,pangeo-forge_pangeo-forge
795,447dbc4d0c4ec178f3d35e295a20f66c7458ecbc,pangeo-forge_pangeo-forge
796,449d1d8408a43755a4a84a2ea75fcce26fe90cd4,pangeo-forge_pangeo-forge
797,44aceaa4fd8a5af4c5bd8b6cb994350f4c5417b2,pangeo-forge_pangeo-forge
798,4518c1e2a946e3b3a5eb5c1ae5d023d91cffe9bf,pangeo-forge_pangeo-forge
799,451de5f9f0adc8dad0ea5636ab42279e07e07aa5,pangeo-forge_pangeo-forge
800,452b313cecef05bd0c83241df0e170bfc9c0ed8b,pangeo-forge_pangeo-forge
801,45539063013caefc5fbebab56dda76637a9b519a,pangeo-forge_pangeo-forge
802,455ad07dc57d5a9269fc8fbfbcf6453a82d35235,pangeo-forge_pangeo-forge
803,45ad98558ee6e07deb79d9efe4ef4a323f9bd662,pangeo-forge_pangeo-forge
804,45ba76bf14ddfc14c50c67ccf78a39d5746d0949,pangeo-forge_pangeo-forge
805,45bcbff8c37abd66df9066acabd8c0a0bc88acb9,pangeo-forge_pangeo-forge
806,45cc115f287ca7d33c33aaa343f21c862812c0bb,pangeo-forge_pangeo-forge
807,45ceb3223fcca9c95f822c570ea72d0ba65a2a31,pangeo-forge_pangeo-forge
808,45d56be53716f33bc246421f10cba79630550ee9,pangeo-forge_pangeo-forge
809,45df53ca0c72318eac8831ddd2fcbd1ed57339dc,pangeo-forge_pangeo-forge
810,45e661d3496e7caaf9d6b7fa6839fca22f42611a,pangeo-forge_pangeo-forge
811,4614f1c2009b22bf3ca8042a3bfed470a4fe43b4,pangeo-forge_pangeo-forge
812,4619c82949a62859e49a7047ae6b566aef9a3008,pangeo-forge_pangeo-forge
813,463137a199efc6309abb6b80e9c2aa2ca3bbdd55,pangeo-forge_pangeo-forge
814,463cc7eb1fafe8e49b7ea318afce7d7b5b22e43b,pangeo-forge_pangeo-forge
815,4644c04d5ff085da9ab6d3e5d20eddd9cd4cf449,pangeo-forge_pangeo-forge
816,464566d374ac517f3ed9ac1412259e79d9e80d65,pangeo-forge_pangeo-forge
817,465de0a9e019e43bed5eef2dee7fc1fbe74a3590,pangeo-forge_pangeo-forge
818,4660715e2ce0ecb2de63fa6b8679b56aa33b957e,pangeo-forge_pangeo-forge
819,468f3262923cac474ae48df1e3cdf5cb0f8b0a21,pangeo-forge_pangeo-forge
820,4698a68d648ca79c9ce868d22cc0208b9f38fa7c,pangeo-forge_pangeo-forge
821,46b27b2dfb9e11db226d111aab824718a03c66c1,pangeo-forge_pangeo-forge
822,46b28bce5d65c40b0ff56d4081e8f05ec8a21eb8,pangeo-forge_pangeo-forge
823,46b2f37ab0c37577737db83317e41583df447d2a,pangeo-forge_pangeo-forge
824,46b465c39409dfbf1c908cd325aeb1ba7e0a1cd2,pangeo-forge_pangeo-forge
825,46c57d527db956440cd7bc03d0442a50dfeb40d2,pangeo-forge_pangeo-forge
826,46c6eae457876e3f8dc5f96aed5759a56d863e7b,pangeo-forge_pangeo-forge
827,46da58d8353f0e671bd475062c0be358163be520,pangeo-forge_pangeo-forge
828,46f3f3a4d2f4bc25a044f8c42e30ae1dd6d16781,pangeo-forge_pangeo-forge
829,46f96ee11754555374db47d9bd1501324d4c610c,pangeo-forge_pangeo-forge
830,4732062177ba030e8da673e8e9ad905fa420d2c2,pangeo-forge_pangeo-forge
831,473d802a1d947c8dc66ddb5db9050204c1462787,pangeo-forge_pangeo-forge
832,474d69ba6c9e7350aa95448435447755e08954be,pangeo-forge_pangeo-forge
833,475379a2f0a0ec8570c834f1eb1bdb6d24f86d29,pangeo-forge_pangeo-forge
834,47622162c5be6bb5a41d0ffa10a66a1dccbcd8b7,pangeo-forge_pangeo-forge
835,476ea411171ab43578d249b58d783486b58f742a,pangeo-forge_pangeo-forge
836,47801019cfcee4b5335e7bab68e7503afe240e3a,pangeo-forge_pangeo-forge
837,47863d6b30f35c46fa8792be1379d699ec984779,pangeo-forge_pangeo-forge
838,47903af851a35a706a83ceecc82c750c2d219466,pangeo-forge_pangeo-forge
839,47bd76dc95acab994f304d5e502bce1aaae6034a,pangeo-forge_pangeo-forge
840,47bde0834034f6ce7047d91b22959ffe0d736bcb,pangeo-forge_pangeo-forge
841,47cea52fe2cfe974bcb097ccfaee445ea2c6b9ef,pangeo-forge_pangeo-forge
842,47cf71b15b1d5e544b92b5a0c3310fd9d706575a,pangeo-forge_pangeo-forge
843,47e46f82e9965c17c470192c5e4b47cbb941d027,pangeo-forge_pangeo-forge
844,47ff263a08c404232125629fbc23e829d54d6d7b,pangeo-forge_pangeo-forge
845,4810b649a91c2135b0b30f99397330a96c6acd72,pangeo-forge_pangeo-forge
846,48235770f768e52a16302e9b78a6b14ff814f791,pangeo-forge_pangeo-forge
847,4838c5f45fadc1283986d054e2a9a927e81d02d3,pangeo-forge_pangeo-forge
848,4841372331f1c831a6ab4f0affe9a24075d04557,pangeo-forge_pangeo-forge
849,4852afd6ee6bffa9860d6e1bae0b40076ff8ffeb,pangeo-forge_pangeo-forge
850,486ca953189df43af739fbc8cca04c732b9cc536,pangeo-forge_pangeo-forge
851,487f0390132e4767fc6deb69b1e072f811b11012,pangeo-forge_pangeo-forge
852,488cc977a81f7a4e3e3c24b71ead23436dd8af3b,pangeo-forge_pangeo-forge
853,489cc8a35939b0ea8a85e7cceef68ad855fcb7c9,pangeo-forge_pangeo-forge
854,48a96ff708ed92b9c3b9bbdd7b621b1b86cb4937,pangeo-forge_pangeo-forge
855,48e93b3129b9f89cd518578f392c2528a36a0bac,pangeo-forge_pangeo-forge
856,48ed3a5a5fafb040734bdd6ecd0c1ca4446d81c3,pangeo-forge_pangeo-forge
857,48ef594f867c667ee7ef8301d234e67a3c3612c5,pangeo-forge_pangeo-forge
858,4918ffd907ecd91cdc3ddc38b8f7d2225231fc76,pangeo-forge_pangeo-forge
859,491b04c6135970f551444e041ff2cd85a3dcbe39,pangeo-forge_pangeo-forge
860,4928835114b0b6bf3024e367ee3a84ebf5cbb5ab,pangeo-forge_pangeo-forge
861,492ef1252f8fad12f9a4095c2976ef34a7e507c9,pangeo-forge_pangeo-forge
862,49519ef2a5fcb7b1dfe08b7ed61ed66a56917ff3,pangeo-forge_pangeo-forge
863,496036af4f7679817681ef1334b38096dfc41528,pangeo-forge_pangeo-forge
864,498c20fd569af24ad6135266a9c8639622d6f184,pangeo-forge_pangeo-forge
865,498d06a8c11fbcc59fae785f68ee4f8113eb6e3f,pangeo-forge_pangeo-forge
866,49983c3a2ba475b423fdf495bb67b3be08d7d534,pangeo-forge_pangeo-forge
867,49997cb52cff466bd394c1348ef23981e782a4d9,pangeo-forge_pangeo-forge
868,49baaccab9c1728f1c3921b7b09af97096d363d3,pangeo-forge_pangeo-forge
869,49c633015e853ea0cd783421cb37b79b3634f361,pangeo-forge_pangeo-forge
870,49dc2aaa941ec5601c051b75e71591304faac2e5,pangeo-forge_pangeo-forge
871,49e01c039d984d5e6b5b1543cde65561faf9ee1b,pangeo-forge_pangeo-forge
872,49e8c808fabff8cd6e1fc0cfeafc91fafb10f7fb,pangeo-forge_pangeo-forge
873,49fed10b4486db0638c707b7cc4cac16eb2372d1,pangeo-forge_pangeo-forge
874,4a011996fd2a859b76fecfee1d7376fec30f6fdc,pangeo-forge_pangeo-forge
875,4a0b2be3ef66a4ab7ea1f0bc161938e356edcf4d,pangeo-forge_pangeo-forge
876,4a11dde164fd0867f9108e6f7c1d52d2a3aff0e6,pangeo-forge_pangeo-forge
877,4a44a71e00615ff1bb09074ab6844943db3f5a3a,pangeo-forge_pangeo-forge
878,4a7357b1066e6c04a03f254b8d154ab99994c938,pangeo-forge_pangeo-forge
879,4a73be62e70147908bc69b653def825de42b9023,pangeo-forge_pangeo-forge
880,4aa0de2e4ec33893be5643bb090e38d4dd8a4d21,pangeo-forge_pangeo-forge
881,4aae78fa39746f9e5c9870e2b6b2ff63f27c0eba,pangeo-forge_pangeo-forge
882,4ab52bdddb691c31468766088c367bfe01c018a7,pangeo-forge_pangeo-forge
883,4ab88d41cc78d0ccb622394360f4723fe657e283,pangeo-forge_pangeo-forge
884,4ad2a690569210e8140ef89585070a7a2d926b12,pangeo-forge_pangeo-forge
885,4ad94f54c666f8c3ed31b31023f9db10e67f5b56,pangeo-forge_pangeo-forge
886,4ae7049c601fe67b578d8103375ccbab39f819bb,pangeo-forge_pangeo-forge
887,4ae73fbe174c9a0639ad0c7d0b86958826b3e09e,pangeo-forge_pangeo-forge
888,4aed14c1038cf86352a130feef880e020e49dcd7,pangeo-forge_pangeo-forge
889,4aeeff446bb1a0414186b395aec90d22c76401a7,pangeo-forge_pangeo-forge
890,4afc0812a9c70eba574730967fac7c2d78170119,pangeo-forge_pangeo-forge
891,4b14cc382f9d9f63631a90eea0040440f5da4cc4,pangeo-forge_pangeo-forge
892,4b2ae4ae82a695a857f4dff0b64dfec62bfcf5a9,pangeo-forge_pangeo-forge
893,4b5b1b1a75995ea38ceb17b3597491395e2b45e6,pangeo-forge_pangeo-forge
894,4b5f1242c9d915ed93b7412c99d6586bbf1cbf70,pangeo-forge_pangeo-forge
895,4b6df424cf320871f587b3696deb5517759fe5c9,pangeo-forge_pangeo-forge
896,4b79a5a15fc7188189bd22e50c0a7c25c70a22a8,pangeo-forge_pangeo-forge
897,4b7a407f6f03ede1a5b23cc045cb37934a510dc1,pangeo-forge_pangeo-forge
898,4b92bca60c81d9432cf8e3dfb6bb83bd2b840311,pangeo-forge_pangeo-forge
899,4ba40666a14cf29035a3513c5b4ff4930c441668,pangeo-forge_pangeo-forge
900,4bb6fec3ba8824efff3f0f029e821e88e4bd4cd0,pangeo-forge_pangeo-forge
901,4bf2eae11078962c651aa5d52967e6e94605e598,pangeo-forge_pangeo-forge
902,4c0f98992cfd6ae223b665853e3169b1bb922db2,pangeo-forge_pangeo-forge
903,4c1b5ded8c8e93809b17f52cac6519e86520aae1,pangeo-forge_pangeo-forge
904,4c1b82ddd3151eb6623ce0ed8085b25af3563841,pangeo-forge_pangeo-forge
905,4c1e9ba7751885125ab8e9ff9343a489feb972c8,pangeo-forge_pangeo-forge
906,4c2c0b5f65d2004fddcfa0d202d7a9780da4938c,pangeo-forge_pangeo-forge
907,4c4360c47a5ab6bcd6b26cb75800bc628687f97e,pangeo-forge_pangeo-forge
908,4c59f1b8c44bf74e8e417eb42e8eabc835cd6299,pangeo-forge_pangeo-forge
909,4c7645fb6ff553a800df90eff36fce8ddbf7c1c1,pangeo-forge_pangeo-forge
910,4c8027b065bfe22f5707ba7a94778866e31daff0,pangeo-forge_pangeo-forge
911,4c935b2b335455593557a24d00b5dce08ab45d02,pangeo-forge_pangeo-forge
912,4ca307626adb0ab3cf4301398f53e8b3d64fe2e5,pangeo-forge_pangeo-forge
913,4ca70faff17d445a8bbd52949e97cbd97bbd9a07,pangeo-forge_pangeo-forge
914,4cbe7ce37b6fe641c4f707dcdca0b198113d2d5c,pangeo-forge_pangeo-forge
915,4cc42a845c1748145d3e0adfdd83de91f0c6626d,pangeo-forge_pangeo-forge
916,4cc71bb146727d02e0c50ed6a220d41357ead089,pangeo-forge_pangeo-forge
917,4cc8549ffb535e5e4146012d78877073edbce91d,pangeo-forge_pangeo-forge
918,4cdd5ec5ef78b2d7013128cd558aa0ba3a00e662,pangeo-forge_pangeo-forge
919,4d09aabe6c833e41d4d6689c7293a27e876ac6f9,pangeo-forge_pangeo-forge
920,4d587222dc921423e0b860a85031fc663ac65fbe,pangeo-forge_pangeo-forge
921,4d6c936e388c0fec67f1993f959396424be2b66f,pangeo-forge_pangeo-forge
922,4d7719a2efa3ef3245bd9807a3282e05bab47314,pangeo-forge_pangeo-forge
923,4d798003aa93923b61bed886703a1edf3b404881,pangeo-forge_pangeo-forge
924,4d986a4583a1319d9606a302f6491eecaab42156,pangeo-forge_pangeo-forge
925,4df8e909f7f0abb79f5824d2b9f3f0d3f70f0848,pangeo-forge_pangeo-forge
926,4e1d1030f0694706466441ab09b6b7ac2e282653,pangeo-forge_pangeo-forge
927,4e27fcc122d3490e9f76c691811c6debdd38cc83,pangeo-forge_pangeo-forge
928,4e3b7c3bd6cd68c477831124ee93828ecbcfdfa6,pangeo-forge_pangeo-forge
929,4ec50f13d3ca49d3673d588aa8b5038a841da25c,pangeo-forge_pangeo-forge
930,4ee634a4806b569310d43f87d04f40a1a4222d27,pangeo-forge_pangeo-forge
931,4eee2c2d0de1092fa1091b2e0ca84020c2115ed1,pangeo-forge_pangeo-forge
932,4ef371649f9f524d2e873a5f09dbfda42af061fc,pangeo-forge_pangeo-forge
933,4f1f6617d476df958fca9931707ac537c7eff600,pangeo-forge_pangeo-forge
934,4f22e89e7d2b561501108cbf7ab3aa527dade4db,pangeo-forge_pangeo-forge
935,4f26242def672dd345bedf03707ff00f63a83655,pangeo-forge_pangeo-forge
936,4f4091bc4ab38809b60901dd0f97e80a4c0bff45,pangeo-forge_pangeo-forge
937,4f41b5bb772d96b0282f35e3f7c1b3aff9f720ab,pangeo-forge_pangeo-forge
938,4f5f60c99548b7070022a17a97aa816d3b531541,pangeo-forge_pangeo-forge
939,4f6214137e0c1995077a9fa57ff4974a513b39a7,pangeo-forge_pangeo-forge
940,4f89406b126892eb17a95cd7a342dcde24e78974,pangeo-forge_pangeo-forge
941,4f8c0522c1395aaf15a820cfd637a1f1e76729b2,pangeo-forge_pangeo-forge
942,4f9023568926ff61603e889507960ce6c2d3c17c,pangeo-forge_pangeo-forge
943,4fa6feaef7dfa6e0f89e31d6f06c068dbe5abd0d,pangeo-forge_pangeo-forge
944,4fbf5c7f0f64fcdcdb4d7a6dbe7d444a5bef2e92,pangeo-forge_pangeo-forge
945,4fe80ed44dcc770d4c377b23f896df026e791fb0,pangeo-forge_pangeo-forge
946,501deb6580e103bb63ebc3052fd2ee0f280c9672,pangeo-forge_pangeo-forge
947,50618c5ac749b2d12e6e6543d41df15911405718,pangeo-forge_pangeo-forge
948,506231812763884d33f283d1d07065834990f022,pangeo-forge_pangeo-forge
949,506cb471fddaeca6aef31cfba05da8aa782a95b5,pangeo-forge_pangeo-forge
950,5073039260f42e2f516470c5340e66a43b03b941,pangeo-forge_pangeo-forge
951,507f27a7d810b2dd3a0adfeb51a14e9de75f157d,pangeo-forge_pangeo-forge
952,508874614e3ff322fce621b4e4cc1c71f92e88e4,pangeo-forge_pangeo-forge
953,509925c8e2835626279659ba8203a48ae163fbbd,pangeo-forge_pangeo-forge
954,50b2b5a3ccef323ece1fed9674b3ffec3382609d,pangeo-forge_pangeo-forge
955,50b522d00e6af58dc0307a2b454c44a6b3b1fa2e,pangeo-forge_pangeo-forge
956,50b55f1757d3bc7b8c5342a6be003c880fbda9ed,pangeo-forge_pangeo-forge
957,50d3eb48ceffaf5774f2dab946edeb188a7a6d04,pangeo-forge_pangeo-forge
958,50ed1cfed3a9aa55483b05e584023c6d8f6506b8,pangeo-forge_pangeo-forge
959,50f8f62c40eac39efe99e9a659c844200abcf2bd,pangeo-forge_pangeo-forge
960,511246b81e5f0a96b32f2749885092520dde9224,pangeo-forge_pangeo-forge
961,513f9444a78b0d8b173df0b1266c2407dfbb1186,pangeo-forge_pangeo-forge
962,51409d5ea9f826f76f4af5daadcb8300a0486135,pangeo-forge_pangeo-forge
963,514c901c6de1ba1385f31ced736659d584d6fd4d,pangeo-forge_pangeo-forge
964,514feb6fe6b2d1d35466da3df9389113b4c25d77,pangeo-forge_pangeo-forge
965,51545c3e19a067e890a6f0631603b5fe7c59c1a8,pangeo-forge_pangeo-forge
966,515a806fdb2efda22dcce887ea4408b0bd42119b,pangeo-forge_pangeo-forge
967,518aaf2195254243ae8d9b9be68f5f191f0c14d0,pangeo-forge_pangeo-forge
968,51af22730dbe408f1f76c1db1d0f31d911fca409,pangeo-forge_pangeo-forge
969,51baa068cc2dc5c13f424696b3f8d06a4ee1a33b,pangeo-forge_pangeo-forge
970,51dff78c0509e3a988e73810ef0a382f9f2a924b,pangeo-forge_pangeo-forge
971,51e902d1c64e0c40d329dc49cfba1993c219ff24,pangeo-forge_pangeo-forge
972,51f423b7eef3095408b7717fb5bca5229c6102d7,pangeo-forge_pangeo-forge
973,52278093049f4f5b3c353874b3cc56b5aa3f7ce2,pangeo-forge_pangeo-forge
974,524b2a96eb16319b4ff2aa034e2af5ff5b3dd6a9,pangeo-forge_pangeo-forge
975,527e03ab90ac60d674d4a35ec5d2d6016851423c,pangeo-forge_pangeo-forge
976,528ef7f6c4f24c31ca1be1aa86052ccc9088faeb,pangeo-forge_pangeo-forge
977,52a15988faf78a9a7f45d6dcc4e0f72d40485672,pangeo-forge_pangeo-forge
978,52c9184c958332da61284e3c4adbe523022ee8ef,pangeo-forge_pangeo-forge
979,52c9935417b27c69ecea06e3f32ca2c7e6331a83,pangeo-forge_pangeo-forge
980,52dd31dd34cdff1ce428ea85e75d4922cf91950e,pangeo-forge_pangeo-forge
981,53554795404c1358468aeafcbafd9d978cb2f045,pangeo-forge_pangeo-forge
982,5364da18cf66ca6737256647b7cb8fc69d4511ec,pangeo-forge_pangeo-forge
983,5367f6363be91dd4826f3e5f21ffea61b60994cb,pangeo-forge_pangeo-forge
984,537d9645c0eaec9d6a363d8c0fa37b1c506a469e,pangeo-forge_pangeo-forge
985,53814e1f683bb677a0c013c464bcfe76d4903e9b,pangeo-forge_pangeo-forge
986,5398b54afc87fd7e05b2175c9f32b757c4cc167f,pangeo-forge_pangeo-forge
987,53a6b0b8113b5b1359f230d76a68dc5f3409edb6,pangeo-forge_pangeo-forge
988,53aa37a8b8f8930b43635c8ad2c483c27f082cfb,pangeo-forge_pangeo-forge
989,53b0ae92bab9c6e32450ac0ae8d05f154d9a9d1f,pangeo-forge_pangeo-forge
990,53cbd492581987eb41d2ce4f92991d16be312858,pangeo-forge_pangeo-forge
991,53d84c1197acdc6677f54079216b731beb86a8b9,pangeo-forge_pangeo-forge
992,53f004b4082883a86c301c7f2d49af40fa6f5303,pangeo-forge_pangeo-forge
993,53f1f6ede8fdac911693a859460e53d52a90f54f,pangeo-forge_pangeo-forge
994,540f6160099f049a379d4f5db7f80a9ab2765486,pangeo-forge_pangeo-forge
995,542107e308d9c7e076b908e09062dee2aefc7c2f,pangeo-forge_pangeo-forge
996,54325c2340b1933294723254c60a7eda822e90f7,pangeo-forge_pangeo-forge
997,5442e1d318ad07efc9453cbfe0e99c06345b04ba,pangeo-forge_pangeo-forge
998,54578b05fc2b7d127edefc94c86517f0b0e1bf91,pangeo-forge_pangeo-forge
999,547070b7dc4735972630c9a5bb072c718a577f7f,pangeo-forge_pangeo-forge
1000,5471e7b82ff168bba374b3da0c1c9a15f4d72146,pangeo-forge_pangeo-forge
1001,548087783d545125bde75a99b156e47aa21a8474,pangeo-forge_pangeo-forge
1002,548fc8252f4b77eb0389dc9da0f4f03032b78ab4,pangeo-forge_pangeo-forge
1003,549fccfd0e1abd3a1ea132ead1aea1957b38eb15,pangeo-forge_pangeo-forge
1004,54e000e921ea3ebc356cd4d42193c0e03c28c1d7,pangeo-forge_pangeo-forge
1005,54e3e2e590f989dc881c4678e82932bce81c5052,pangeo-forge_pangeo-forge
1006,54e5a357bd32ab4204454949e7cb537c245cd04c,pangeo-forge_pangeo-forge
1007,54ec73601118e28b1ec3268f0330a764ce1aa7e8,pangeo-forge_pangeo-forge
1008,54f62b9db4a2422ef6cc3f419cec9b70d4101f5b,pangeo-forge_pangeo-forge
1009,551327728151c0d605070492432d4d0e0902b648,pangeo-forge_pangeo-forge
1010,5513ae4f2234201785b790c667f352df3a38aa06,pangeo-forge_pangeo-forge
1011,5552e887911526a9809d41d2776fed8b0269b9a9,pangeo-forge_pangeo-forge
1012,5554dbb4ac620d0e3f1ae41b042a6a1239586da0,pangeo-forge_pangeo-forge
1013,555be04c574ebd0705d12142413f1af7f50d56b5,pangeo-forge_pangeo-forge
1014,555d3259ec606b255d10edf8aadb07f2452581b1,pangeo-forge_pangeo-forge
1015,5563e8a8755a8bfc060d5e3d23d844186d38d2c8,pangeo-forge_pangeo-forge
1016,556f06327a77040de9694f682bf157da9ef60dc3,pangeo-forge_pangeo-forge
1017,55729b40ebd25e588f0d81accce8503ef919406f,pangeo-forge_pangeo-forge
1018,557350d4122bf4cfa7b3971f9b914a65c4a8f994,pangeo-forge_pangeo-forge
1019,55a0a57d2c1e92f9f16565b0b00539bc73956e0e,pangeo-forge_pangeo-forge
1020,55a0c1b2524adf4cab8131217c2ece9c43f79302,pangeo-forge_pangeo-forge
1021,55a6580b0872632738ea27a9842e469f22ec0e94,pangeo-forge_pangeo-forge
1022,55b1a40db874d5ce3bd391935816845990a0d086,pangeo-forge_pangeo-forge
1023,55cca2d84e97ba0b843d32e735f05fd7202be2c0,pangeo-forge_pangeo-forge
1024,55e46209ed81438a1c85da5888abf76b9cbc3192,pangeo-forge_pangeo-forge
1025,55ed54a533b0dfcf3b978532e879c57223a4d313,pangeo-forge_pangeo-forge
1026,55ed66dedbbd00f40dd26da017392cadeadf1484,pangeo-forge_pangeo-forge
1027,55f1f54bc3383ddc03b479ca4024dc3f05d8cd77,pangeo-forge_pangeo-forge
1028,55f2920dcedf3d9772b9f59580bb016916b43046,pangeo-forge_pangeo-forge
1029,55fff0b30ce47de7fde51fe9fe30195c0b7a637b,pangeo-forge_pangeo-forge
1030,56049c99e1eb3a39f3a0d3fc198e45b5b9af10d1,pangeo-forge_pangeo-forge
1031,561897d003231ee3c6e97427015847adaef1714e,pangeo-forge_pangeo-forge
1032,562e76ccb77831540d5424e948a6fe4ec440263a,pangeo-forge_pangeo-forge
1033,56423d582cbf959d5883b960d73a963d31e65779,pangeo-forge_pangeo-forge
1034,5680ca4581961cadeed9fd5e15d89ecec095d095,pangeo-forge_pangeo-forge
1035,5685dce483f5198690809b85ab4176bbfccac258,pangeo-forge_pangeo-forge
1036,568980cc885002c72e3e361059ef4337c547c61c,pangeo-forge_pangeo-forge
1037,56a7298b879ed7a0de3a71535399f42c7faf1bec,pangeo-forge_pangeo-forge
1038,56bc9f03447f8eaa930bf28055db77caa70af936,pangeo-forge_pangeo-forge
1039,56c68a6acd50124c24250f7f34070ceb7296e21d,pangeo-forge_pangeo-forge
1040,56e320cbf4cdf7a86999169f74a09ada994480f7,pangeo-forge_pangeo-forge
1041,57034183aa836fbc834bcc57e6cde1529dd78304,pangeo-forge_pangeo-forge
1042,570f59d75e10ad639bb5e82ecfd6bc84aa1e8bf2,pangeo-forge_pangeo-forge
1043,57304e86ff31e5e4c56cc8dd5f27f79a8e9b47f4,pangeo-forge_pangeo-forge
1044,574b9bad981174731acf5e77da1d800168cfdd6e,pangeo-forge_pangeo-forge
1045,575bec2d5ff8f5945c9f2fea6ddb1cadc39674ac,pangeo-forge_pangeo-forge
1046,5762062281a71777ba467d50f5eb5a0b7a1442b0,pangeo-forge_pangeo-forge
1047,576679f8604b077ad933744e10f99c81a66790ec,pangeo-forge_pangeo-forge
1048,579b882609f3b2e64a67bdd1ac6ccbc64fd3a624,pangeo-forge_pangeo-forge
1049,57ab260cac857a8269ef8e42bcb56ff8a3209f23,pangeo-forge_pangeo-forge
1050,57b5ac79e44c5b988925a34aed6388e9e7898450,pangeo-forge_pangeo-forge
1051,57bf862c0a0d94e70641ac9ff9f92443695fe251,pangeo-forge_pangeo-forge
1052,57e3caf1b5a2cd79554da851411e0932815bf70a,pangeo-forge_pangeo-forge
1053,582da6dccb7e6f1cbb6a0c170566ccdcd15214b0,pangeo-forge_pangeo-forge
1054,5837ff449bf350ff69101d1e083d9867f07a0d7a,pangeo-forge_pangeo-forge
1055,584878f9c28456c031cfe7b88f993b52014e0610,pangeo-forge_pangeo-forge
1056,584c952e4076cef4367e14e98e5b9440f516bca5,pangeo-forge_pangeo-forge
1057,587f3884e48d3437d2cddd89c1494d55098e326e,pangeo-forge_pangeo-forge
1058,589a6bc60eb2cb99cbb63741a6fd594dac677d0a,pangeo-forge_pangeo-forge
1059,58a96659f53e6e858bded52b6c5a0a66219b2824,pangeo-forge_pangeo-forge
1060,58aebabf6da297162882b5fbd529f329a3ad6be2,pangeo-forge_pangeo-forge
1061,58b2074c3f893291c8ab1a325b1b7cf6c4a2f1be,pangeo-forge_pangeo-forge
1062,58bc457fbaeacec0860336b4f0e918de44e62ec3,pangeo-forge_pangeo-forge
1063,58c9f53725f5dd7847741f44767393f91282b0c9,pangeo-forge_pangeo-forge
1064,58cc6b9b297109f43ef803424fb562f7d167ed7a,pangeo-forge_pangeo-forge
1065,5900f2c6d1ccd46f1bd1507264a4487feeb9692e,pangeo-forge_pangeo-forge
1066,59393f6f95083a9d1b7d19d35d7093d6758cf570,pangeo-forge_pangeo-forge
1067,593aad2ec57515cce996942a1499513a0ae0240a,pangeo-forge_pangeo-forge
1068,593f1170d7ca03f9e50f344b86140fd4f64d777d,pangeo-forge_pangeo-forge
1069,59432fd4e08e8644043135e8113519b70998903e,pangeo-forge_pangeo-forge
1070,5949e6eec31c90296a323447ead039c072e46375,pangeo-forge_pangeo-forge
1071,595889ac1549febf1a416ec93be27f4bbee4e130,pangeo-forge_pangeo-forge
1072,5959be6fe7b199b69c107c0e0368a3a04cd28006,pangeo-forge_pangeo-forge
1073,595a50a9986c36d694d738e65ec0b9d4a3139a7a,pangeo-forge_pangeo-forge
1074,595daab8c04c154c6660ea8a7bd61a49db3ce956,pangeo-forge_pangeo-forge
1075,5978853e07e88646ebcc0c176397b6c444f6b204,pangeo-forge_pangeo-forge
1076,598e9922bcedb1b84dad142f4d743d7506cae32d,pangeo-forge_pangeo-forge
1077,599727c56e605098bfa90b5ef2826501004ab739,pangeo-forge_pangeo-forge
1078,59c4731516479fc6e9333c465e99414dcfe6f178,pangeo-forge_pangeo-forge
1079,59c6627bd63f317ab1c73536ed2e6eb10d8a1795,pangeo-forge_pangeo-forge
1080,59d7e9387e9e7ba037185deef5dc63fdf54017ae,pangeo-forge_pangeo-forge
1081,5a03d6828d6b27d895ce505ec15a17aa2a11e555,pangeo-forge_pangeo-forge
1082,5a146d808057efba40dba0ccdfea4f6d2778fc8e,pangeo-forge_pangeo-forge
1083,5a2d29f76bc21d3db1da16fdc32f4993db55f31c,pangeo-forge_pangeo-forge
1084,5a37cb7a7c5a17412517e176951a97e6a07e3a7d,pangeo-forge_pangeo-forge
1085,5a3c9b5ea7e0cc5fae2ef74035ec0e413e96620a,pangeo-forge_pangeo-forge
1086,5a5dd039b1934609a78e35372ca239ef4e1b06f3,pangeo-forge_pangeo-forge
1087,5a6b08598e90f17759a974ff4e5558a39a5f470c,pangeo-forge_pangeo-forge
1088,5a8cf6e5a720e2b05496e38e03c0f2ed12d04374,pangeo-forge_pangeo-forge
1089,5a9fd389b4a65189447e5db26015826a9f8e51ca,pangeo-forge_pangeo-forge
1090,5abc02f001e3cd70fc95f9479a1c784bb76de4c5,pangeo-forge_pangeo-forge
1091,5ac076cc4c34e1c04d44370c0a04725e2848d088,pangeo-forge_pangeo-forge
1092,5ac653ef6288151109567cdf8a3428938cc4dcfd,pangeo-forge_pangeo-forge
1093,5ad737897961854c514138815c8a86df1dcd7b0a,pangeo-forge_pangeo-forge
1094,5ada2edf1ef1696f729697e58d3696b6d581baa8,pangeo-forge_pangeo-forge
1095,5b03775744dae6b75b43b35cde1f6f6bb2206927,pangeo-forge_pangeo-forge
1096,5b04a6ca0ef69f7c723b887ec230ee49ecc4144b,pangeo-forge_pangeo-forge
1097,5b0a2ce2c7261fb96ce3f500d0b637ddf99f2a4d,pangeo-forge_pangeo-forge
1098,5b0eb8f22a9ce786a5420e3cd105f5373af41a78,pangeo-forge_pangeo-forge
1099,5b11533304f63c359bdbcd46032c09338291b7d1,pangeo-forge_pangeo-forge
1100,5b19225011e704ddbbbdda8f27d2631ed2e81796,pangeo-forge_pangeo-forge
1101,5b43daecd9e33e67d3dc58a9b8bd4d5f2e83963f,pangeo-forge_pangeo-forge
1102,5b541f29f6e13565e9d23edb94ab55d2f02584f8,pangeo-forge_pangeo-forge
1103,5b8a08cc3a4879bd079e6247e7bc2d5da34c33ef,pangeo-forge_pangeo-forge
1104,5bb31044e91b9e777e13681cd9a3fce19f82e98b,pangeo-forge_pangeo-forge
1105,5bc20230c634523b54d6928aeee69a7023d022c6,pangeo-forge_pangeo-forge
1106,5be4e171c89d35c0ac630fb7907ef0f513b67623,pangeo-forge_pangeo-forge
1107,5bf60f6929476588a3cd2474b06d44dfe522f6f9,pangeo-forge_pangeo-forge
1108,5bf8df7be094525826c25c0e523d97cf4371c049,pangeo-forge_pangeo-forge
1109,5c7c3df20396afefd2962a5953653e6649e6f762,pangeo-forge_pangeo-forge
1110,5c8056dc6ee9528a16c9b8869cd27b592a51e596,pangeo-forge_pangeo-forge
1111,5c80733a1002c3b5f281e373746c9bc580453204,pangeo-forge_pangeo-forge
1112,5cab09661d8919f6ac84f2ff31a15893e3f9e03c,pangeo-forge_pangeo-forge
1113,5cb1e61cbd47ba4e52c39bcadf1f27b773ff97e1,pangeo-forge_pangeo-forge
1114,5cc7cec48ac931476280fd33dd19ff0bbacb1005,pangeo-forge_pangeo-forge
1115,5cce9cf6c2d6c05e0641aa847a7997d30f0ddae5,pangeo-forge_pangeo-forge
1116,5cd63719e1f2028b7b09e88e51afa0241b3c15a6,pangeo-forge_pangeo-forge
1117,5ce2d6271501ef92973fddf63b9927b106a2ac83,pangeo-forge_pangeo-forge
1118,5cee84826eb024a3b54477e10c26627f34b9b73d,pangeo-forge_pangeo-forge
1119,5d132950c71926a992bf976bb25f94b469f20db6,pangeo-forge_pangeo-forge
1120,5d2002d99aa3555b4382d77beea4b7f99ef33708,pangeo-forge_pangeo-forge
1121,5d2b8468c32e6981b7387d3c16aa1041bf3956a6,pangeo-forge_pangeo-forge
1122,5d4392739fedf6000df8b2271c1538ea93bd8bf6,pangeo-forge_pangeo-forge
1123,5d496e335e3bb871a93b2dc4c580622757ac229a,pangeo-forge_pangeo-forge
1124,5d6c52e97c330fe701e24fba2f36f19fc36e9b0b,pangeo-forge_pangeo-forge
1125,5d77d49d4228c6464210d2a410bc1ce65d3c4f2d,pangeo-forge_pangeo-forge
1126,5d81dc55ce8399383c709612eebdb4e4afe44eac,pangeo-forge_pangeo-forge
1127,5d96d58548d5baec35982dccfe4634d3ebfce5b8,pangeo-forge_pangeo-forge
1128,5da10367c8acafa7d725e8aab8847264677ad8ac,pangeo-forge_pangeo-forge
1129,5da5181066e74f58593def091371544df21e53d2,pangeo-forge_pangeo-forge
1130,5da64f8657a769bc0bd13b5372bba4e6cb142813,pangeo-forge_pangeo-forge
1131,5dd3f45c2b9a644fc101b8663242066dfae5a626,pangeo-forge_pangeo-forge
1132,5df925e7473e2d8413f1636171477694d2798715,pangeo-forge_pangeo-forge
1133,5e2362acdd77a5c4441e8ab57deca6577bbd4dff,pangeo-forge_pangeo-forge
1134,5e33a7d31e2cbeec23703262cb3c7571d6a86097,pangeo-forge_pangeo-forge
1135,5e430f2d28344bc41c9108f778ee35798e2221fb,pangeo-forge_pangeo-forge
1136,5e5204c109e7835f59012acd5488859ca5072d59,pangeo-forge_pangeo-forge
1137,5e9eae41bb549ee00b6495453fa1dab52cf12599,pangeo-forge_pangeo-forge
1138,5ead9fd46f8ea58129928dfb66d4e090dbbd0e6f,pangeo-forge_pangeo-forge
1139,5ebb0f72518eb6bd4e4984c5f40a9fe12f0fea27,pangeo-forge_pangeo-forge
1140,5ec76b4ba8daebfce057260a3b07a597e569c942,pangeo-forge_pangeo-forge
1141,5edf5ec438e6404f89c95ca7319e5be96e079253,pangeo-forge_pangeo-forge
1142,5ee286d2e2c3e1c68a0c7e5885c17c8a9a70e8ca,pangeo-forge_pangeo-forge
1143,5ee3f8ae7702e939a256bbed26b8bcaf2ce81b33,pangeo-forge_pangeo-forge
1144,5ee834226bb45588dff3ff0352c31b3b27da4ce0,pangeo-forge_pangeo-forge
1145,5f019731b071ec0b506dd2f2147acd791a99cb5d,pangeo-forge_pangeo-forge
1146,5f05fb72aa6527cbf6362e46fd333e6ea4617885,pangeo-forge_pangeo-forge
1147,5f3337c4fa038506837c5d917d99d43d7143fd10,pangeo-forge_pangeo-forge
1148,5f423519e15652ed04f410ce623d37c7f8d25034,pangeo-forge_pangeo-forge
1149,5f750f4ff5f054127cf421b96959a7bc05f5d2c2,pangeo-forge_pangeo-forge
1150,5f7d9b144812b2bc6b3c85eb4c909a717cf7df7b,pangeo-forge_pangeo-forge
1151,5f9289eb7818a3b5d86b0fb6300a1c9a3ea7a7c4,pangeo-forge_pangeo-forge
1152,5fadc036ae38dc8a4c26da8dbaf30b1c87faa99e,pangeo-forge_pangeo-forge
1153,5fc6a0fee782645140508ba0367ba672570dd8d5,pangeo-forge_pangeo-forge
1154,5feedb887a27fd85be5079ffb3ae4d9f31df37e2,pangeo-forge_pangeo-forge
1155,5ffa90a731c9f219c9fc2178f47059932c13afbd,pangeo-forge_pangeo-forge
1156,6007a086e76e2adcd5b4bf26cdfd4043651aa9a3,pangeo-forge_pangeo-forge
1157,60141d809f396884902b2a7830e1d8f8e7897a18,pangeo-forge_pangeo-forge
1158,602b278d43c91d08b94cea2e0cb5a26079f6ba10,pangeo-forge_pangeo-forge
1159,6032e34a35df00c058c718a698a5295e4080c9eb,pangeo-forge_pangeo-forge
1160,6059494f6225a7090b9644090985799cf1230e2a,pangeo-forge_pangeo-forge
1161,605d7ec0948fa0535498c316e60488e7ec30e41f,pangeo-forge_pangeo-forge
1162,606afeb53fa1df57217b689d0543355302ad2ed6,pangeo-forge_pangeo-forge
1163,60713c5b6c2a8d15248778440316cb39ba29fb9d,pangeo-forge_pangeo-forge
1164,608cdead9221b956ec836382be2455d696d3578c,pangeo-forge_pangeo-forge
1165,60b678ee348386ac4e12f13d50de4c5f51a10c14,pangeo-forge_pangeo-forge
1166,61001cde1a58c9ff73ee650b6be03c0d26a2f41b,pangeo-forge_pangeo-forge
1167,6110957b48e688b9310f1f2db22854abacc55ecb,pangeo-forge_pangeo-forge
1168,6110cdacd0dce856b799322a15468c01ccaecf9d,pangeo-forge_pangeo-forge
1169,611fa2b4cc87b1de480728643a9cd06d00f89165,pangeo-forge_pangeo-forge
1170,613b2378f6fc36f538777d578f90b267332fd69d,pangeo-forge_pangeo-forge
1171,614b55a031ee217fa84731b352023696eab81cac,pangeo-forge_pangeo-forge
1172,61659368b2813f09962b8262c7e4a24b4efea54d,pangeo-forge_pangeo-forge
1173,617ae9a61d8805f002056068a85bc81a249b249b,pangeo-forge_pangeo-forge
1174,6182b8daacb09f25649fdec0d34881d959e0cea4,pangeo-forge_pangeo-forge
1175,6194c72343d82e39b09edcafbe7085b1d9464787,pangeo-forge_pangeo-forge
1176,61c302482e5482ada24a524b9c2344c01621c1f2,pangeo-forge_pangeo-forge
1177,61e439677a72452d4fd9285adcbe9e2857966702,pangeo-forge_pangeo-forge
1178,62001cc23694d07732e4b3365714ee560f0d3366,pangeo-forge_pangeo-forge
1179,62183f35badc963d36b0622954d03d76865a494f,pangeo-forge_pangeo-forge
1180,622fc71ed9c6b4c24511f4c73c78c80dac40f081,pangeo-forge_pangeo-forge
1181,623ae510fbb40a64a0192d6d87e1899e95ecedb6,pangeo-forge_pangeo-forge
1182,6248dadca217671d5f565644454d607ffcb12950,pangeo-forge_pangeo-forge
1183,624e2e6eba4fdd61612e7b858e9ff47cf31e3fa0,pangeo-forge_pangeo-forge
1184,626ce85856dadcf7074806e8a946f7fee495b92c,pangeo-forge_pangeo-forge
1185,6278bef18ec766af6c4837c2441a8645a1989af4,pangeo-forge_pangeo-forge
1186,627f4e7c473c6ec77c5650efc2cddecaf7847f9e,pangeo-forge_pangeo-forge
1187,62904b6fb3a8778a8016b867ba2ef0e3e1543c3f,pangeo-forge_pangeo-forge
1188,6291fc13476ba4f8d7d47f142a805ade6cc4c8aa,pangeo-forge_pangeo-forge
1189,62a8263538f35c60df50b33e1b871a83f16ee438,pangeo-forge_pangeo-forge
1190,62afe7e7106eb676fa777bc69a5589a4f742abc9,pangeo-forge_pangeo-forge
1191,62c829aa6a7743f7c59cd8bc1a35fce0070e3b90,pangeo-forge_pangeo-forge
1192,62d46adbf0f2d43ecdb0a29608e139464c1b7848,pangeo-forge_pangeo-forge
1193,62ec589f3af8cc6ae16252eed32813b0aa828ae3,pangeo-forge_pangeo-forge
1194,630a6d2d88894282dd085615e32765922d5eaff2,pangeo-forge_pangeo-forge
1195,631e46401ca7bdb6dba22375792e0480c255d8b5,pangeo-forge_pangeo-forge
1196,632f339f9fdc117b3d294fcdf62174173a4e226b,pangeo-forge_pangeo-forge
1197,6346d4181bff48cbb87f3168a354774ab4fdc819,pangeo-forge_pangeo-forge
1198,635d0b71fc4eeaf57901c607dd28de76bf4924e1,pangeo-forge_pangeo-forge
1199,636f02857b4c64bdd1396c7d8224a6fc7db4510e,pangeo-forge_pangeo-forge
1200,636f03fee7dc83b96497e4162a775a164c77a910,pangeo-forge_pangeo-forge
1201,6373fbf3a25746b9edc62e0fb869187936d5e173,pangeo-forge_pangeo-forge
1202,637bc4a1d387f7b56fb2d35036339ba5b1325dbe,pangeo-forge_pangeo-forge
1203,637f7c4b37c19015b5ba63a41290df09a4ae1f43,pangeo-forge_pangeo-forge
1204,63926efb5c11422ba79f88b7b1d4719ef1e42623,pangeo-forge_pangeo-forge
1205,63bc632c81552b262ee9a95f75ccc964a3693908,pangeo-forge_pangeo-forge
1206,63de49974a875ccbb21976b0943bce684fd09745,pangeo-forge_pangeo-forge
1207,63e2297366584702853368fbe8918a2e3c7890ee,pangeo-forge_pangeo-forge
1208,63eb8ebbb2e38c57742fe5901487bcd401e92e5b,pangeo-forge_pangeo-forge
1209,63fab27faa2c272b4f4d29e1a99e31d79c96e229,pangeo-forge_pangeo-forge
1210,6403002d0f5826a84e469a1edd546bb5d728902a,pangeo-forge_pangeo-forge
1211,642b7acbba84c95c4445038f455665e50f617ce6,pangeo-forge_pangeo-forge
1212,64368d067facbf2d587da9a004c8267948036f22,pangeo-forge_pangeo-forge
1213,6459b0eab5b3ee9e608200ddb18ebcc04df60040,pangeo-forge_pangeo-forge
1214,645af7608d285d2f1c74d6799bb61e622fc2f99d,pangeo-forge_pangeo-forge
1215,645e1b8426178cc369c197455769fd765d093bb3,pangeo-forge_pangeo-forge
1216,64642402b3239a6854abbf0fb96478ac5b19162d,pangeo-forge_pangeo-forge
1217,647808567303622d88803ed8590f96d5ac321d8c,pangeo-forge_pangeo-forge
1218,647e37bd1e79110df484a4433714a2a35d835258,pangeo-forge_pangeo-forge
1219,647f2453b4d30397bd4cd682426627c636d4ae16,pangeo-forge_pangeo-forge
1220,6486b140ed457b9b6c3d146fd85b5e5a6b667da1,pangeo-forge_pangeo-forge
1221,64938da3a6cd824c0e2488bf06113c59c9a78226,pangeo-forge_pangeo-forge
1222,64dd2825bf06cfd86334a210b6b6a48278dd5014,pangeo-forge_pangeo-forge
1223,64febb0f78db20009a8bdbd7ea568e72c500654a,pangeo-forge_pangeo-forge
1224,655fc7544531a55386860c594723a4583f16bd19,pangeo-forge_pangeo-forge
1225,658b3c05b2659537edb0c785c66d0b7cfed22fd4,pangeo-forge_pangeo-forge
1226,658e6fa4bdee52d2a02d67739a0b208a5322288b,pangeo-forge_pangeo-forge
1227,65b8228e65ad089d4150467e15fa94056a97fc5a,pangeo-forge_pangeo-forge
1228,65d5e1361a009c807e81a9f7e4d195d792e076b8,pangeo-forge_pangeo-forge
1229,65dbe8cdc2f6c2eb402f74c60a514e72bcc38cd3,pangeo-forge_pangeo-forge
1230,65f7e45bdc9809fdb5d7cc688c77b567e65ed830,pangeo-forge_pangeo-forge
1231,661d13b692492ff5b127f81a6d3d3dd3a3c63798,pangeo-forge_pangeo-forge
1232,667a7121373eda5c6db9793e16a69c15b2b0b853,pangeo-forge_pangeo-forge
1233,66d2a45d77669f6194be931b2ac34d548a822936,pangeo-forge_pangeo-forge
1234,671c411532adeb638e47aac4274c097f5c607706,pangeo-forge_pangeo-forge
1235,675a35726abb163554448db9924ffff7746c1168,pangeo-forge_pangeo-forge
1236,676fe55a29b5b64fcb98eba6589a92eab066bc87,pangeo-forge_pangeo-forge
1237,678039a1150f0e15017e2b2ed57d2b025f2e3f4d,pangeo-forge_pangeo-forge
1238,67847299dac191dfed7c184153afeb7c133e9762,pangeo-forge_pangeo-forge
1239,679957a54c29d2440f174ce8908dd5570ba5eb7b,pangeo-forge_pangeo-forge
1240,67b0414b0b533470a6379758a93460e178fb2972,pangeo-forge_pangeo-forge
1241,67b2495a4c4400d1cb173e87171ccaa98f3e779a,pangeo-forge_pangeo-forge
1242,67bf6d1d56566185fd39ebb71429f2e6bf71450c,pangeo-forge_pangeo-forge
1243,67c5a06e86e78b7981f5f55fc7d682bdaf00ebc3,pangeo-forge_pangeo-forge
1244,67d3ef65287b3d2e4e8ead6193e2b3ad50572a68,pangeo-forge_pangeo-forge
1245,67ec572ead7b68b6698ea4b56f98a2eb30c8b494,pangeo-forge_pangeo-forge
1246,6822f563a5219e995f3f6dec74cadd41a7850755,pangeo-forge_pangeo-forge
1247,682c15fc3b65b8cb496029445063a836f0ba85c8,pangeo-forge_pangeo-forge
1248,683cc95a1bd732c2b40e833e9dfdb93945a9fb41,pangeo-forge_pangeo-forge
1249,6844bd415ee47fc8186e17c47337687f9b9b87ed,pangeo-forge_pangeo-forge
1250,6847609becfd6d9278da12c35220a353b6029885,pangeo-forge_pangeo-forge
1251,684f3c729bb32b1e30dcf1d643603f9cd398fb84,pangeo-forge_pangeo-forge
1252,6874ec6ce7a6f6e3035fd42e00f161110ed92966,pangeo-forge_pangeo-forge
1253,6879adb3d0d34f6d7156e321c3316437f4d11b6c,pangeo-forge_pangeo-forge
1254,688135c36d98ab8adb0667db2524177d37f4ddfb,pangeo-forge_pangeo-forge
1255,68b9d24f1aa0bc8a28bfbb19cd7ef9fffff35a68,pangeo-forge_pangeo-forge
1256,68c5164608115f4b02c55d0f53f68960b39a67e9,pangeo-forge_pangeo-forge
1257,68dd2395a5e8c0829838c981287a9b44849c6056,pangeo-forge_pangeo-forge
1258,68e2eb2f8e4782836bbcc8facaaf07d6990233fa,pangeo-forge_pangeo-forge
1259,690594a86d1115efe2ab229d7c46f464396a7110,pangeo-forge_pangeo-forge
1260,692509c6e186ff0510621ce63e5bce24645db4ec,pangeo-forge_pangeo-forge
1261,693106c6e756b4c2effc9e19e3133d8bbb552648,pangeo-forge_pangeo-forge
1262,69424073a402215287d8ce9ea2ea6a49549e5708,pangeo-forge_pangeo-forge
1263,6946ca1656ced9b9a44c18f78211ce9a1dd8c4ab,pangeo-forge_pangeo-forge
1264,694c2ed3fd8ac9a257001154595324f31870369f,pangeo-forge_pangeo-forge
1265,694f9d4c31c936835dff0a4c965d4f355c106cf4,pangeo-forge_pangeo-forge
1266,695488d79a1708d6ee76a162b7305bfafae2dfc8,pangeo-forge_pangeo-forge
1267,6957d756863d471a67709b23bdb05fa4772125e5,pangeo-forge_pangeo-forge
1268,696b10fc9b02e58ff7abca34f81323481e478fb9,pangeo-forge_pangeo-forge
1269,69776329e9fbc0825678d0240334e34ce04021ba,pangeo-forge_pangeo-forge
1270,6979092932a2f28d0419fc19d6c0c30af184d810,pangeo-forge_pangeo-forge
1271,697edbafabb2ba0e1feb77f8625e96e6ab421945,pangeo-forge_pangeo-forge
1272,6992ecdebee85314789bd458915a165746080552,pangeo-forge_pangeo-forge
1273,6997cf5e78e6f66377c82d810ec321ec9324c7cd,pangeo-forge_pangeo-forge
1274,69d31866940eb773ede87f8e6e779bc2701896ea,pangeo-forge_pangeo-forge
1275,69da180d44b6685afc65abe423c62ab04762bbfa,pangeo-forge_pangeo-forge
1276,6a2cfce655803ea076ad67f0379cb8e6add24e42,pangeo-forge_pangeo-forge
1277,6a40fc14dceb4106b980c85962c91d6dfa33cda9,pangeo-forge_pangeo-forge
1278,6a829e37186281aed5a92fa5e20af0d317244681,pangeo-forge_pangeo-forge
1279,6a8a6405f262aecaa84f400405d3beaf72ba5a05,pangeo-forge_pangeo-forge
1280,6aac3a576e7a4d6b470ae336ae3f35efa63314bf,pangeo-forge_pangeo-forge
1281,6ab7cef4269c8fc79b32c27d619f65d5f4f664a5,pangeo-forge_pangeo-forge
1282,6abdb3170ebcd527d39d7f6d7a2f85c8c322b94b,pangeo-forge_pangeo-forge
1283,6ae5461479dc0753deeae92dea3d4cc59118309d,pangeo-forge_pangeo-forge
1284,6af025ed37fbd287c665654d08eb2467a36f9091,pangeo-forge_pangeo-forge
1285,6b1f5f467afb4fcf3719a5afad1ace11b000490c,pangeo-forge_pangeo-forge
1286,6b29c8aebb0a8a36f8f52ff374972f8a70c0dd6e,pangeo-forge_pangeo-forge
1287,6b303f3f6bcddf90d468da35a69e9a025b510d42,pangeo-forge_pangeo-forge
1288,6b3cb4c3361e9734d909ebea6d687da755b20b61,pangeo-forge_pangeo-forge
1289,6b44109c663eae2d494afa54c56d127dc33a6058,pangeo-forge_pangeo-forge
1290,6b45c03c2188974026b97f3ed33e551b670b6d61,pangeo-forge_pangeo-forge
1291,6b7d1bf4997735e3e4f3ae9d6332f3afdcae76ea,pangeo-forge_pangeo-forge
1292,6b890e9f7e3484da4b4dd58209a7748399f9aecc,pangeo-forge_pangeo-forge
1293,6b89214bc3beb2f2822eae027e1f03e4f43c347e,pangeo-forge_pangeo-forge
1294,6b91def0f1deb03b68f67fda1ae49b245b8ddc63,pangeo-forge_pangeo-forge
1295,6b9863b585053d732fad2d9f2b567dbc72f4a6c1,pangeo-forge_pangeo-forge
1296,6bad4453597dd30e81f53c4898528d944fd2e356,pangeo-forge_pangeo-forge
1297,6bbf6a8e88d02bcb21e8e747df4cf46e4c0bf022,pangeo-forge_pangeo-forge
1298,6bbffe4b6a4cde623e6db14665c380f24b55a35e,pangeo-forge_pangeo-forge
1299,6bc1da53ed6c23c063eca2d13603f595392c81a4,pangeo-forge_pangeo-forge
1300,6bc3cb5e59641cb4c257f1a2ee5511265b84ff6a,pangeo-forge_pangeo-forge
1301,6bc66f71aa471ec37e7269ed6016637bfc5d21e2,pangeo-forge_pangeo-forge
1302,6bd0adfe2d1e6a6446345b630143664640b60ca9,pangeo-forge_pangeo-forge
1303,6be598aec682a6458f74beb624ee1606c638f49a,pangeo-forge_pangeo-forge
1304,6becd0d7389bf7d6962148a5e43d0922ff7ad069,pangeo-forge_pangeo-forge
1305,6c07a54eff84f850d94114e44caf5aa6b87f727d,pangeo-forge_pangeo-forge
1306,6c15cf515ac689462b80f5303a4beb987e0fa7a7,pangeo-forge_pangeo-forge
1307,6c273741f767315176d7a0829cd8d9e9864b6605,pangeo-forge_pangeo-forge
1308,6c2d8e366d687c1c29c97dcf67c43501b1dbebdd,pangeo-forge_pangeo-forge
1309,6c35ac71d2758e71feae4a2b56cd8e771fa97c4e,pangeo-forge_pangeo-forge
1310,6c39134e22f372390e4e609df26631b2116e2d55,pangeo-forge_pangeo-forge
1311,6c4f246811f56c52fbab519ee4f73559db7e955e,pangeo-forge_pangeo-forge
1312,6ca5c828423e801ce93e5c10eba4caec4110da27,pangeo-forge_pangeo-forge
1313,6cb729961508c127d5ade9896d71071e220a2529,pangeo-forge_pangeo-forge
1314,6cd9ece3d911b689733868c3433b3e3369be1278,pangeo-forge_pangeo-forge
1315,6cdc7500f2df8f6141178a40f7724bcba66a943f,pangeo-forge_pangeo-forge
1316,6cef4e69e88ab52036486bda504cf14a67b6623d,pangeo-forge_pangeo-forge
1317,6d06b75a0d6ba64e431e5850c03c3061806aca6f,pangeo-forge_pangeo-forge
1318,6d0d6979a6106ba7e1c2046b2ec8bc97937dbb8b,pangeo-forge_pangeo-forge
1319,6d14d2093f0f3bd9b9dc14635e7419099ea47a81,pangeo-forge_pangeo-forge
1320,6d15fe140b6f85c222c21f97b7d06c4fbc0dbace,pangeo-forge_pangeo-forge
1321,6d190ff5cc87abe296b82498f474688de4f898f9,pangeo-forge_pangeo-forge
1322,6d3e9650aa1c50e44c0c3468d420f4d4258a07dd,pangeo-forge_pangeo-forge
1323,6d499e307476b228e2c256d3d8f72138909c618d,pangeo-forge_pangeo-forge
1324,6d4bf742b907cc88fcb1a112299c1aa0dea891ec,pangeo-forge_pangeo-forge
1325,6d5fc43dff429b53238de63ea445695f8dce827c,pangeo-forge_pangeo-forge
1326,6d72f3a24363395c926afd89103d9a90ef7ed721,pangeo-forge_pangeo-forge
1327,6d88528a86e1a9deda05ed78d7372d59233e221d,pangeo-forge_pangeo-forge
1328,6d8944af02fba392822ec192bf796d80f473ada8,pangeo-forge_pangeo-forge
1329,6d8dad63109759b3e5acdb3a0eb6b918bf5aa9d7,pangeo-forge_pangeo-forge
1330,6db98174bff92f282e6c09053099a3f1d4c9c851,pangeo-forge_pangeo-forge
1331,6dda95778bcae551bed1e79d76a20867e237097f,pangeo-forge_pangeo-forge
1332,6e0ef5bc32973323aba97a8243db22070c9d4e64,pangeo-forge_pangeo-forge
1333,6e201840956359e67ba405ad5c6a690ae4ec8417,pangeo-forge_pangeo-forge
1334,6e27e8f0b0f91387fc69c7b3ec0196ec1090d980,pangeo-forge_pangeo-forge
1335,6e2f101c9db2dd1b2cdf46556f574112229739da,pangeo-forge_pangeo-forge
1336,6e40279b7f5740600b77a348dd48d09f11467564,pangeo-forge_pangeo-forge
1337,6e6522a4a11ba909108226fb756f25488705c5d4,pangeo-forge_pangeo-forge
1338,6e9c3418de22d4fce117092f5f8304ce971bb158,pangeo-forge_pangeo-forge
1339,6ec840f90ee20f475985100014a0d7aa7923e1ec,pangeo-forge_pangeo-forge
1340,6ef544fe5e1530d025e8ff3b05a7649eb110a6b4,pangeo-forge_pangeo-forge
1341,6efb4084e2a07bfaab7a8ebc4f5025b37edd37fb,pangeo-forge_pangeo-forge
1342,6f23e03f72967692a88b45ac18b6d91dd40a51fc,pangeo-forge_pangeo-forge
1343,6f2c89bdaf6f9378b80ab9250e76d4908691723f,pangeo-forge_pangeo-forge
1344,6f51f6693439ed5aa0d1332a4a392f77b7067516,pangeo-forge_pangeo-forge
1345,6f7984254d521c3aa51994e57251c24b6d8544e9,pangeo-forge_pangeo-forge
1346,6f7b79e74eb2c8a6151d22d110267d33ea1bbe9b,pangeo-forge_pangeo-forge
1347,6f8098117dd25665dab6c349faae384294d15a7b,pangeo-forge_pangeo-forge
1348,6fa56ea512a7b25b949cb947708957c5e66f06e2,pangeo-forge_pangeo-forge
1349,6fb5a0a9ae45e26577c8a55d33737f41008b6b19,pangeo-forge_pangeo-forge
1350,6fdb585a655338573618310edf4f9eaa429c8561,pangeo-forge_pangeo-forge
1351,702348a607fa0a6e3e5752b3a8c381ab8fa6949c,pangeo-forge_pangeo-forge
1352,7044a6e9a46b79daf2afcf05e63c10a9a182226c,pangeo-forge_pangeo-forge
1353,707a9ca8c6772d1c4926ac3d0a2d49437b41d3fe,pangeo-forge_pangeo-forge
1354,7089c95ffff695dc3865dc37547a8e38b6bb5294,pangeo-forge_pangeo-forge
1355,7095f3414211ccec74c2c925060ab1ede0532e60,pangeo-forge_pangeo-forge
1356,70c0d01999971cfe22207151cb1ec4cbba92074f,pangeo-forge_pangeo-forge
1357,70eb8cc90f35f8986f7fc15713c45665047f0e17,pangeo-forge_pangeo-forge
1358,70edba31faa080a7002c2ac6a236226ccb112da1,pangeo-forge_pangeo-forge
1359,710011e6855934105e0f3ae24ab63b0cf33144cd,pangeo-forge_pangeo-forge
1360,7111021a5db12b939a332c4664753f00ce8fa142,pangeo-forge_pangeo-forge
1361,7115c0d58a6a3c5266fd5d20673339916f3a9fb3,pangeo-forge_pangeo-forge
1362,7117a661a190c8c1e3bf68a3678df5f319770bdc,pangeo-forge_pangeo-forge
1363,71317b2a10ea7561215124c48bea58956b7db8e6,pangeo-forge_pangeo-forge
1364,713394a5e6246e6a7c30cbde10e665ff1dffafb4,pangeo-forge_pangeo-forge
1365,7167f967b0d5f3e4e7d4fb13833871ce1ec3f350,pangeo-forge_pangeo-forge
1366,71be07628480489a374ac9248b8e1c02095f7782,pangeo-forge_pangeo-forge
1367,71c367cc42f0696da5d08c132f9940e9964fc6ce,pangeo-forge_pangeo-forge
1368,71ce9f3a3f41fb52976ba9e4614da3aee4635bfe,pangeo-forge_pangeo-forge
1369,71d9aaf72b46f90fe34f253ab15e60de4291cacc,pangeo-forge_pangeo-forge
1370,71ddf3705a9129abfa788cf1b7cc4e52386307ab,pangeo-forge_pangeo-forge
1371,71f3a89cfc5af956c7355960dda0f16c123043b3,pangeo-forge_pangeo-forge
1372,71f40611d15b677cc8aa445f1ca395972082cc63,pangeo-forge_pangeo-forge
1373,7214d17d85c8bc3c4d2e431ebba01897521563eb,pangeo-forge_pangeo-forge
1374,721dea48b5dc9924b9d447d1baaa770b1c3b9c7f,pangeo-forge_pangeo-forge
1375,72222bb42320c0b234017813715179e7441e5672,pangeo-forge_pangeo-forge
1376,72231072631f765ae85fb8a5e1ac21825bcdd359,pangeo-forge_pangeo-forge
1377,7239a9ab73ea10fc51bff459dde7baeb9fc43b3c,pangeo-forge_pangeo-forge
1378,724d78fbbb3f3a2504aa6fea76ffb01997ad46bb,pangeo-forge_pangeo-forge
1379,725f173ebb0bdf68cf942ca168afada93bcdbcaf,pangeo-forge_pangeo-forge
1380,727ce34bca02d4d4fd08ab4fcf62d8d555a45ce1,pangeo-forge_pangeo-forge
1381,729dfb8049bfc8ba6f6e861e9102b31646d945b0,pangeo-forge_pangeo-forge
1382,72a16a23fd3cc3569c9323f24de9456e4799dad4,pangeo-forge_pangeo-forge
1383,72b02c6e32c07b0529f628726a9a7739b6b876f2,pangeo-forge_pangeo-forge
1384,72b67c8a57cee1020cbfcea0ce1faf3acd6ebb9e,pangeo-forge_pangeo-forge
1385,72c073c661dcd89f73d3a6b939376ce6a9e92fbd,pangeo-forge_pangeo-forge
1386,72d7f8c5e428d7562957960e3eb7cb2ac43bfc9f,pangeo-forge_pangeo-forge
1387,72da50fba4e023bbe170bf9e52ac86211c80934a,pangeo-forge_pangeo-forge
1388,72e22c12b7b7a541ac2da76dded4cfeaa2a6139a,pangeo-forge_pangeo-forge
1389,72f15ce98aae25e5b9070432d11580235a533ad8,pangeo-forge_pangeo-forge
1390,731059e0132b75928f555e80a61a119dba52179c,pangeo-forge_pangeo-forge
1391,7311c3e7ac1d32710c52221f92a08eef48a5d59d,pangeo-forge_pangeo-forge
1392,733a86754e08c90853f0e60a8e4769791325032f,pangeo-forge_pangeo-forge
1393,7347c1b3793277b3ac4cad8a44e421ac7155a009,pangeo-forge_pangeo-forge
1394,7351bbcad217111f4b68f9f4002382465bb046bb,pangeo-forge_pangeo-forge
1395,7383bb29ab81a1ba75d0c8b14ac31c911bafaef8,pangeo-forge_pangeo-forge
1396,73ace5d793a9dbfb5951236eed7c46400aead125,pangeo-forge_pangeo-forge
1397,73b898825f67adcdbba679818fe7544e97f7c2ee,pangeo-forge_pangeo-forge
1398,73ed0a213adf0174a241500cc45dd9bf2514e597,pangeo-forge_pangeo-forge
1399,73f1565e494a121c626f18a82e24c72998577a6e,pangeo-forge_pangeo-forge
1400,7404960334614cfcbae63c7b1badd1c7581c643d,pangeo-forge_pangeo-forge
1401,741dc0cab423fd2c3468c2a81c1f7fd6802c7ac9,pangeo-forge_pangeo-forge
1402,7426e465c7beccc93553f0b5ec1ba96ca22d9f35,pangeo-forge_pangeo-forge
1403,744fd4494173df60900ad50a0bf82ebddb807e49,pangeo-forge_pangeo-forge
1404,746c14b7d8cc390f90074c9fd1f5c72cf4e8d99d,pangeo-forge_pangeo-forge
1405,747be924cb57f14655e2e7b9a9e0f9fbb58385ca,pangeo-forge_pangeo-forge
1406,74855b7e272853f244ab430abe1b8b5050f95c27,pangeo-forge_pangeo-forge
1407,7493f84645417846a2f4f56d6e3d51582379468c,pangeo-forge_pangeo-forge
1408,74b8ebf774ca93693408a68c2f15cdb531e1aba8,pangeo-forge_pangeo-forge
1409,74bcb38e01fa2cd4c4cc1d8944084c45ce0fac52,pangeo-forge_pangeo-forge
1410,74c3ce9e833a95972caecd1d44bedc8c7e5d2cc3,pangeo-forge_pangeo-forge
1411,74c697db404e4c22d0a69e38fe490a937b0b6e0b,pangeo-forge_pangeo-forge
1412,74e2e5dc5c72d2fef0e71010d713a3a6fc20f6ce,pangeo-forge_pangeo-forge
1413,74f6638b40c8de12ef7341ce3f5515d3b8f4c62d,pangeo-forge_pangeo-forge
1414,74f7ac89e3de2a2e790c31ffc9e07ec4cb6b3857,pangeo-forge_pangeo-forge
1415,750084b9ca6a29572f48738b10d3c276fac05f1c,pangeo-forge_pangeo-forge
1416,7518611571687a6205cf38a22834c4220a714467,pangeo-forge_pangeo-forge
1417,7519f05afd5401a9e536edf531246d2446002fe3,pangeo-forge_pangeo-forge
1418,755de38c2fee8ee41944257853a67117c2c1fa0c,pangeo-forge_pangeo-forge
1419,75627e74bcbe13ece75f8e0879e3f9180fad051b,pangeo-forge_pangeo-forge
1420,756b4d227e10a1a1c329b3dc4cf2422256e3c71d,pangeo-forge_pangeo-forge
1421,75965c86edb6a7a03115454ff327f4c072160dce,pangeo-forge_pangeo-forge
1422,75a048041e8080b2a31573ad10a66a8ccb0c2da2,pangeo-forge_pangeo-forge
1423,75af9f9f6f90ae87f1b4325e6c8cc848af41b1db,pangeo-forge_pangeo-forge
1424,75b6d19fb875578600d830255d6f4926698f7196,pangeo-forge_pangeo-forge
1425,75c75ee10c59932abacfbc0f7de2c5f8589ea967,pangeo-forge_pangeo-forge
1426,75c80725c5110049b398e8fda11e8b7954c084b0,pangeo-forge_pangeo-forge
1427,75d0d925cec7a3e8ca928950f952a874a5c997d7,pangeo-forge_pangeo-forge
1428,75dffb0fbc0b8e359f08e671e5fc093e95207478,pangeo-forge_pangeo-forge
1429,75f177fc0ffb4ee458ca1c1cfb98a9aaf58a2e27,pangeo-forge_pangeo-forge
1430,75f2b45fb95f8f198396b3c323a148bbc9c7f91e,pangeo-forge_pangeo-forge
1431,75fab1d96c48feb54c72f49694917bac7a19b19b,pangeo-forge_pangeo-forge
1432,760823363669dea7f0c07bf0426a033638169fdf,pangeo-forge_pangeo-forge
1433,763009f3eac0733333ffdf55d19bc10ff0a77964,pangeo-forge_pangeo-forge
1434,7639ffd1d67e261b0d549b99a48578237b85e36d,pangeo-forge_pangeo-forge
1435,765415ffd312a41f03a4e3ff3e7926ca35aee5d5,pangeo-forge_pangeo-forge
1436,76587003564738a9783d11a640ef3fc757ff4970,pangeo-forge_pangeo-forge
1437,765d92a2c5bd815e6bd6acf8165cc1e8581c5673,pangeo-forge_pangeo-forge
1438,76757141351fc13a515bc7c793dbea54f1400e2c,pangeo-forge_pangeo-forge
1439,767ab194dbb9e11e8c82d9a415a55ec06da8e6c6,pangeo-forge_pangeo-forge
1440,7688bd4d1091071d47dc69cd48efa0eeabcd9631,pangeo-forge_pangeo-forge
1441,76c7ced1883e39cc0efc2b4439217ffac3d5fddc,pangeo-forge_pangeo-forge
1442,76cb84ed88f26dd4d2efcff2176e36b7f6e6f750,pangeo-forge_pangeo-forge
1443,76e2a5b8d0e3ad724081ed9bf915dfaf671df611,pangeo-forge_pangeo-forge
1444,76edee98e5cc8bae5db49224cd3255488c32e29c,pangeo-forge_pangeo-forge
1445,770e458b678708482949feb08bc0aaabdd9d641c,pangeo-forge_pangeo-forge
1446,7724f12cce3b74f538d4e7a2d3dd7d3aab9d6459,pangeo-forge_pangeo-forge
1447,7728e7c512aafb4d6295082e6959b910dc0ff8ab,pangeo-forge_pangeo-forge
1448,7744554ee8df04ae5d041aa7e286a843a8f430bc,pangeo-forge_pangeo-forge
1449,77497f361cf19a652bee456846475e122b68ddec,pangeo-forge_pangeo-forge
1450,774fff8e91654398f2b33e36b6dd12405b3533c4,pangeo-forge_pangeo-forge
1451,776b93ed6b3112efb0c9e15fde3b879dcfe61e0a,pangeo-forge_pangeo-forge
1452,77880816d87960587deff1413e436ddb2f3299ce,pangeo-forge_pangeo-forge
1453,77c506892983886384d8c0e43db492a6f30c7132,pangeo-forge_pangeo-forge
1454,77e0c6c45629e5402b0e2c18d2a2c504bdd3c8da,pangeo-forge_pangeo-forge
1455,7830a6bad359279b81d0f9fa4820cc14821cf74f,pangeo-forge_pangeo-forge
1456,7858917b76d2811d43d24602833b6c3b83855c76,pangeo-forge_pangeo-forge
1457,7870a37a7e617907fcb9cdabbdb474be7fd9309a,pangeo-forge_pangeo-forge
1458,7884612695d1bdcca6f84ba7cb5c5dc4b55e31ec,pangeo-forge_pangeo-forge
1459,78a274b4cceb4bc1734cddc48fa9c58f553f7684,pangeo-forge_pangeo-forge
1460,78a2ef23d8e18c7a8cb2d75e7d4fa80f77002432,pangeo-forge_pangeo-forge
1461,78a2fa1fc8a7cbdcb032dca96ba76c00c9e4b446,pangeo-forge_pangeo-forge
1462,78a6947f2152c43d83308228d28289ad55db20f5,pangeo-forge_pangeo-forge
1463,78a72dd48d6dd88fe92c3bc8160f532a7ed60296,pangeo-forge_pangeo-forge
1464,78ac0ac49c8a713d27e597335ad7602aa1124adf,pangeo-forge_pangeo-forge
1465,78c5ca72523461d2ff9cdf18e2017f9c9c2bde76,pangeo-forge_pangeo-forge
1466,78c71f4a71e79dd35afe0f8dd4bc17a4d99b46d1,pangeo-forge_pangeo-forge
1467,78d7aa3018e744a63454f81b20cf76417ce1948f,pangeo-forge_pangeo-forge
1468,78d954e92535117b621ccdf816ee1b7ba64e4a00,pangeo-forge_pangeo-forge
1469,78e2af3ef2d84c3bc60c22415b56531f84d4f7a8,pangeo-forge_pangeo-forge
1470,790ad084da1f38b59984c2b86b4c2f4e7cddbe6b,pangeo-forge_pangeo-forge
1471,792484a4acc2abf2bf0e07e60986a7a945051caf,pangeo-forge_pangeo-forge
1472,792d40aef0fd3f4dc60c93be11c9e891f1e2a178,pangeo-forge_pangeo-forge
1473,798364395a54d32355d9004edf5c00c7975ea1e1,pangeo-forge_pangeo-forge
1474,799e664eaa04b2ff041867007e070b90c7a14809,pangeo-forge_pangeo-forge
1475,79aa64f7564e61088935b4086a8ab967149ecaca,pangeo-forge_pangeo-forge
1476,79ab04fcdcbda4041cdda9d39043a679014d0dfd,pangeo-forge_pangeo-forge
1477,79ad1a6112d9313866b578222efabbb0cf33dab9,pangeo-forge_pangeo-forge
1478,79dbcd557d10e8c707c8696a7b80f9a61ecd9ee5,pangeo-forge_pangeo-forge
1479,79f7d2574dff20bf3a93bf642c737cffdfb33fc6,pangeo-forge_pangeo-forge
1480,7a0dfa541591b10525716eb41a91a80b71a17417,pangeo-forge_pangeo-forge
1481,7a71f5b8b390cf80be044720e9aa7399f99b92ee,pangeo-forge_pangeo-forge
1482,7a8c49cf2422d541c9cb4f1d731efddac806cc98,pangeo-forge_pangeo-forge
1483,7a9b5c580c65dd728fdeb23121fabf060a92b419,pangeo-forge_pangeo-forge
1484,7aa1932b6c82f948a16c9c24d16b308a608097ac,pangeo-forge_pangeo-forge
1485,7aa6794f2d0e7a92f70b789aa446fb1697f9ca2b,pangeo-forge_pangeo-forge
1486,7ab0e71eab1adcfd9b4a79f0dc7538e83982e753,pangeo-forge_pangeo-forge
1487,7b24afa4667571b2633db868c6cd20cd30e9d492,pangeo-forge_pangeo-forge
1488,7b413433b8c34b056384e7fd56dfd56e891dcf1a,pangeo-forge_pangeo-forge
1489,7b4c16cfc463b4e2f9b8c275bcb98ead4a92a93d,pangeo-forge_pangeo-forge
1490,7b748e43af9f4daaab78ad3f92ff4f7b04540666,pangeo-forge_pangeo-forge
1491,7b9fb8c70b1d6252ecc706cdd1a7741cdc9b4488,pangeo-forge_pangeo-forge
1492,7ba80bdcbb09852968e0d6470c2737815ae7421c,pangeo-forge_pangeo-forge
1493,7bb3509148c861a990f0963499a5d128d6bfdfc5,pangeo-forge_pangeo-forge
1494,7bbbd97a4d8d40c482607cf51d2e6c998fd6ad2b,pangeo-forge_pangeo-forge
1495,7bdbe9950e7466fac86b4cac38ced14aea283c69,pangeo-forge_pangeo-forge
1496,7bf58495ddc20e8da2ce8461a68e706ea0d00308,pangeo-forge_pangeo-forge
1497,7bf9f1b7277823385c8f6c5bf4eea7b6890e7081,pangeo-forge_pangeo-forge
1498,7c28aa67db00b271771a6f706a50956d09f5606c,pangeo-forge_pangeo-forge
1499,7c3e9ef72e5f8deb983c5ccb830a164009ddf7df,pangeo-forge_pangeo-forge
1500,7c60e786e3cd53f45b4f3d30c43482b6bfc75820,pangeo-forge_pangeo-forge
1501,7c6df9fb3d172cba4ef5b39e5420be35a52a60b2,pangeo-forge_pangeo-forge
1502,7c7c23d2e131b4e28d986641bd154d04ada251a7,pangeo-forge_pangeo-forge
1503,7cc2fcb2b95e37f6fdf09297b9bbf8491e0593fe,pangeo-forge_pangeo-forge
1504,7ccaf710b04e793e16c35e8eb5c7d2c57584586a,pangeo-forge_pangeo-forge
1505,7cce1d0435e2513f96f8b092757b0a228de91928,pangeo-forge_pangeo-forge
1506,7cd372753ca42fc20dc25dd1b42e0a43046c0450,pangeo-forge_pangeo-forge
1507,7ce6357922034ca33af140d86af8220a8a260991,pangeo-forge_pangeo-forge
1508,7d00951bfedb9586a1077ef76076d0b3d51abfc8,pangeo-forge_pangeo-forge
1509,7d1bfdbf8038990fabf2ce91bd96dbaea29962df,pangeo-forge_pangeo-forge
1510,7d1cecf42de82d9ea87475d060061e8439908745,pangeo-forge_pangeo-forge
1511,7d1d5eeba1180f89b9c874fc2baaa2744195a830,pangeo-forge_pangeo-forge
1512,7d1dc76817f25fa02c067679737e52b16a533b8c,pangeo-forge_pangeo-forge
1513,7d2c3860f878708b80723ed68918a550cbac16f7,pangeo-forge_pangeo-forge
1514,7d551118c808503fd0d6bd121643dae49ae8476b,pangeo-forge_pangeo-forge
1515,7d557cf49d1adc68cf235db737e52df63ba21ac5,pangeo-forge_pangeo-forge
1516,7d5a7b3c13f9c615f5366cd916b40789e24f1f7f,pangeo-forge_pangeo-forge
1517,7d662157e4c59aa730b696b2e33db28d7b473d7d,pangeo-forge_pangeo-forge
1518,7d88f9f2fbdced8708762c8f347b1349afdc2396,pangeo-forge_pangeo-forge
1519,7d957a68ea89678bd0b8cb6eb4db0bcefb9e880c,pangeo-forge_pangeo-forge
1520,7d9665cdfe424e6ee5bc4b34ef52e68524d932c1,pangeo-forge_pangeo-forge
1521,7db89c7bbe1cc8143050acfa0c8f738084e8c197,pangeo-forge_pangeo-forge
1522,7dc35c3e21af667c2a89226be8877a7eb61a3a78,pangeo-forge_pangeo-forge
1523,7dc9be7859c2e11547dd75e6e5275c96478595f6,pangeo-forge_pangeo-forge
1524,7dce664eb9e812b3f6095930bf2b3b7381565831,pangeo-forge_pangeo-forge
1525,7de5024c2716bef239b30199e61a48db1daa4756,pangeo-forge_pangeo-forge
1526,7e1f804a8df0da7328e00595ffc6ad68aaee7353,pangeo-forge_pangeo-forge
1527,7e34030e6ea58d389641f7fa15dfb4e34be9467d,pangeo-forge_pangeo-forge
1528,7e3edfbc2ce10b528a0b5a4b1864c4e4cb2a3f81,pangeo-forge_pangeo-forge
1529,7e645722a16b93d60c50e263a878adedbe777302,pangeo-forge_pangeo-forge
1530,7eb866cfb7b96a9f340ba38279cb9a254f54f359,pangeo-forge_pangeo-forge
1531,7ee35fc471db57e6829053226b4c6bae812efe9a,pangeo-forge_pangeo-forge
1532,7ee78f22c5108fc10009b9bcf8f7bb668b041a4d,pangeo-forge_pangeo-forge
1533,7eff893da5ec96cf0f1ee54c1ac8dab3e1e5c0c4,pangeo-forge_pangeo-forge
1534,7f01b40cd5479be17a4f1a775041bdee0e419776,pangeo-forge_pangeo-forge
1535,7f231a77733020a19c971f79f4f13daf18164194,pangeo-forge_pangeo-forge
1536,7f2d1839cfe6f6663cb1437afc445ef86dbf488c,pangeo-forge_pangeo-forge
1537,7f2edfa01d0c2a3232dcd7b185e2cee4a16c4fa3,pangeo-forge_pangeo-forge
1538,7f321be6baa98fa80bf7fabb7fe8fbf3ce39a0e2,pangeo-forge_pangeo-forge
1539,7f37237c68406ab5b9dbe67ad7d9c450feac557e,pangeo-forge_pangeo-forge
1540,7f4370a9e4fe622fcc02166c3a77f9b31f6607ff,pangeo-forge_pangeo-forge
1541,7f47f7155c36f387fc12debae9e98736bd18f489,pangeo-forge_pangeo-forge
1542,7f698460a81650fc2007ea82b80a3b5a1f265cbc,pangeo-forge_pangeo-forge
1543,7f77a34e20543d0dd009682e227e71b41f7303eb,pangeo-forge_pangeo-forge
1544,7f8098a25ef687d2f8d9c0cd17da5a9007b46ce3,pangeo-forge_pangeo-forge
1545,7f81f2c5224d7ce80587adfab3a6b2cb60379c35,pangeo-forge_pangeo-forge
1546,7f8ac7ea3073cd15dfde7d7175a800d73596c002,pangeo-forge_pangeo-forge
1547,7f8d4dc5d5645b898dbbe5291b1fc1d1a8863189,pangeo-forge_pangeo-forge
1548,7f9392d98fe88d4e71d58b6e93a0f8be76418a2d,pangeo-forge_pangeo-forge
1549,7fc3f1c0a8835b5d2c78bbf86fc11dfb1792eceb,pangeo-forge_pangeo-forge
1550,7fd15632be679b87d4625b0aed210b130a98aa68,pangeo-forge_pangeo-forge
1551,7fe6fbcea3c373f5f3d148ee6092289fee60b03d,pangeo-forge_pangeo-forge
1552,800804c0d87f0b56c8d88ca9d19306f302741747,pangeo-forge_pangeo-forge
1553,80177453f8531c40dd607ec46323e396ccfc9095,pangeo-forge_pangeo-forge
1554,801aec534537f80d09a158c1cf5a66b2c7c07c10,pangeo-forge_pangeo-forge
1555,80258ec90cf15dfe41b2bcbcf38b5e9761643e26,pangeo-forge_pangeo-forge
1556,80a94c2797528a7b21c18f22eb0fdf682b8595c6,pangeo-forge_pangeo-forge
1557,80bba7e33229f0f7adac76aaa0882c684c195bbb,pangeo-forge_pangeo-forge
1558,80dbc3525e0b423f2aa78525c9ffd0b8877eed59,pangeo-forge_pangeo-forge
1559,80ee529342ab24a18de7b189a678d035788fe57d,pangeo-forge_pangeo-forge
1560,80f2ffa286e725390c9e2468a653a1e79df7c27e,pangeo-forge_pangeo-forge
1561,8113c088fb91976a9eef54d8fd28d0e5878411db,pangeo-forge_pangeo-forge
1562,81350ace7a799619a77c946d9ce4689f539d3136,pangeo-forge_pangeo-forge
1563,813c6c79b6d3e7884334f19be915ab4cddf997a3,pangeo-forge_pangeo-forge
1564,8157846ae5151c4eb888ebf59113b495701ae34b,pangeo-forge_pangeo-forge
1565,816e5176f6cd221b6f25537e79f5b0c53df6a0f2,pangeo-forge_pangeo-forge
1566,8176fd201de4b46e376ea129fe1ffed285d84ad2,pangeo-forge_pangeo-forge
1567,817bf0ec848edb9bfb9106312a9a13f18779a6ca,pangeo-forge_pangeo-forge
1568,817d2457ad4ada1e114460f7933b3290930df09a,pangeo-forge_pangeo-forge
1569,81a9ce53ef6e7e93e3a00d4cbf25735fc38f61b3,pangeo-forge_pangeo-forge
1570,81aa14e4b76986825ae2992a65b7aff7d2b6cc33,pangeo-forge_pangeo-forge
1571,81ad9f5495afea72c01671d041308f48c574630b,pangeo-forge_pangeo-forge
1572,81b7c2a33280330dfc37393499d011f9ed68eabd,pangeo-forge_pangeo-forge
1573,81d5ee0ad6701c2ccc81de6edd18be0438f1ec91,pangeo-forge_pangeo-forge
1574,81dfe3d1eb0a8dcd187a30ae7680183744f127fa,pangeo-forge_pangeo-forge
1575,81e560bf74e8a28760a2afbfb7bf99de3f967479,pangeo-forge_pangeo-forge
1576,82196eb656e8aaeb77000c80ab4d491ff52610f1,pangeo-forge_pangeo-forge
1577,82441255bc47cf7da4d8e7d3c6d5bc82cdb367a1,pangeo-forge_pangeo-forge
1578,8245088e0c18548e7cf21508fe7a85e727fb5bd6,pangeo-forge_pangeo-forge
1579,824f94d04d49cc1a8d06a35475c22ce7984aec6d,pangeo-forge_pangeo-forge
1580,8250cc506c30341f0435f816cbbf9c696496662c,pangeo-forge_pangeo-forge
1581,8277c5d3ca845ae45c1a02dc8e400f750e11b338,pangeo-forge_pangeo-forge
1582,829692b92b12941b6c4177d29a1c1e21bc9c2510,pangeo-forge_pangeo-forge
1583,829fab585509968410f2f3131bad02ce46e4776a,pangeo-forge_pangeo-forge
1584,82b78dd9488ddb8695fa68dea8fe4a912cf1b361,pangeo-forge_pangeo-forge
1585,82d6ac08ad0c2b205c7c85dd3649d4d3099085df,pangeo-forge_pangeo-forge
1586,82d8cc6b068763be931284832090f637925a2a30,pangeo-forge_pangeo-forge
1587,82e40d0f021c156d666568441ae6376a4f9078b7,pangeo-forge_pangeo-forge
1588,8303cfc0bd9d854d5dac5850c57375b4569e0946,pangeo-forge_pangeo-forge
1589,8324a58f87cb9f26dde0771d7b82f623519a21ba,pangeo-forge_pangeo-forge
1590,83374106c3abbdee79e40242678ed302db2f1394,pangeo-forge_pangeo-forge
1591,836d53c070d541274c882a30a452a65be4fe10ee,pangeo-forge_pangeo-forge
1592,838005b4ff37f63def3e55cd0274944c1031a2d1,pangeo-forge_pangeo-forge
1593,83aa4fb2070ac7683cc19e34d7c7c3bde48d2419,pangeo-forge_pangeo-forge
1594,83c889eda6c829b0712b30f464a23e1c7e43b1cb,pangeo-forge_pangeo-forge
1595,83d6a4b30c092cafce8414ef3dcd9d5f07e1888c,pangeo-forge_pangeo-forge
1596,83dade7aa7353a09d467e844abcf6256725d12bf,pangeo-forge_pangeo-forge
1597,83faae448d301193d707dab7a6705940bfe35147,pangeo-forge_pangeo-forge
1598,83fbf1539e03ae1f074f97c216800cc223759755,pangeo-forge_pangeo-forge
1599,840dee5c18719ac2a48d550bd9e1ac31117ae303,pangeo-forge_pangeo-forge
1600,840df67b04dbe71bb1a46bfeb20d9aafcfab6491,pangeo-forge_pangeo-forge
1601,84152e092807017dbcc5e8ff4ddba831541a8d3c,pangeo-forge_pangeo-forge
1602,84322b751d495396b18b2d76390f37db8ffec448,pangeo-forge_pangeo-forge
1603,8437c2975ff37b352ae4042c31350874865d24f9,pangeo-forge_pangeo-forge
1604,84418958f30a0de5a6c50e3f8985103a6fff39ab,pangeo-forge_pangeo-forge
1605,8470e0a68bf678583021f6ca254168562203349f,pangeo-forge_pangeo-forge
1606,847705e642022218b31c5fc0237459aa1c8760c9,pangeo-forge_pangeo-forge
1607,8478b796e04efbe5e89273528380f6ea6225970b,pangeo-forge_pangeo-forge
1608,8494993413cae34c749c2f03fe943ccfe9a89beb,pangeo-forge_pangeo-forge
1609,84ab93c41b68e3112da5b04f8cf079de79762206,pangeo-forge_pangeo-forge
1610,84b9b87a66ec92b5f93427c90d5d125c1f389a5a,pangeo-forge_pangeo-forge
1611,84ccb126edfb8e25336ab3883d2d82bfcda06083,pangeo-forge_pangeo-forge
1612,84d8bb202e38e12fed5eea865d55635054f7a52d,pangeo-forge_pangeo-forge
1613,84fdde434bba1db7451e5a62925b8f5675be082a,pangeo-forge_pangeo-forge
1614,8501c2c69d00c35fa88a717631585bea031a87d3,pangeo-forge_pangeo-forge
1615,85103f7ce278caf68816b07feadd44f5bc4c844a,pangeo-forge_pangeo-forge
1616,8513a4e763f5645e27cd907f699eba83df22f104,pangeo-forge_pangeo-forge
1617,85291a7853f05ea26e1032eb819d6d54de056d59,pangeo-forge_pangeo-forge
1618,853f44ab20077726011efdbe28cf1f2c0a0c3fcf,pangeo-forge_pangeo-forge
1619,856eff6d9458ea3f2913c7e7b1466779ca14b78b,pangeo-forge_pangeo-forge
1620,85775818d550558661c53dc691d805298bd7d88f,pangeo-forge_pangeo-forge
1621,857f704203d653af6fa28bb41383ee6539689730,pangeo-forge_pangeo-forge
1622,85a6ea52d1330eb31791d1be02dfd1967e677550,pangeo-forge_pangeo-forge
1623,85ca0669679742c825f09305fdafa6c3b63f6c1a,pangeo-forge_pangeo-forge
1624,85d317dc67469a6f474f83ba75ae3afd8402d6a8,pangeo-forge_pangeo-forge
1625,85d592e3955f130bbf66479946333d01e1782a6d,pangeo-forge_pangeo-forge
1626,85f033c4217ee0bdd3e1e1e6ba7c279bdd3f9898,pangeo-forge_pangeo-forge
1627,85f7991bac586820acf3439b6b26c08d59196c45,pangeo-forge_pangeo-forge
1628,86107f801bc1304dac743878f810a3367efca275,pangeo-forge_pangeo-forge
1629,86118f070132e04855c48e175ce0112ce54065f2,pangeo-forge_pangeo-forge
1630,86134a981513a7084db33b95bfcaf94df58d22c3,pangeo-forge_pangeo-forge
1631,861b6d8f01fc4839e8b50e2d46bd8dcf0af6fbf0,pangeo-forge_pangeo-forge
1632,86479a5fcd623787ca1e9af5ce583c71fc95d3e2,pangeo-forge_pangeo-forge
1633,865e864e2865110e6500b347477e1869745e8338,pangeo-forge_pangeo-forge
1634,866f1dbab969fddc08b2f1cec5af3dff905ff5e8,pangeo-forge_pangeo-forge
1635,86a6eb3e71fc78a3244ec2d68a93887aa6e09a7b,pangeo-forge_pangeo-forge
1636,86b1f438610dd76f634dfffdf8bb82e38eb2cb9d,pangeo-forge_pangeo-forge
1637,86c7d2de49ee6f0d6bd74f39642af177c62aea35,pangeo-forge_pangeo-forge
1638,86cb403940121025954d1cc1fe8f828b7f21e8e7,pangeo-forge_pangeo-forge
1639,86e8f394d86cdf8b04960706f1c3a822da59f7ad,pangeo-forge_pangeo-forge
1640,86edf066fdb710cdad95e5614ef04dad75a0a2f3,pangeo-forge_pangeo-forge
1641,86f6f929d79a659acbee4993b9afe9641660108e,pangeo-forge_pangeo-forge
1642,87126de31df3d462dbb8e20e46e37fabc08f93de,pangeo-forge_pangeo-forge
1643,871c5da13a6e4cd2aca6c115ff50223fd5e0f158,pangeo-forge_pangeo-forge
1644,871ea89ee2b32331b1cf7a386575345bf6d02d79,pangeo-forge_pangeo-forge
1645,871f5068c05932b25328f65db2c0b7395d3af457,pangeo-forge_pangeo-forge
1646,8720b48bfe208319ab80135500192e23351eece9,pangeo-forge_pangeo-forge
1647,874447db64a3bb86d33184adbd831d1cc13937ad,pangeo-forge_pangeo-forge
1648,87b1b9f9e86848bdd55fce02340a3d1ba08ac193,pangeo-forge_pangeo-forge
1649,87e2177bf9a9f444310906672dff527c4b9f9120,pangeo-forge_pangeo-forge
1650,87eda85f100f8fb8265b09a558a30b792f381de1,pangeo-forge_pangeo-forge
1651,881ed69303b829fcbfdb612b142bfa5ec9debe6d,pangeo-forge_pangeo-forge
1652,885634450a2d04c8e6a5ae5ea498ed995d530f24,pangeo-forge_pangeo-forge
1653,885fa6a2cf69108c38f61340148a68975eef1d66,pangeo-forge_pangeo-forge
1654,88b9127f0a0a39a2546e95b34106dbd851074c2b,pangeo-forge_pangeo-forge
1655,88bbe13d3fe4a933331a6be232ac378872ad09ba,pangeo-forge_pangeo-forge
1656,88bd8f49afdf2fb659577bc7cb033b9371579d4b,pangeo-forge_pangeo-forge
1657,88da044f8edf4e455858765827df3e45a7b9e124,pangeo-forge_pangeo-forge
1658,88ed7214ac762c8fcb7bc1063785fb9fac16b91a,pangeo-forge_pangeo-forge
1659,890337922424c463a8de2b9b8b477f599264cfbb,pangeo-forge_pangeo-forge
1660,8915b4729c1959e7eafa6655908b22e528ccf538,pangeo-forge_pangeo-forge
1661,8916d0f8739a6906d326d77be8ef63e90840c1bf,pangeo-forge_pangeo-forge
1662,895a1890cb5c82bd07dc33f989061667831531b7,pangeo-forge_pangeo-forge
1663,8965668e306050b0399a834819d9f40a298ffbe1,pangeo-forge_pangeo-forge
1664,89775430db433649c9659a7b3c39420752a12c44,pangeo-forge_pangeo-forge
1665,8a0da41da5a4328ff1e5e3475e3a5508dafc920c,pangeo-forge_pangeo-forge
1666,8a0f3fe877b12a992c07685671cf9ba318588533,pangeo-forge_pangeo-forge
1667,8a4f65acd4e8f38a873f427c3947fd5f0062cf98,pangeo-forge_pangeo-forge
1668,8a610da06bf14ac3e699dd60ff6167b145d976bb,pangeo-forge_pangeo-forge
1669,8a6f2c34d00961b23cd5beeefd53feb1c604c9d4,pangeo-forge_pangeo-forge
1670,8a78acc77f01881109b17de0d1f4745820ed9042,pangeo-forge_pangeo-forge
1671,8a856a8891e49660de8b792f02b47de43d459e16,pangeo-forge_pangeo-forge
1672,8a88598f78abe0253908539edd7734841490a8d7,pangeo-forge_pangeo-forge
1673,8a8878df70745dc39028433d603d565683ab0e0f,pangeo-forge_pangeo-forge
1674,8a920b6b255735242fc3b8e3eea829b84a065dd2,pangeo-forge_pangeo-forge
1675,8a99387e48d8db292a30a6c0ae64aad00ecc644b,pangeo-forge_pangeo-forge
1676,8ac219fd352a7e4583ddd68a757a40a50f274f1f,pangeo-forge_pangeo-forge
1677,8ae646c2025129018c8f1bfb03a4e0a8342ef7c1,pangeo-forge_pangeo-forge
1678,8afd80bfe3146aa2da7f39b88e66b8e6f97eb0f8,pangeo-forge_pangeo-forge
1679,8b0972a3fc2ca8dfcb190637315fe2970bfab1c0,pangeo-forge_pangeo-forge
1680,8b2a2585b950dd35009f3aa9fd2f39b732be3cbf,pangeo-forge_pangeo-forge
1681,8b58b614d7c0dff1338fdafd6b634d53db333a2d,pangeo-forge_pangeo-forge
1682,8b9b7e5ba45a7a848467fb67958bc71517a36bc4,pangeo-forge_pangeo-forge
1683,8bcb3507d74cac64fd686ddff3b2006d83c5d7c8,pangeo-forge_pangeo-forge
1684,8c11975a06c1909b5e92fc0406b1dbb1f6097ce4,pangeo-forge_pangeo-forge
1685,8c57c76c649aae073794cea24d1c37ac931286fb,pangeo-forge_pangeo-forge
1686,8c67fa691b94b1d45c569f2b1fb403616761993f,pangeo-forge_pangeo-forge
1687,8c69373e01735e1d782ff5021054af31219fcffd,pangeo-forge_pangeo-forge
1688,8c772d07fb8aa960fd1b9948bc93bc30b4060440,pangeo-forge_pangeo-forge
1689,8c7d2022c67ba5975f034778ca1cef2e6f8852f6,pangeo-forge_pangeo-forge
1690,8c7dd6cad653296524b751593ff0c459c9f7bedd,pangeo-forge_pangeo-forge
1691,8c9d0cac31934431b4c3b748c0fa88560619e38a,pangeo-forge_pangeo-forge
1692,8ca7fa8d7f9be8436cc8943318742f0256f73046,pangeo-forge_pangeo-forge
1693,8cd11c594771543097663f8306cb12e5fd3123f0,pangeo-forge_pangeo-forge
1694,8cdc84730f69fcef14d34543a58684cbab130f3e,pangeo-forge_pangeo-forge
1695,8cde4c2493c4d5e295fae99d2f1639da25303223,pangeo-forge_pangeo-forge
1696,8d02a290ea0c34d167058ca99d09534a59a2899f,pangeo-forge_pangeo-forge
1697,8d16406a1b068cc9d62dbbe6dc865b9d5b22af9c,pangeo-forge_pangeo-forge
1698,8d3101b6c4de50d701f5584e0d1bd4b2010e8214,pangeo-forge_pangeo-forge
1699,8d32404f06f9180a6c54a4cf954596815a805597,pangeo-forge_pangeo-forge
1700,8d4afc4c42d30c3e407c07c83389f94738371a69,pangeo-forge_pangeo-forge
1701,8d66eb948e7456333c94d8e70bb76231bfae814a,pangeo-forge_pangeo-forge
1702,8d7c1371093c38b269b025b27be43ed4406e1d59,pangeo-forge_pangeo-forge
1703,8d8533acd5b57d497260bf25eee975bb0ec6abcc,pangeo-forge_pangeo-forge
1704,8d86aa59e4fa5c8e82c24e8acc07b69d0db3e114,pangeo-forge_pangeo-forge
1705,8d899c7a0890265078f351045d1b5c7ab6ebfc1a,pangeo-forge_pangeo-forge
1706,8dabb4fabd8b8c350f9a5d797dbd5a9701dc2e67,pangeo-forge_pangeo-forge
1707,8db19e0284b32e04495ee5629b8624fac5b5c925,pangeo-forge_pangeo-forge
1708,8db820be04028fe674732aa5712155462c2d0fba,pangeo-forge_pangeo-forge
1709,8deea40a4f0c36b0fd474e48f2a7730c91016821,pangeo-forge_pangeo-forge
1710,8df12aa778036baabdd2e4b1912b10169e10b112,pangeo-forge_pangeo-forge
1711,8df16bad5acb6973fb227780db980ac1b06c0268,pangeo-forge_pangeo-forge
1712,8e280c382b79a24894162d90b2ebab8531951b74,pangeo-forge_pangeo-forge
1713,8e3d55e49cdeb8f9dc0068d1bc6402c2f30603e8,pangeo-forge_pangeo-forge
1714,8e47c6bb38e5680e003b1edf8db372ecf5f29ad8,pangeo-forge_pangeo-forge
1715,8e5b0cc15f14226b6d2e439d72eb620a6f15c77c,pangeo-forge_pangeo-forge
1716,8e6deef62a632d16ff644ad010b68cc89e7e6bd7,pangeo-forge_pangeo-forge
1717,8e7d401704fb962af30a93c5214757c2405a7576,pangeo-forge_pangeo-forge
1718,8ed5af988ffe5b9643f8c9f38502b31de0fb14c1,pangeo-forge_pangeo-forge
1719,8ef6690c073194e83a377a16ed1c105635d6aabe,pangeo-forge_pangeo-forge
1720,8f423339c0a3d0f40b1567dd15144db3d5efc28e,pangeo-forge_pangeo-forge
1721,8f4aeb2c3168bed01d70f586db4aba446e8ddce9,pangeo-forge_pangeo-forge
1722,8f5bfe41d8647c3213d2a861c19b2b62640be97c,pangeo-forge_pangeo-forge
1723,8f646dd04dad6ddd417584b0f214f3fae6bc4099,pangeo-forge_pangeo-forge
1724,8f783637b1d320f50d4ba139e7524cb62456bbd1,pangeo-forge_pangeo-forge
1725,8faf935e69e57e4d5de344e0c02cab904ccd583c,pangeo-forge_pangeo-forge
1726,8fc098df3c1aa0f6e78a338225b782bdaf298f1b,pangeo-forge_pangeo-forge
1727,8fd4c377736b1dd8e5be5fac4ed3db0bf520bb7c,pangeo-forge_pangeo-forge
1728,8fda23358f127d4201555138547f32942ee2a09a,pangeo-forge_pangeo-forge
1729,8fe12c1a2708d3f2d13896544193aac409095478,pangeo-forge_pangeo-forge
1730,901a5f31c519019a172faa027390967340dcbc5a,pangeo-forge_pangeo-forge
1731,902c579d9298747c5b68ca5556bde7c8355a5740,pangeo-forge_pangeo-forge
1732,9039dbf2b44de1d73d05d9ee94fcbe0cd8acb5ce,pangeo-forge_pangeo-forge
1733,904d91b362c9d5c8fe4d28cb4a08e111d1577e60,pangeo-forge_pangeo-forge
1734,9059dda7fe433efb868d85d47b964895ba519e6b,pangeo-forge_pangeo-forge
1735,906694778f3e1e56e587615090d0ca1812862a35,pangeo-forge_pangeo-forge
1736,9077cb029425ceeeeae9aa2fc5b1797a047f5b13,pangeo-forge_pangeo-forge
1737,90785ed8216db10427a23bd4b1f8f8d8c417fba7,pangeo-forge_pangeo-forge
1738,9081aa2e86a5fa4f2fd26f9d051b9c0979ad6a9b,pangeo-forge_pangeo-forge
1739,90ad0d6d7fa742680d35de0be78c951591e391e6,pangeo-forge_pangeo-forge
1740,90b3914c47f9627c76d26cd4da697f3c9a67c0d0,pangeo-forge_pangeo-forge
1741,90bf4f35b1fb674dce5c2f4f81ea4e10fb7b2824,pangeo-forge_pangeo-forge
1742,90c225a9d38f33794900ee5f07bf3576f329c876,pangeo-forge_pangeo-forge
1743,90e11fba02ae9e03d859477b7677188bb4d88da0,pangeo-forge_pangeo-forge
1744,90f0527c955b480152359bc26d113d61fc898bdb,pangeo-forge_pangeo-forge
1745,90f1379df51f26b1b793f1e9062a0e7bc54cd490,pangeo-forge_pangeo-forge
1746,910920b43385e515540e3c35f645519cfa2be63f,pangeo-forge_pangeo-forge
1747,910f740a8cf1cdbc2f23799ac08201896d2ebcd2,pangeo-forge_pangeo-forge
1748,913bdc80a134f01cacb4de568b0dc0dffe514b55,pangeo-forge_pangeo-forge
1749,915b4bc313f83c6baaa566eed28fbd7f42d6e153,pangeo-forge_pangeo-forge
1750,91a16ce770b8121424b6452e29fd988141ae231a,pangeo-forge_pangeo-forge
1751,91eb6a61c69339336b57e5406614378d30533610,pangeo-forge_pangeo-forge
1752,92078e923f7da55bf613162912735226205897c5,pangeo-forge_pangeo-forge
1753,920daa6dbd433c5b686accb1a69429ea44e1fdaa,pangeo-forge_pangeo-forge
1754,92333db580b548f7df9b4d2fb4f63a3dff5e00c0,pangeo-forge_pangeo-forge
1755,923debe9602787a062972f4fc493ddcd108fd08f,pangeo-forge_pangeo-forge
1756,927625c82809fa1dfbd3b8024d9aa7006b0e7009,pangeo-forge_pangeo-forge
1757,92b7c2f6dbc599fb9c707ca135738b6f86ee9113,pangeo-forge_pangeo-forge
1758,92e16ce8c30d1695eb597c1d357c850be970a6eb,pangeo-forge_pangeo-forge
1759,92e87d6adab50b87ae8f81f6c620a869840c743c,pangeo-forge_pangeo-forge
1760,92e961cb42651b01dbc4cd9e61a8aaef47c9313c,pangeo-forge_pangeo-forge
1761,930e87a354bf55ffe96f5a13ac44b9dacdcd6849,pangeo-forge_pangeo-forge
1762,930fecb40ce127702902f0d8e0f3a25083ca1319,pangeo-forge_pangeo-forge
1763,9325fb03b9e711165ddeacbdac8018c7bdf4540d,pangeo-forge_pangeo-forge
1764,932c3be29e9b69912d724685a97cf78ebc8bf55c,pangeo-forge_pangeo-forge
1765,9333a0de57eda747f99d3b702201b0acb4f19bf8,pangeo-forge_pangeo-forge
1766,9334e61423114532810158e150661ed7ea971470,pangeo-forge_pangeo-forge
1767,9336a09edcca88d0eadf626bf3d2e35bb2fce5d0,pangeo-forge_pangeo-forge
1768,9348eee070d461acc517819f53900e2b84daab99,pangeo-forge_pangeo-forge
1769,934e34b4bc87234e420b6e2c23c7305ddfd578d3,pangeo-forge_pangeo-forge
1770,9373509c7c6609378583bffa6ea13af3e3936f10,pangeo-forge_pangeo-forge
1771,9375136235f9def9a18d9d7156f0bfdcd68f3837,pangeo-forge_pangeo-forge
1772,937f0109d53bf56a19ca4e53f3e510f66d44ce7f,pangeo-forge_pangeo-forge
1773,9382660865fcdb7ee9ff5ed3df39d73911bc467f,pangeo-forge_pangeo-forge
1774,938bb989cd45a921a5a1d135eba9c59ffacf9cad,pangeo-forge_pangeo-forge
1775,93bdfab85ecf29b0e2288c27752c44836e925446,pangeo-forge_pangeo-forge
1776,93c823107875ed01bd895f42a5d31efe0de77fe2,pangeo-forge_pangeo-forge
1777,93d6b8f6b9d2f33434035d27c8937e76fa73a47a,pangeo-forge_pangeo-forge
1778,93e8dbdf510ff6a0fd807894d4666cf265b43275,pangeo-forge_pangeo-forge
1779,93ff8c1f6c7d1f4e7ff50e8958d0c39a3b0e2c07,pangeo-forge_pangeo-forge
1780,94168fbd97eab2d37af995eb89454ed0ed832575,pangeo-forge_pangeo-forge
1781,944771391793c1f1aea8261dd1957dc0c970e7ed,pangeo-forge_pangeo-forge
1782,945c790fa73154fdf23eae25f9043e32dfe6410d,pangeo-forge_pangeo-forge
1783,947fdf30d386a9ac5925d72ae01a491c0ff7145a,pangeo-forge_pangeo-forge
1784,948bd4dbfb5fc7daed7336b5f1010dd750d9056e,pangeo-forge_pangeo-forge
1785,948e15d87755c0ce1a526827b3a36c4b23d45e82,pangeo-forge_pangeo-forge
1786,9498991366a94a6c6d1a5625ce40f9bc0298e790,pangeo-forge_pangeo-forge
1787,94be70d09b83fb0fac84c1410a3f3358afc29838,pangeo-forge_pangeo-forge
1788,94c143dbcfdff441eecd02094ef6b194733a2745,pangeo-forge_pangeo-forge
1789,94e87d4ae687020527ac25cefec776bcff352834,pangeo-forge_pangeo-forge
1790,94f4a90a3c7b3629ce0267952789a677a4c27a03,pangeo-forge_pangeo-forge
1791,950992acdbfb45c53af49e9885b7c097efe30e6c,pangeo-forge_pangeo-forge
1792,951395110050298d6bb8c1d971d0bd1b7651115e,pangeo-forge_pangeo-forge
1793,952ea57ee1604f10eb860a23fbc28ed62ac17113,pangeo-forge_pangeo-forge
1794,95580ac0e8b02ab6d4e0b8954eef81c50fd3be6e,pangeo-forge_pangeo-forge
1795,9572bac74ad53220fd92bb2ae20a5a5aa8c72e21,pangeo-forge_pangeo-forge
1796,9578870f2ec4f8732a16de6fe25ab8f3e07b67e4,pangeo-forge_pangeo-forge
1797,9578f2e8db57a4b6b11fc6dedc8c31bdb7285334,pangeo-forge_pangeo-forge
1798,957e3bd978f8073931673486eb4aaba4525dbf32,pangeo-forge_pangeo-forge
1799,9580fc1d12ca2f941f9bee5203c16d3e3d8e25f4,pangeo-forge_pangeo-forge
1800,958446ac0b2cb33fff70a5f14f394c2e3b3c6745,pangeo-forge_pangeo-forge
1801,959d812e3e1a2134ac10369f064b49bdb3e285e6,pangeo-forge_pangeo-forge
1802,95a9af2caad15904722bcacc22999c0014d5e192,pangeo-forge_pangeo-forge
1803,95e49fde3bf840a021ce678e195f46722316e3f6,pangeo-forge_pangeo-forge
1804,95ed34b0947beda3d0e88ed26f7664a4ec1cf1bb,pangeo-forge_pangeo-forge
1805,95eea1c1cc4f332f60d1f213cfa984a34bd7870f,pangeo-forge_pangeo-forge
1806,95f48c43353ca28abe26df99c9733c5d2100c5b3,pangeo-forge_pangeo-forge
1807,95fb18defba9692b5c13c4815929ef035125075c,pangeo-forge_pangeo-forge
1808,95fbb4948d90fe9448093df99600cacd998a306c,pangeo-forge_pangeo-forge
1809,96003c722a01f9625f28fb1a1fa970e2f42e410c,pangeo-forge_pangeo-forge
1810,96232c72cd5f239fe8cd24eb3798131197706597,pangeo-forge_pangeo-forge
1811,962f99d4dc2e62700cdf387cc71db5cc6cf3d0c8,pangeo-forge_pangeo-forge
1812,963e1237d346c0ad88332eb1d1d66582e6312133,pangeo-forge_pangeo-forge
1813,9645b2e52a738f71d8ede66dde0bcafb216e504e,pangeo-forge_pangeo-forge
1814,96869989bf56e7d887764c8f39663b02869ad623,pangeo-forge_pangeo-forge
1815,96c2edd21cf224e6ad7022a11b8224636e6eea9d,pangeo-forge_pangeo-forge
1816,96c57e883c99af517d615e490b01dba96d32cf4f,pangeo-forge_pangeo-forge
1817,96c6164dfc87f12d94b54e87fe433611d0230ceb,pangeo-forge_pangeo-forge
1818,96d86ea7d72c6e77e72be08b1878a9c0e523d22b,pangeo-forge_pangeo-forge
1819,970ebe2acb17322fcf35c5ec027363673d94d31b,pangeo-forge_pangeo-forge
1820,9770cf511fe95014de4e3bb55a8c0b2bc765f676,pangeo-forge_pangeo-forge
1821,977e35315d65d07f37d1f85c5528fed4fb6601f9,pangeo-forge_pangeo-forge
1822,978372566cecdcc7186f25c23cdd147c1eb26448,pangeo-forge_pangeo-forge
1823,97a60a59b7f036757934dc6a296c2b61a9daa995,pangeo-forge_pangeo-forge
1824,97a7b3c211263ada4d0d73770027af782f58e8af,pangeo-forge_pangeo-forge
1825,97adc26a488f5e338181ab55f48df13368ca0fe9,pangeo-forge_pangeo-forge
1826,97fccfa67563a79746da4c60317a9f26a4d4934b,pangeo-forge_pangeo-forge
1827,9810ee89cad6278a555c2b6a91d51a16d297f813,pangeo-forge_pangeo-forge
1828,9848201591c97d396e6ba1891db11a468eb48530,pangeo-forge_pangeo-forge
1829,98658ce5dde7d708b1ad3a0346c8ce9f4365b59b,pangeo-forge_pangeo-forge
1830,9872e86f2f7477fb93fd16b3495981d66e7f5e72,pangeo-forge_pangeo-forge
1831,98e50901484c5460d67e2fc60f499df4092dd436,pangeo-forge_pangeo-forge
1832,99089dc59bcc2b03db66bb37995a5ff2ad800309,pangeo-forge_pangeo-forge
1833,9932df68a701f95999897757aed1c104e6fd11dd,pangeo-forge_pangeo-forge
1834,9948fdb87672c0f215f3644871015ba748ccb3c9,pangeo-forge_pangeo-forge
1835,994dbabe6085c8159f7efa8d400f8c0f7a256605,pangeo-forge_pangeo-forge
1836,9970e89eb674dc8e3001592f2d56153249d0038f,pangeo-forge_pangeo-forge
1837,99946f5f53fbc4577f47ea45b58a1a3775fe11af,pangeo-forge_pangeo-forge
1838,999e8094c2dd1e2b2523c983e08de34157399d8e,pangeo-forge_pangeo-forge
1839,99e41edf768a344ff7c0ac2b6a143eee672d855c,pangeo-forge_pangeo-forge
1840,9a06aeef429f2d54b58d180b6fd6c5812080bc43,pangeo-forge_pangeo-forge
1841,9a0b7a95536ea80ad82bb5ee02c9c9578c43dc28,pangeo-forge_pangeo-forge
1842,9a1d11f41a7be9b508496ed6d70c185acdfc431d,pangeo-forge_pangeo-forge
1843,9a257ed5dcca09286d0679ca402a554190b96336,pangeo-forge_pangeo-forge
1844,9a267bcbf71b554f33a68d540af15e161503ce09,pangeo-forge_pangeo-forge
1845,9a2a1733e57268802b60d26e7386c2b571a73733,pangeo-forge_pangeo-forge
1846,9a2f03d39dcb8ee088904506ccb1e96d3a4770cb,pangeo-forge_pangeo-forge
1847,9a337ee573e621a65789e4198a4152e3462cac73,pangeo-forge_pangeo-forge
1848,9a3cb4be0836e81953ed26123dde77b413df6bda,pangeo-forge_pangeo-forge
1849,9a626431791e7815d22179f58e9d1761035fab60,pangeo-forge_pangeo-forge
1850,9a677c45acdc7901c5c60f0434dbe8eaf949f5ef,pangeo-forge_pangeo-forge
1851,9a6792e2da5bda3868fc0a04bae14028f5551d4f,pangeo-forge_pangeo-forge
1852,9a739b9f9afc518853e93806f01c225f46df59f4,pangeo-forge_pangeo-forge
1853,9a845a156a749312da9d3e71d2147b841804ac04,pangeo-forge_pangeo-forge
1854,9aa9ac80a3bf317a5fb648cd262931ef95c0e1a2,pangeo-forge_pangeo-forge
1855,9ab9ed51d2c62011744fb763980fc6a278d3ce13,pangeo-forge_pangeo-forge
1856,9ad12cbb8a1eb270628f7b17b96022bfc4d77ac1,pangeo-forge_pangeo-forge
1857,9ad94d7bbf8b504a313968ba45c7326f454a8b83,pangeo-forge_pangeo-forge
1858,9aed060ee49e10d146a5753e8bfa2504f53f491c,pangeo-forge_pangeo-forge
1859,9af536d9044cd2df4cd234b713289e25abf4c392,pangeo-forge_pangeo-forge
1860,9b053c4046ce7812d7a928514eae25f58ae54f82,pangeo-forge_pangeo-forge
1861,9b2bce939e7aa50dc73b6f4a48d7e9b93a016e57,pangeo-forge_pangeo-forge
1862,9b2d9034abb40dbc2c80c7bb76ef27e9c635f640,pangeo-forge_pangeo-forge
1863,9b3dfb6b10bdd30cd665b870ebf78d773dc597ee,pangeo-forge_pangeo-forge
1864,9b7e6b6b4ee20cbde4299afc848ae1a3a840c7e6,pangeo-forge_pangeo-forge
1865,9b8145e539632cabdbfdc34ff95c2ec34f2f6778,pangeo-forge_pangeo-forge
1866,9bfa633a7a07da3fa8fc2d9b8c16d422a53001c4,pangeo-forge_pangeo-forge
1867,9c07e054c1ed2049ea806dbe5571b1a539805176,pangeo-forge_pangeo-forge
1868,9c21ab19d3566882de4e8060a539e160e228d4aa,pangeo-forge_pangeo-forge
1869,9c39bf77c332474260d0109ae083f4ffec694df7,pangeo-forge_pangeo-forge
1870,9c6937a2f0c0eeddb77735b8d0cd2ee075f4a395,pangeo-forge_pangeo-forge
1871,9c731846ff09761023212a6fea0ea3c6d50d228b,pangeo-forge_pangeo-forge
1872,9c73359abd8b687c24c53825684f2031134cbac8,pangeo-forge_pangeo-forge
1873,9c7a28265f040bc05cc43b3cdcf50297c1778be3,pangeo-forge_pangeo-forge
1874,9c87079e23cdae49c4ca581f53440f88ed95cc83,pangeo-forge_pangeo-forge
1875,9c9be92f9d1f167d80ee92d386c80254b324e764,pangeo-forge_pangeo-forge
1876,9cb550f31586c49ab37c79599b149a07a9b9e1d8,pangeo-forge_pangeo-forge
1877,9cc445cb0d7b5a265ef63c299bb9d94988818439,pangeo-forge_pangeo-forge
1878,9d18ba80ca20f470475531b73f01580375fd42a0,pangeo-forge_pangeo-forge
1879,9d19b483201669f2d90f444f17691483f27a4e4a,pangeo-forge_pangeo-forge
1880,9d2785d484d849fc81cba551e01c765c4ff08b1d,pangeo-forge_pangeo-forge
1881,9d36e8080ef8a1a47899d211d756ed6cb02ff223,pangeo-forge_pangeo-forge
1882,9d5d01956621f62e7b44c3ff845d558b22f7f55c,pangeo-forge_pangeo-forge
1883,9d6859a090c6e27706fb62b20fa1ed338d1c2af1,pangeo-forge_pangeo-forge
1884,9d734f24501b67a97dbfd965b0739272975403f6,pangeo-forge_pangeo-forge
1885,9d8495a2567ee672ef7a0fa978964a5e468ceadc,pangeo-forge_pangeo-forge
1886,9d96abf3261fd0bffce1bbbf67948072378d1989,pangeo-forge_pangeo-forge
1887,9da0b47e39c71ad4e6bfd2a956cbefacd458254e,pangeo-forge_pangeo-forge
1888,9dbe8e2216b4da35b711007d8d8613a7450aef8e,pangeo-forge_pangeo-forge
1889,9dcb30aa1ce7bb45d2b6041995915c9762359b59,pangeo-forge_pangeo-forge
1890,9deae3b4db37c70ac1454ce2680b3cc310d7c4fa,pangeo-forge_pangeo-forge
1891,9defde9a85a552769f36780108eb81bf50031fb9,pangeo-forge_pangeo-forge
1892,9e15a2598d3a33d9babe26f79bed488011575910,pangeo-forge_pangeo-forge
1893,9e3ac85a8dde124702ed94eb28270437dfa2ee0c,pangeo-forge_pangeo-forge
1894,9e47464be2e0a4206b31c51770a699aba32ba80c,pangeo-forge_pangeo-forge
1895,9e50d62a532d11405f04536b828f98440fba0306,pangeo-forge_pangeo-forge
1896,9e56ad07d09a9fc6b660e8c28f473f5f876b5aae,pangeo-forge_pangeo-forge
1897,9e5736e499b97b5816aea8d2877a1492e21eba18,pangeo-forge_pangeo-forge
1898,9e5a66570027969328704ebea00cbe01cca9605a,pangeo-forge_pangeo-forge
1899,9e73dfb5f2a11fbf40e099fd67b526cd6b5d898a,pangeo-forge_pangeo-forge
1900,9e7dd67bfcf64b7e6f32dd59b8d73332d039f1f4,pangeo-forge_pangeo-forge
1901,9e9275a1daee7a3a9c905a1e9f6ed2ea52c1ea06,pangeo-forge_pangeo-forge
1902,9e9f13ae77f5d6f34ad0e1cf0208b055dad97146,pangeo-forge_pangeo-forge
1903,9ea43cbccaebf91fb7b7ba60c28f0cefddc466bc,pangeo-forge_pangeo-forge
1904,9ea4a5052bdc7ed8520531e620bc7ba9c6c37d1b,pangeo-forge_pangeo-forge
1905,9eb1a6468e7c29c4f2718bb9ff07f8a22b42fec2,pangeo-forge_pangeo-forge
1906,9eb74f42f84a24ef02df7327d8a62b341a704e97,pangeo-forge_pangeo-forge
1907,9ebc488ce1492c14211ec5eaf14e714e31472f08,pangeo-forge_pangeo-forge
1908,9ec6e77981d8dcad42b4f84cf3aa5c02a41ba0cd,pangeo-forge_pangeo-forge
1909,9ecbdf5b95247e8cf5b34577e30f38c4fa49b310,pangeo-forge_pangeo-forge
1910,9ed039dc18ee5d25a8ac7ed45722c56a724148e9,pangeo-forge_pangeo-forge
1911,9ef046821131a195a0fb06099f31dd7a23ee1c40,pangeo-forge_pangeo-forge
1912,9eff6107c7fbfd6d70788b354c7142f6fb993279,pangeo-forge_pangeo-forge
1913,9f132ae378ce10e0f6ea1dac027f84f4b67c902f,pangeo-forge_pangeo-forge
1914,9f43aa55823fd5ec36294b08e2f6f69fa89d4e29,pangeo-forge_pangeo-forge
1915,9f67e1412762d9aee7861492eaf88ca4d457e0b1,pangeo-forge_pangeo-forge
1916,9f6b4d6970b9c39fa360c9c2d36210a20bcb274b,pangeo-forge_pangeo-forge
1917,9f6d776db43c0d9032ad42a4d085cb800959f3f2,pangeo-forge_pangeo-forge
1918,9f81ab3a7e8bcb35d1a683cff5d971cb0c15f087,pangeo-forge_pangeo-forge
1919,9f9ec0eb0e1e21040b88c172097c98a198783adf,pangeo-forge_pangeo-forge
1920,9fbfdfbac7b980f591b45519d410216dd3ede3d6,pangeo-forge_pangeo-forge
1921,9ff2b36164a1595074747ef3b89ea5047fa53dce,pangeo-forge_pangeo-forge
1922,a008c6b1ce54eea806409da15b86f518e0ad10db,pangeo-forge_pangeo-forge
1923,a0368819366204fc40c7ef8848a2e1feb642de73,pangeo-forge_pangeo-forge
1924,a04a59877befaedb886d96710a4ba4dfe617c834,pangeo-forge_pangeo-forge
1925,a0601c9898551aa359f7901a4a5705f0837a24ed,pangeo-forge_pangeo-forge
1926,a0ad1885b8f271ce20feb3b1f1800d8f277c9a94,pangeo-forge_pangeo-forge
1927,a0b19bddacfa8941cd49bb8cea2ed9d7196c59ee,pangeo-forge_pangeo-forge
1928,a0b2e4d4560f8834eba080cbcea3322c446382d9,pangeo-forge_pangeo-forge
1929,a0b9f6ab207a7017abd6ae9fdc9c866d5adc5f0c,pangeo-forge_pangeo-forge
1930,a0c52b44b91c42feae50441a535aa1cdfb88c9be,pangeo-forge_pangeo-forge
1931,a105e3b011342944d055a6a537c4408d69a4f2f3,pangeo-forge_pangeo-forge
1932,a11b85c4e64478f7ea08ac9e1007445458420a7c,pangeo-forge_pangeo-forge
1933,a11d21f112be9897426389b46b07c9561046131d,pangeo-forge_pangeo-forge
1934,a11fdc35923f1f7815cfe40ee9b1342db765447c,pangeo-forge_pangeo-forge
1935,a126ed4d8a0beb4b400671d287527f2d25d050a7,pangeo-forge_pangeo-forge
1936,a13d16dd3a13abf54301191002e8b059583b92d9,pangeo-forge_pangeo-forge
1937,a150b76a6a6d4aaf7f8b1f79c4a6e86da5ac96f0,pangeo-forge_pangeo-forge
1938,a158c044f1cf600c37f06aef1bb4824ebae93119,pangeo-forge_pangeo-forge
1939,a162b1b0d6901b398357bfc468aefca0156d44e1,pangeo-forge_pangeo-forge
1940,a191c99d1a4577d2394fec9c7ae396fb19f5e14f,pangeo-forge_pangeo-forge
1941,a19c686e2a6bef28509d763afb4a8fcf150e919e,pangeo-forge_pangeo-forge
1942,a1c43f365edf8b66b39254398fdb28c9652a6500,pangeo-forge_pangeo-forge
1943,a1c911e2036357794798a9bf0b82b8ed2c4596f4,pangeo-forge_pangeo-forge
1944,a1cc298c6a3980b95bc0c5c3eb6df058afd6fe7d,pangeo-forge_pangeo-forge
1945,a20111ed34e5431bb38b8dedb4229da56a98bcba,pangeo-forge_pangeo-forge
1946,a22e6aafc938be05809b55d9a3fced5598e71698,pangeo-forge_pangeo-forge
1947,a2328facf2c95267ed28838ecaddaef4e2300227,pangeo-forge_pangeo-forge
1948,a23cb8266171890b581859576ecd7188808605e3,pangeo-forge_pangeo-forge
1949,a24c9bdca92da423d471f18719287e2042e0318a,pangeo-forge_pangeo-forge
1950,a257b85a529987ec9c3f07fa2b811b22bb1a58f9,pangeo-forge_pangeo-forge
1951,a2692b3cf9fe3ebcecdc72e3b30fde0760420454,pangeo-forge_pangeo-forge
1952,a28e0a15f76668fd765a8ad07edcf83f875df7e8,pangeo-forge_pangeo-forge
1953,a29f0b6a0905092ab06acc4073930bdae610e4c0,pangeo-forge_pangeo-forge
1954,a2b6c53ce1372e0d38fb4ccfcddc440f7f873391,pangeo-forge_pangeo-forge
1955,a2f57c7b6b4c8014488d7f49c64d203d1ead98d7,pangeo-forge_pangeo-forge
1956,a2f979f4fb8fe16ba61f42d314f986951c942832,pangeo-forge_pangeo-forge
1957,a2ff4a24b32bb7895173d7a67f4f3f35048fc50d,pangeo-forge_pangeo-forge
1958,a349b36a8081175757cfe1906bd9ee5fe36e34b9,pangeo-forge_pangeo-forge
1959,a34b31ea0cbfef52327e74a96f08a0dad48fc213,pangeo-forge_pangeo-forge
1960,a3765363647964d6dce5abd6cb013b7436afe5a3,pangeo-forge_pangeo-forge
1961,a37c01b438a7cef9095b7375b992336d8411b9ce,pangeo-forge_pangeo-forge
1962,a387317860063ebc95a7b6b2839c991fecac0176,pangeo-forge_pangeo-forge
1963,a3bbb5a478945e2ed45650e0eeff578d37de0690,pangeo-forge_pangeo-forge
1964,a3d8b6dd960c6346a1837d07d43818307a783f9c,pangeo-forge_pangeo-forge
1965,a3e8d455030c678addfa1e24b749d6fd301e6a8e,pangeo-forge_pangeo-forge
1966,a40dd822c6ac4fd1cd8a2af0f193e72e1a20f63d,pangeo-forge_pangeo-forge
1967,a4282658c4a2d4caaa41d6d182d3ef902992cfcc,pangeo-forge_pangeo-forge
1968,a42862d87ccd5785280bf619cee1beadbdd91b02,pangeo-forge_pangeo-forge
1969,a433941bdb8e7209f86cee735a732e68964f3988,pangeo-forge_pangeo-forge
1970,a4449e07eb64b0f908cb10a97ae5ffa30c9a20fe,pangeo-forge_pangeo-forge
1971,a44eefed2f716c775be11dd5e47a51e5e4ef185e,pangeo-forge_pangeo-forge
1972,a46806614fcab1e627400749c60f82243e7f0cf4,pangeo-forge_pangeo-forge
1973,a47fe5275164d77fd97dc1402cd87da7d121fc6d,pangeo-forge_pangeo-forge
1974,a48174c859d5ac946873482a58b59069d4b8fb5d,pangeo-forge_pangeo-forge
1975,a49e5a0519b18b8a9392d05d6d2a55600ed0331c,pangeo-forge_pangeo-forge
1976,a49f7e0b8e57d052a9c7a6a48653d23a7a2c93ac,pangeo-forge_pangeo-forge
1977,a4a20d7e5805b9edaa38f65d3b8d01da500c192f,pangeo-forge_pangeo-forge
1978,a4bf88a820f1f2444d6aa0bb898b665a0caa4666,pangeo-forge_pangeo-forge
1979,a4c32ab8bc668ceb6726676b1fc9334bed013fd7,pangeo-forge_pangeo-forge
1980,a4dafc58c70967d779e4f822ef464b832f111249,pangeo-forge_pangeo-forge
1981,a4eadd2b29a5fc581c3a6e0b124154dd4710edcc,pangeo-forge_pangeo-forge
1982,a4edaf682e34ac09644174f0ec0f252f98cb68f1,pangeo-forge_pangeo-forge
1983,a4f54026be22df3da2d85168bf5ccbb8803f6af2,pangeo-forge_pangeo-forge
1984,a5024329b43ee45140861656dfb622ecf8e1b856,pangeo-forge_pangeo-forge
1985,a510f1398d13bdbc2eeab73778bbd56a002dbbf4,pangeo-forge_pangeo-forge
1986,a514a553b3ba81591d69fe84246db4fbeb661f6b,pangeo-forge_pangeo-forge
1987,a515458d6e42033174e367b9e68075d639b9a29a,pangeo-forge_pangeo-forge
1988,a51d3cc66cd8e5e1d31cee317b5db9ff8526f80f,pangeo-forge_pangeo-forge
1989,a531db623e792e49ae63e0bc368d670141963e73,pangeo-forge_pangeo-forge
1990,a56c4630616fb2f810e57025ef08012c58e0218c,pangeo-forge_pangeo-forge
1991,a59fbd744d69fe309c7c8351e50dfe6895d94ffb,pangeo-forge_pangeo-forge
1992,a5a182a643c8735b64c923c28b235b9d52f83db1,pangeo-forge_pangeo-forge
1993,a5b6f8f8519193ab2a07a0b499e68adbe579b073,pangeo-forge_pangeo-forge
1994,a5bcf1e99ff42fdee0d777363459c462243fb94f,pangeo-forge_pangeo-forge
1995,a5ff3642644d5ca41ed8be623b780231bdf79b54,pangeo-forge_pangeo-forge
1996,a60d3f3226885804fbb80fc7de7f3160e53cd4f3,pangeo-forge_pangeo-forge
1997,a60eb3eed0ec7e2e9a85e072c188aed29de407cf,pangeo-forge_pangeo-forge
1998,a6180c06dbabf35e3c1951327519e2081eb26a54,pangeo-forge_pangeo-forge
1999,a6223f64c95150488de03301323350a31f7d9f0e,pangeo-forge_pangeo-forge
2000,a6268b2ae7e708a1d4d118ab995b113ea9d94cf9,pangeo-forge_pangeo-forge
2001,a629eeca8a168bbf64a7f1935350edee01a1db8d,pangeo-forge_pangeo-forge
2002,a6334a4624c7ad45ab228fb3def9aea013b0fc26,pangeo-forge_pangeo-forge
2003,a650966ba9cfd8c8632621ccb83307f399040cca,pangeo-forge_pangeo-forge
2004,a6526e0110fecb3bfb71a5a549f4483c521b2c52,pangeo-forge_pangeo-forge
2005,a6660218aa4f0ed7fb22f6906590bbfd3a2ba61e,pangeo-forge_pangeo-forge
2006,a668516510e12a557c7fb46b15b1f41321126c93,pangeo-forge_pangeo-forge
2007,a6737b90ba3caac4e9fc6bfe423d76c8befbf4e0,pangeo-forge_pangeo-forge
2008,a69916259e5f4ef29a1552be250c0d86f885058c,pangeo-forge_pangeo-forge
2009,a69f924a9a02d748e622e6640cb2d072781833d0,pangeo-forge_pangeo-forge
2010,a69fd8d32cf8490bee0ebc402d86d26bcd061c0c,pangeo-forge_pangeo-forge
2011,a6a79efa41c4ba297e0dce3e2ee8363f43aeb0ca,pangeo-forge_pangeo-forge
2012,a6f157e65c2bdb85fb85a41c4cbd7ff2e806fe42,pangeo-forge_pangeo-forge
2013,a71ad170d9565d2f016704d169cbd96d5ac3d827,pangeo-forge_pangeo-forge
2014,a73d120d1edf1991c76e6cf8401573c4b2262bb8,pangeo-forge_pangeo-forge
2015,a770b93a48b54fe1666479a118f1accc1b0a53c7,pangeo-forge_pangeo-forge
2016,a771e4aca3580bf843d7890f55b23e24a32b8d34,pangeo-forge_pangeo-forge
2017,a796eb3a73cb6f49b2ef701d5120bd4165f1dbfc,pangeo-forge_pangeo-forge
2018,a7976de8a83ddcbb37baa9fb2b35cc8440855cb7,pangeo-forge_pangeo-forge
2019,a79f478a89d2ee3a5bbf442236c666824d69ac6e,pangeo-forge_pangeo-forge
2020,a7a5d314d02259abfa31357778cae4dad31e9d12,pangeo-forge_pangeo-forge
2021,a7c00806f8a6fadace901a6d4187fc87b000ae71,pangeo-forge_pangeo-forge
2022,a7c95746c676f5fb9befcb978925c67e6a6b3fe2,pangeo-forge_pangeo-forge
2023,a7d54c22b64ff478e44777406a09e1adcedc63a6,pangeo-forge_pangeo-forge
2024,a7dacd577b5d677d5eef2396517f5e19e9a69bd7,pangeo-forge_pangeo-forge
2025,a8004df44766553dfd62ad5b5b5d15de7cbc7f9a,pangeo-forge_pangeo-forge
2026,a8297eee383d58e09372ec601c62cd5a13e84e0a,pangeo-forge_pangeo-forge
2027,a835911c7d3c6b6c505ec246d34814b2557d2964,pangeo-forge_pangeo-forge
2028,a84793db5ee9424740389ae64970f56cbf07c806,pangeo-forge_pangeo-forge
2029,a8516101d925c630df2ffd78ad7b759fe54d7f04,pangeo-forge_pangeo-forge
2030,a8646ee9d42ea2341ceed9466d28bdcba273b142,pangeo-forge_pangeo-forge
2031,a86f8dfcfb73870c4d8910fd02c72e1194c7f7e1,pangeo-forge_pangeo-forge
2032,a871809e5947d4671e15acf3ffde36d0492c7160,pangeo-forge_pangeo-forge
2033,a891292362640ba47ef69c0e582e2ee148196d9f,pangeo-forge_pangeo-forge
2034,a8a528dfda1ac8b0ea9c562e2e6b4d8cb0b9e74e,pangeo-forge_pangeo-forge
2035,a8a84d20a1a0652621ef45559d7b65fbfb76f8a4,pangeo-forge_pangeo-forge
2036,a8aa2589bce6fdcff4f7d6359cb60b2683a32707,pangeo-forge_pangeo-forge
2037,a8b33ed6852c28e2ae10074cf3b2a235171e7243,pangeo-forge_pangeo-forge
2038,a8c951f84186ee5b99d18e4a2ac5264cbb2e0d92,pangeo-forge_pangeo-forge
2039,a8cfe11190021091eeb995f6083b2ce4347fcd73,pangeo-forge_pangeo-forge
2040,a93cf95054ef43af9a11de808ee1160bac6b5806,pangeo-forge_pangeo-forge
2041,a93effc36ba1270f71799cc2841dd72fed6cf4a8,pangeo-forge_pangeo-forge
2042,a953e107202f3d155234fd101e986b985b770607,pangeo-forge_pangeo-forge
2043,a95cc36edbf1b858dc46b0d9f957a5617ec61eae,pangeo-forge_pangeo-forge
2044,a994ed9a4042030297f3637a2466d7156d38eda3,pangeo-forge_pangeo-forge
2045,a9bb15ed23cae9242ce838bfa6c37c1ee5f4b152,pangeo-forge_pangeo-forge
2046,a9bba04e1f086643992d631da9218adf6c403477,pangeo-forge_pangeo-forge
2047,a9e32e62d7cb545615c202da863d0a08859863b7,pangeo-forge_pangeo-forge
2048,a9e9e81e95840909c71fe739b732cd35e8dad603,pangeo-forge_pangeo-forge
2049,a9ee2d6183cd03cfbd877f530127e57fdb26f61f,pangeo-forge_pangeo-forge
2050,aa2273e8fff1a1cd85557e2e9eb9f444899528f6,pangeo-forge_pangeo-forge
2051,aa55e488b855e508eb14809d51097ef3ea576225,pangeo-forge_pangeo-forge
2052,aa5f8a965feb8b6d2ca705cc6d35079fe0fc5c79,pangeo-forge_pangeo-forge
2053,aa98906f3424acbd6b495c6478bd634fea275f13,pangeo-forge_pangeo-forge
2054,aaa5a694ef3371dd92d2dbf6f96846a6fa199834,pangeo-forge_pangeo-forge
2055,aac89808ea22f2608b21e1064abc2ab46682163e,pangeo-forge_pangeo-forge
2056,aacf0174738ec8117cbf66c5c4a02766a305e8f9,pangeo-forge_pangeo-forge
2057,aad2f0fc3c171e678dddded9fcf3dfad0ccaf44a,pangeo-forge_pangeo-forge
2058,ab477570911230c7505bb1d926189dc118bd5818,pangeo-forge_pangeo-forge
2059,ab5581b645b652027e1ab8d2637905e751e6b107,pangeo-forge_pangeo-forge
2060,ab8957f4ebd9a99d00cddca5a1ad3ac4a354b1cd,pangeo-forge_pangeo-forge
2061,ab8c4145377a51019559e506fcc1697c1c108594,pangeo-forge_pangeo-forge
2062,abb8cf31b6a7eae2eb7fd08da978945d6a427120,pangeo-forge_pangeo-forge
2063,abbf7fcefbe33ac279c8dd8c31aaef3939342ea4,pangeo-forge_pangeo-forge
2064,abdbaf88d5f09b918edd576b3e2d8b1cd89c347d,pangeo-forge_pangeo-forge
2065,abfe04bc31164381dd5a11b77bdbf20de4b0f286,pangeo-forge_pangeo-forge
2066,ac39713f147f8210b5da440e602cbbbbf2acf1f8,pangeo-forge_pangeo-forge
2067,ac4b87c0c18abf84c69e517f7e6a005d8c49540f,pangeo-forge_pangeo-forge
2068,ac6712bcd6d6407970e6ef9fff48c8fe706aac8e,pangeo-forge_pangeo-forge
2069,ac869ac321b21da6c20b906900fba9c03dcbf0b8,pangeo-forge_pangeo-forge
2070,ac9f850f8753a8083b5cac205308e28734b8ef0e,pangeo-forge_pangeo-forge
2071,acc457b35d87dc23a43a0ced00f62052f5be6681,pangeo-forge_pangeo-forge
2072,acec708fb8e6cac2de8b74a41896750b8520504a,pangeo-forge_pangeo-forge
2073,acff54bdba4c5a1c33e7b8d84d49c1c79705959c,pangeo-forge_pangeo-forge
2074,ad293d8856bf3d7a38604546fa97d613cdfacfaa,pangeo-forge_pangeo-forge
2075,ad2a610783d82220c4edfe6e67fb09a955b7b92c,pangeo-forge_pangeo-forge
2076,ad2e237f426e496eb5a6bf26ba298049c32349e7,pangeo-forge_pangeo-forge
2077,ad6323c039a2691be8d4128a5ba081e7d1d0f6a4,pangeo-forge_pangeo-forge
2078,ad79726df2ffe201e55d99db23658b384db3c7de,pangeo-forge_pangeo-forge
2079,ad82fb63898e3b0d1aa761230a454d27678bc2fe,pangeo-forge_pangeo-forge
2080,ada5e5b3dd2f4bedea38088c542bfcc1a6f01dbc,pangeo-forge_pangeo-forge
2081,adc899fd7f96eb644516ae726e87598a2ac4374a,pangeo-forge_pangeo-forge
2082,add691ba241ef28877d9ca2fe8bf4f64eb40054a,pangeo-forge_pangeo-forge
2083,ae418915da86bae2c0bffb2ffd9ec1cdba982ab7,pangeo-forge_pangeo-forge
2084,ae46805297579eaa0f30df054c59ab99e9f13c11,pangeo-forge_pangeo-forge
2085,ae64a98c03ba43a6bf6c11098eb4115180fe5914,pangeo-forge_pangeo-forge
2086,ae93a19fb8a9681853f1a822feab3c91a3023ce0,pangeo-forge_pangeo-forge
2087,ae9e01d569122cb78ec9432e466cf94ce642c09f,pangeo-forge_pangeo-forge
2088,aecbad7345f347c5e35e6d5eb02b767074fabcfe,pangeo-forge_pangeo-forge
2089,aee106af892c50e84f8ddee5ae64bbb821d26e18,pangeo-forge_pangeo-forge
2090,aefbee1b416b0f6494b7eee1b94762fc2907d378,pangeo-forge_pangeo-forge
2091,af13ff3d2395b8ba0deec8f25deee5884dffac14,pangeo-forge_pangeo-forge
2092,af3b80ffd0a5678916769d13230b5c0388b63a16,pangeo-forge_pangeo-forge
2093,af405424b36a9b4bb3174efc6d85d2bbcd5a5889,pangeo-forge_pangeo-forge
2094,afa406a4c40e81eb8f477dc601f90acc65f0bcbb,pangeo-forge_pangeo-forge
2095,afa6e975933f0a4c12f8115ed0ca10f0c09ed1d7,pangeo-forge_pangeo-forge
2096,afe9ed0d5cddad8e096eba3b7c760ed285d31ad7,pangeo-forge_pangeo-forge
2097,afef1b9a36a9806059b647cedefc29aaf6394173,pangeo-forge_pangeo-forge
2098,afef57d8d3f0a4b89ee669d115af0f655f78da8c,pangeo-forge_pangeo-forge
2099,aff783cb6edc69fa95d0b35ef5453e0c268958ff,pangeo-forge_pangeo-forge
2100,b01308f7940659b138df2266a12da4b1a56dda20,pangeo-forge_pangeo-forge
2101,b054edf17a6648bcbfd6886a572b411e67e44488,pangeo-forge_pangeo-forge
2102,b06ab951620779a9b10f930c06eb6786dd31b35f,pangeo-forge_pangeo-forge
2103,b079aea8fe68257a0a0720d70c82d3b6af9940d3,pangeo-forge_pangeo-forge
2104,b09d2c77746b27eb439463c1bb0725093408214c,pangeo-forge_pangeo-forge
2105,b0a92b773c4d27c9b9680de7a9c4b6842cd88b98,pangeo-forge_pangeo-forge
2106,b0c24ae79d2eb97cbd9e8c683fb349a0c837569d,pangeo-forge_pangeo-forge
2107,b0c379abfdfb7657babb9b44496c4e43f867ea75,pangeo-forge_pangeo-forge
2108,b0d1357a3052e2df988dfd140b442e1c0c31b531,pangeo-forge_pangeo-forge
2109,b0db17901b13144a14ecaf76a81f2a6bef7d00e5,pangeo-forge_pangeo-forge
2110,b1071b5f71ab04e16c9ba416f8d4cad5d4f04542,pangeo-forge_pangeo-forge
2111,b11526b7614addd190453921cfbbc37eeb958d7c,pangeo-forge_pangeo-forge
2112,b11762b20faa04a225dcf8077eb3f3fa411bd056,pangeo-forge_pangeo-forge
2113,b12e11344c986e21d770740cf9d34d0030b34009,pangeo-forge_pangeo-forge
2114,b1333f51bf04b92ee8eddbf0733617c6c1b24c15,pangeo-forge_pangeo-forge
2115,b14986a3c890987501f2cbb8545aab60e0f6e952,pangeo-forge_pangeo-forge
2116,b1a5376304303390d6d58a981728c9f59e359bf3,pangeo-forge_pangeo-forge
2117,b1cc65b06b3356e41749300cdc35a833fcf0b640,pangeo-forge_pangeo-forge
2118,b1f6b14389daf3c5201262c7b3936b33e2019df4,pangeo-forge_pangeo-forge
2119,b2123cac79c3ff040d1ab02ef40eb1d748fb4d36,pangeo-forge_pangeo-forge
2120,b21eacf637053e163375dbf518ca8a01c1257fe4,pangeo-forge_pangeo-forge
2121,b21f750b130c0689e77db55120aba8aba7cfa9d4,pangeo-forge_pangeo-forge
2122,b240abeb333a90d599593b3952387e9ba2ded957,pangeo-forge_pangeo-forge
2123,b24ca9c3e6eb7567ac43648373bc9a947c9bc387,pangeo-forge_pangeo-forge
2124,b2670beda5693cb97e3085a33829bcab0b86e7fd,pangeo-forge_pangeo-forge
2125,b2759e28924fd05a50959d8523b86b3b0a78d787,pangeo-forge_pangeo-forge
2126,b2a6d7ec829378b46860af097deb5c48b7fbe724,pangeo-forge_pangeo-forge
2127,b2bde8f08bb7d01a459670275f57211fbbd84d02,pangeo-forge_pangeo-forge
2128,b2c48bf30ac0fb4c3fc8a94a8033c8a95ab4e030,pangeo-forge_pangeo-forge
2129,b2e74bc4fbc56a441ef643e60c40615f63512693,pangeo-forge_pangeo-forge
2130,b2f23e5c7e71569a3c71a848790e16c0e535441b,pangeo-forge_pangeo-forge
2131,b2fcf0dd4531d47f22d068a4dadee1776894248c,pangeo-forge_pangeo-forge
2132,b302bbda01a9c6d1dcf1ec61dfc528aadcb22e44,pangeo-forge_pangeo-forge
2133,b30840ce59c5d3cfc80cb610c3204bceac1efb42,pangeo-forge_pangeo-forge
2134,b336852b05771dc196a4f6bd9209cdc0764e9bb4,pangeo-forge_pangeo-forge
2135,b35aae66c12e4c0847505df789df368d1b0aa7eb,pangeo-forge_pangeo-forge
2136,b36aa9c28ca6e82831fbfdf08889daa049315223,pangeo-forge_pangeo-forge
2137,b36fa5ca37bff679669a56764a8f5af5793e192c,pangeo-forge_pangeo-forge
2138,b3724c8e441fb2338d5cc89fd6f3b470a3d6a26f,pangeo-forge_pangeo-forge
2139,b392a4af2456e56ee61747c40ced8f7fa59c064c,pangeo-forge_pangeo-forge
2140,b3a1160dd82ec875e488539bbfc1446ba4bce072,pangeo-forge_pangeo-forge
2141,b3a42ed950716775a391d4030396a3dc2a327786,pangeo-forge_pangeo-forge
2142,b3cee620381fa669e356d33715d4e9ed10d6b7e9,pangeo-forge_pangeo-forge
2143,b3dd635da8e83e98cfbdfe61380f74f3efd1eae1,pangeo-forge_pangeo-forge
2144,b3f49f9eb343439a7350fcb1260ccd7c8b0c9e9f,pangeo-forge_pangeo-forge
2145,b3f9222c60d556c665bc222d4ba79a5f39240577,pangeo-forge_pangeo-forge
2146,b410fc7940bb5b8ed9fefddc0c77215521cb295f,pangeo-forge_pangeo-forge
2147,b4199f7b1b94fa21813e78681585caa734c89bcd,pangeo-forge_pangeo-forge
2148,b43ee2e3cf893b1368e9e23d80f17a11d149bdc3,pangeo-forge_pangeo-forge
2149,b4656c7730f9882a6967530b89d76a61688e8cc0,pangeo-forge_pangeo-forge
2150,b466dfa6f56270d2df68b1530bbfdd412bb10fb3,pangeo-forge_pangeo-forge
2151,b485ba8ec891addd8dc557b7eec0098523e477eb,pangeo-forge_pangeo-forge
2152,b48849c8bdbfa0e96ed75432fb476dd779dc6337,pangeo-forge_pangeo-forge
2153,b48a470b10357dec3a84303f98a4fee21e3df449,pangeo-forge_pangeo-forge
2154,b48fda3bfcd976c52c5496a5ae306e9e1d9cf8d3,pangeo-forge_pangeo-forge
2155,b49dd8944f44f3870c7acad628a8839e603d1c1f,pangeo-forge_pangeo-forge
2156,b4aa883774d57bba0ddb79410e320f7ab3be4794,pangeo-forge_pangeo-forge
2157,b4ad7f901200cab244d90ec05b648258f00ddbb0,pangeo-forge_pangeo-forge
2158,b4feeefa6803403760661b3895c3ba4a4bef0682,pangeo-forge_pangeo-forge
2159,b50d58222e19c8fe4dff1af4eb9a1d3177cda9a5,pangeo-forge_pangeo-forge
2160,b531b133511b91972a04b4d6904c384a8558ac16,pangeo-forge_pangeo-forge
2161,b53320332550cb8f033ced6319ff921a3d421009,pangeo-forge_pangeo-forge
2162,b559f43a2b130b54c602a1d52ce8fb74880eb5c8,pangeo-forge_pangeo-forge
2163,b57c6301ed3f1140955e5d2642c832b8d3139b88,pangeo-forge_pangeo-forge
2164,b57c9ba8da9cdeffc0b0b6396dfc095de75aa85f,pangeo-forge_pangeo-forge
2165,b586b62cbaad792572ae0fa6cb870978c180d12e,pangeo-forge_pangeo-forge
2166,b5a604cda450fa133dd95bfdaf920b6303e83394,pangeo-forge_pangeo-forge
2167,b5a899acc7123c1a25bd75d4f2a21b75ae041ff2,pangeo-forge_pangeo-forge
2168,b5dbec311d2eb6e65133316b35d6920b1868a5fa,pangeo-forge_pangeo-forge
2169,b5e7220e6f661d3672f9dabc58c6950215aceadf,pangeo-forge_pangeo-forge
2170,b5fcdcadb6d27784a1c2a0b25a006513b87c447b,pangeo-forge_pangeo-forge
2171,b603c988c57bf9246282c943c5ae09ffa7a11a07,pangeo-forge_pangeo-forge
2172,b60f8968fc3df36e542ff14ce458c7ef3e5f677f,pangeo-forge_pangeo-forge
2173,b63f44085f2ee60e95a2591cc0624efebe08452d,pangeo-forge_pangeo-forge
2174,b645d9a560c94fa7e9ddfe027a6604985a024a14,pangeo-forge_pangeo-forge
2175,b68d742293883f1005ad0de8d2d75afed514428e,pangeo-forge_pangeo-forge
2176,b6a7c81cfdf96cd41f2c4729c5606ece61434f67,pangeo-forge_pangeo-forge
2177,b6d47913d6020d48ce4df1753f903e9282f93a26,pangeo-forge_pangeo-forge
2178,b6d6f17be33e48e3d196c090903aa6d6c2a92e04,pangeo-forge_pangeo-forge
2179,b6e3c5c2ed11ac040f4ef61cb0a76349fa1d99ad,pangeo-forge_pangeo-forge
2180,b71703144b58331928d2515bb100b75657fbe867,pangeo-forge_pangeo-forge
2181,b731a440addb874326a3f69cce71e2a9a4c37971,pangeo-forge_pangeo-forge
2182,b73893a0337472b22e34723fde69f1b6e317993c,pangeo-forge_pangeo-forge
2183,b73cc399493fc6be96d94c6958d2baad5d75425b,pangeo-forge_pangeo-forge
2184,b74905badfe82644cc2de6923e6bdcd6b7f64012,pangeo-forge_pangeo-forge
2185,b76d89e61b4512580b0d62f209a2df388afb522b,pangeo-forge_pangeo-forge
2186,b779c05f13a9611fa4903f8c04d44f3461cf09b7,pangeo-forge_pangeo-forge
2187,b781e309920ebcc7306b6891183041598c7a7cac,pangeo-forge_pangeo-forge
2188,b7a1544bae1fdbd249e0553157542a742f1d0e5c,pangeo-forge_pangeo-forge
2189,b7bcd8eacbcaf3ac3b29e902d02533833de88570,pangeo-forge_pangeo-forge
2190,b7c8a69f0c8718627757d371158062666297b81f,pangeo-forge_pangeo-forge
2191,b7cac217bc894055e4f1086923623bfaf8589869,pangeo-forge_pangeo-forge
2192,b7d984c0cc0550d452a6d8b31eed675b30deefc1,pangeo-forge_pangeo-forge
2193,b7db747f5a3f3aa12f66d183adc0a6fe9cc7274c,pangeo-forge_pangeo-forge
2194,b7f3279b3393fc7ec3d0854aa6266ac73ae118c5,pangeo-forge_pangeo-forge
2195,b7f82fa570022aa0664059ab606d183f8516ef0e,pangeo-forge_pangeo-forge
2196,b8130976777e1aa067e6e81c5ff6b0b81f6d9713,pangeo-forge_pangeo-forge
2197,b82609e229d6949f69a8295a01e0c1afc0cad06e,pangeo-forge_pangeo-forge
2198,b8456d26c9fe0f0d63964c2965e94f014fa9d769,pangeo-forge_pangeo-forge
2199,b86829c08fca4ccbbb31be709b252d1c46afc3f0,pangeo-forge_pangeo-forge
2200,b8933c4ee08fbf05877820fc159c836253ca7206,pangeo-forge_pangeo-forge
2201,b8a03c006d27e626d85fa234d46c580335b14fa3,pangeo-forge_pangeo-forge
2202,b8a8461a9d330cb2f55b085e3455e71ecd866ae9,pangeo-forge_pangeo-forge
2203,b8b0123e6e82cf23f1c2852c07993be96a1d9571,pangeo-forge_pangeo-forge
2204,b8c2ffd2c5515899e8ad490b83950b44e34675ca,pangeo-forge_pangeo-forge
2205,b8ead76208b98c59f85bec4c0721fe8176210d10,pangeo-forge_pangeo-forge
2206,b90f7c12d3af97ceb185c424448a47488a243747,pangeo-forge_pangeo-forge
2207,b9324600752ff35331453c6e2caa1bac0fcf1148,pangeo-forge_pangeo-forge
2208,b93ba4025a122755ddd7cb2a9f7181d91c27770d,pangeo-forge_pangeo-forge
2209,b94b94a2966298878a0cceed66cb0b83dbe24101,pangeo-forge_pangeo-forge
2210,b94d48d817a675cc1a53eba6e01b42ab9c724803,pangeo-forge_pangeo-forge
2211,b956a4f363ce098af55e32a8ff841a2cbd3b2224,pangeo-forge_pangeo-forge
2212,b96cbc1c3e8765d98996ff92729de5f45211754d,pangeo-forge_pangeo-forge
2213,b993dabd5f3db6fbc86826cb18a6372f120e4a20,pangeo-forge_pangeo-forge
2214,b9942c1b9a70fad13caae7d55357c705383f12a0,pangeo-forge_pangeo-forge
2215,b99c4efaac4cc2369617949634ee3f0b339f2b36,pangeo-forge_pangeo-forge
2216,b9c728f20c1e7acd6926e2910af8e56a0a401517,pangeo-forge_pangeo-forge
2217,b9f6b8b8e6d4c83bcc72b051de980f3e0abaf1ee,pangeo-forge_pangeo-forge
2218,b9f74be590a25d1e013cfd03a834ab134c028411,pangeo-forge_pangeo-forge
2219,ba01bc0023dc748d0024c612e2b1d2be1814a61c,pangeo-forge_pangeo-forge
2220,ba4dc7430137ae854b358698f0eb84fb4232c032,pangeo-forge_pangeo-forge
2221,ba798e0e8295f6b65f84cb82b1611cf61a496152,pangeo-forge_pangeo-forge
2222,ba9f7904fd79fd74dcf8f0bf8e62c094efe3af3c,pangeo-forge_pangeo-forge
2223,baa863564fedd734bb6b56c73573b034b5bbb4dc,pangeo-forge_pangeo-forge
2224,babdee4057a9026f6ddb6da2e184e50b3895c31c,pangeo-forge_pangeo-forge
2225,bac104dca9defeb649c1183f8166d86f7694a914,pangeo-forge_pangeo-forge
2226,bac55fe5cbd4b129612a7a2e243e029317931ca3,pangeo-forge_pangeo-forge
2227,baf3577e2dc0d7cd61d01f0c9d4b1531982077cb,pangeo-forge_pangeo-forge
2228,bb23884cda35840c897c5a578c746a4ebadf5d2b,pangeo-forge_pangeo-forge
2229,bb31eb33060645efc7edfeb0cc1b7aac741a4282,pangeo-forge_pangeo-forge
2230,bb472002e2b9837f3d007a9e5e0b17d4bf48cf16,pangeo-forge_pangeo-forge
2231,bb7953ee1082f674f1024cdf37235ee6baf3e995,pangeo-forge_pangeo-forge
2232,bba0be81a347954bdf898190a02672d137561e53,pangeo-forge_pangeo-forge
2233,bbb84e07cf623140559028670eff678574d68df8,pangeo-forge_pangeo-forge
2234,bbcd0bd3a94a7ebbe6ccfcdeb688d1febb21e750,pangeo-forge_pangeo-forge
2235,bbdb8b472461350a7a41993c5ae241908f83a0ab,pangeo-forge_pangeo-forge
2236,bc11fb589a11a1393f0d746e24193cbad4ac6e13,pangeo-forge_pangeo-forge
2237,bc3e5b60eb5ecfaaa46feeecfddc667d9ebc933c,pangeo-forge_pangeo-forge
2238,bc3febf706d87be8e17a916d398f152c110289e5,pangeo-forge_pangeo-forge
2239,bc4b873a69442bbc1357ea0b17fe044e1bd67138,pangeo-forge_pangeo-forge
2240,bc773e49d615a8ac24f4c47d5e54348326650a0f,pangeo-forge_pangeo-forge
2241,bc7ee81fce3ca6c1a1f4be0edfd3aee1d5f8b513,pangeo-forge_pangeo-forge
2242,bc980f7e5b6f033f8529a472ac9ebfb37776cbbc,pangeo-forge_pangeo-forge
2243,bcbc52bebb0be2c39a8a787d296e3ed280e7d526,pangeo-forge_pangeo-forge
2244,bcc570097ec3381fd63acd2193cdd856672040b1,pangeo-forge_pangeo-forge
2245,bce73421e82fa30a7c9ff2ee3b48f0e145723258,pangeo-forge_pangeo-forge
2246,bcf23f51f867d6b0132b2432d004e032b24eb9bd,pangeo-forge_pangeo-forge
2247,bcf71904d6ec92dc95e7841b66c45f8c4f7cdb65,pangeo-forge_pangeo-forge
2248,bcfbdc74d40f1f184c0a0d56c5685c9f5b6020e0,pangeo-forge_pangeo-forge
2249,bd20142b044b071c4aa2eace7ca4f40197222c92,pangeo-forge_pangeo-forge
2250,bd25aff8cb1c8ed8cf764ffb0987a9a9c8d41879,pangeo-forge_pangeo-forge
2251,bd3084a5fa892757edf7c310a210f3cd23dc8c22,pangeo-forge_pangeo-forge
2252,bd3583e03156a547b58c77b93d7f33be1d37046f,pangeo-forge_pangeo-forge
2253,bd374c2fc5ed2039a630e0380a9f95c20ffce9c5,pangeo-forge_pangeo-forge
2254,bd3ae093d18722d6f251bcedca3798344425f76e,pangeo-forge_pangeo-forge
2255,bd5cccf5ba2e9f6f6ce4a844e55f85a52c6f2f3d,pangeo-forge_pangeo-forge
2256,bd6584bd769164fb271fad4e6e35bdfdc146e0bb,pangeo-forge_pangeo-forge
2257,bd7f517985cbaa419d2a40dc45a176c095fd1b48,pangeo-forge_pangeo-forge
2258,bd8a473e6e9932635db0a3d3690837e8b47a65f2,pangeo-forge_pangeo-forge
2259,bd90598a7fca03272f811553521dd239b53a31ae,pangeo-forge_pangeo-forge
2260,bdac8dbcae75ec726294606bb7f759be67638b45,pangeo-forge_pangeo-forge
2261,bdb32f28d09fb3d2cb76296d988c5dcd64d9d80d,pangeo-forge_pangeo-forge
2262,bddbc8f8b8cf3bb9f84b1c9cd5286e7fe0593fd1,pangeo-forge_pangeo-forge
2263,be30b8961cd2bfb4202b554218cbe0d38dc9894e,pangeo-forge_pangeo-forge
2264,be535765e4dd7a197bd9b080b49bcb39f6612fd0,pangeo-forge_pangeo-forge
2265,be704129bc921c5fadfd4c17cbcdb5db8ab5cde9,pangeo-forge_pangeo-forge
2266,be7f28601e330ec3a2c6a6631c75ce5c45a5ae8b,pangeo-forge_pangeo-forge
2267,be8dc799cddce6b3db049db9e857256924080016,pangeo-forge_pangeo-forge
2268,beeb15a6ac450756307fb79c0de112daa54254ca,pangeo-forge_pangeo-forge
2269,bf4ada60bc78e016e2c703e7472a6b8a9d28f843,pangeo-forge_pangeo-forge
2270,bf6052a813b9d877d3307a37ebb68534d35088ee,pangeo-forge_pangeo-forge
2271,bf6b0e57f403cbd9276ec682cd1fa00d29a40540,pangeo-forge_pangeo-forge
2272,bf7b328f2e38835ddb5cba3b503c71b2cb09b12a,pangeo-forge_pangeo-forge
2273,bf8fb3440f46c3c4ae8fa2d09a4224a70e27b742,pangeo-forge_pangeo-forge
2274,bf95dfb306e88f864bb3f524db3bf6bd81e0b894,pangeo-forge_pangeo-forge
2275,bfa6a956ee11a0740e92784b1d3c3ac8ee5a4a57,pangeo-forge_pangeo-forge
2276,bfaa7a30d86221cb0503dd1e726fbf749854c105,pangeo-forge_pangeo-forge
2277,bfaf79742701e7df23c1e70522e579f544117ed7,pangeo-forge_pangeo-forge
2278,bfb1db8647d05ca13fea844279e7976c1b673f5b,pangeo-forge_pangeo-forge
2279,bfe0675bf0a2a694c9f78b0b41687ea5b643171a,pangeo-forge_pangeo-forge
2280,bff12db896d2c41f77732695d16a43e5fafacb83,pangeo-forge_pangeo-forge
2281,c001e710e0a49d2f55476d0a7900819cb26acc2f,pangeo-forge_pangeo-forge
2282,c0086e6266326a6e23550ae08736d4efca80c1ad,pangeo-forge_pangeo-forge
2283,c00eb5c4306b3eebe614818149cc0c0fe166bf12,pangeo-forge_pangeo-forge
2284,c0b9096c26947f8261fba96f1c5791b127a3c078,pangeo-forge_pangeo-forge
2285,c0c3d5a264bd2c006a9bb12a29b45e440c2240f6,pangeo-forge_pangeo-forge
2286,c0ce841d661aa5d987bc80327fddb78712054bf3,pangeo-forge_pangeo-forge
2287,c100de36236c43ad381a7fc37efab6018686119d,pangeo-forge_pangeo-forge
2288,c104f9d19861712fbf251928b8239c2c9f387e81,pangeo-forge_pangeo-forge
2289,c12065509ba2b2c2ff71d4281a07ea854dbc1f89,pangeo-forge_pangeo-forge
2290,c12cc7ce7f223e8a31d1375e8cf1fdb8d191153f,pangeo-forge_pangeo-forge
2291,c1581d1fca01880ebd7755fad169da726d504b6b,pangeo-forge_pangeo-forge
2292,c15e582b13956ae1542d7143b81407fa5464ae10,pangeo-forge_pangeo-forge
2293,c17dd3392e00c28f8ac41c4715d9192193ba7b3c,pangeo-forge_pangeo-forge
2294,c18aaaad309e791b0bb1f3220cb689923037bef2,pangeo-forge_pangeo-forge
2295,c18ac7690ae86be606eb90b72ce68107fb06461f,pangeo-forge_pangeo-forge
2296,c1a6c475ac58269d7ac2218d77599ceb29286823,pangeo-forge_pangeo-forge
2297,c1c2c1477aa55b19f20982109be1d5e01957088c,pangeo-forge_pangeo-forge
2298,c1cca61282086dd927f35747802cc3f7feb59394,pangeo-forge_pangeo-forge
2299,c1d5bd47eaab5765ef257ce74c60438e81d4997e,pangeo-forge_pangeo-forge
2300,c1e99ff83aedbafa123a31f4a08cc29533eff1bd,pangeo-forge_pangeo-forge
2301,c1f26520d88cc6f442b97b76dbb23b8af2aaab65,pangeo-forge_pangeo-forge
2302,c1f6ae9b93919edc85333d25e58ad2a2d5edb6ea,pangeo-forge_pangeo-forge
2303,c1fe5d156825ea0afea57b7f0ba6edda9731c3b9,pangeo-forge_pangeo-forge
2304,c20f3fd26655d36a935ee44064042b41c9791daa,pangeo-forge_pangeo-forge
2305,c233ab708ed8148f272a6c941eec0dd77468158c,pangeo-forge_pangeo-forge
2306,c25aa99206624c45e645838bb9631a97bc823e2e,pangeo-forge_pangeo-forge
2307,c27307bee92ec2a2a659998f3bffed79ec71fa78,pangeo-forge_pangeo-forge
2308,c2828431ac747af6e83de1036581ba97fe5facea,pangeo-forge_pangeo-forge
2309,c28a264ca6a8b620893b858117bf1390ad5e74f2,pangeo-forge_pangeo-forge
2310,c28ac5663103cee4dbc383a96f54908593de0629,pangeo-forge_pangeo-forge
2311,c2927775cf0f992be4b93153028c345ca4f7c14c,pangeo-forge_pangeo-forge
2312,c2927be41f69f63ec4b52992d66fe2dc02f0f600,pangeo-forge_pangeo-forge
2313,c2ba2260a04fe88e2b6a2659c1bb69bb2e449e3f,pangeo-forge_pangeo-forge
2314,c2d54e2d9af0a501232a081d65de2dcf20ded7d2,pangeo-forge_pangeo-forge
2315,c306c9518d92ab2c1e8c816228c28d87f4448888,pangeo-forge_pangeo-forge
2316,c31783dc871cfd11a2d7041dcd059b428ce550ff,pangeo-forge_pangeo-forge
2317,c31ce99b93408db8c4342efb13f28f3aa33e105e,pangeo-forge_pangeo-forge
2318,c35b1701c98cd7c151883db2347d1f70a6fd4131,pangeo-forge_pangeo-forge
2319,c3a4658d19f980985c9ebab6ba3ed3aff496bed6,pangeo-forge_pangeo-forge
2320,c3b8bab2e327c82f084d1bce97021c38726a9fe8,pangeo-forge_pangeo-forge
2321,c42151e6ddce7123e4349748ee54b059f9fb8fb0,pangeo-forge_pangeo-forge
2322,c42ead11cf2643e815d353637ecb305973b86a53,pangeo-forge_pangeo-forge
2323,c4338d9da0d9d58dd2126b38a187311d1b2f95b7,pangeo-forge_pangeo-forge
2324,c46bbe834aa2315be45bf9a7abb0d29540fc5090,pangeo-forge_pangeo-forge
2325,c48181b9c78d52535dbf478f0e6a797fa7eb89ba,pangeo-forge_pangeo-forge
2326,c4867719c4866ec46436b5d53d95ceb470a6f72e,pangeo-forge_pangeo-forge
2327,c48742e39ed543274f4fd95b4be82e47083ce8cc,pangeo-forge_pangeo-forge
2328,c4892df4e6bb6ead9f3762d6a35d68999967d140,pangeo-forge_pangeo-forge
2329,c48c5c1da817fce25bcae1ace75c895608ce13fd,pangeo-forge_pangeo-forge
2330,c4a4ed84027ee6d2c372d8f403a3c3f3109a13d1,pangeo-forge_pangeo-forge
2331,c4d4f23cced94fa56732d0ad24fcd66d43536d4e,pangeo-forge_pangeo-forge
2332,c4e0f324faa73ffb591be16e7160148a3fc2a104,pangeo-forge_pangeo-forge
2333,c4e48ae83d4bc7559c8272b64910dd9efb12828c,pangeo-forge_pangeo-forge
2334,c4f0f5286e51056427b5ebc2d8b7bd42542cb9bc,pangeo-forge_pangeo-forge
2335,c530e8e91df3a875e50a7cce9debd249aaf3a6f0,pangeo-forge_pangeo-forge
2336,c562e0f0db5ef91c3bbec6bda64e78cf03ed4e5c,pangeo-forge_pangeo-forge
2337,c590029d70b3e0adc2eef391bef8972911bcb00e,pangeo-forge_pangeo-forge
2338,c59f3520f2882ad1f08d65407270f42565e88c17,pangeo-forge_pangeo-forge
2339,c5a187c60ff389014700cfeba2281b70ce160baa,pangeo-forge_pangeo-forge
2340,c5bc9836b3679c37b06e9f2d9f5326dd7e224426,pangeo-forge_pangeo-forge
2341,c5e94afdd1bf88d0fc05567e345f33cad74ee81f,pangeo-forge_pangeo-forge
2342,c5f6b4479b4107bc4e7c54a1de28c1eb315bad91,pangeo-forge_pangeo-forge
2343,c61a6f696069d9af679141c5089c5f37102b44e9,pangeo-forge_pangeo-forge
2344,c62420b56e4cb87360f4120529475beb209175f6,pangeo-forge_pangeo-forge
2345,c6263b64912654ddc7a9de74d02a4898c79ba870,pangeo-forge_pangeo-forge
2346,c630d0ff5f34505ae99de4fbad425cfd34e3fad1,pangeo-forge_pangeo-forge
2347,c633a3f4a6b37d54d2d8213542bf969aad9c915e,pangeo-forge_pangeo-forge
2348,c64e4fdb19bc2b0fdb8083052ff03a6169577203,pangeo-forge_pangeo-forge
2349,c66e73eeed4842636a0defeec09bde9799d91b90,pangeo-forge_pangeo-forge
2350,c69dfb5cd2d62e07206f9f68c0a2b5e335fbfe8d,pangeo-forge_pangeo-forge
2351,c69e883ef2a218ae15c69f4b5e33605cbb2e6f55,pangeo-forge_pangeo-forge
2352,c6b61c088ca3ead6d9ac8b7b9f7bd26b6ec1b67c,pangeo-forge_pangeo-forge
2353,c6ea58ec0aa4c8405015e37b751ef319340ddc48,pangeo-forge_pangeo-forge
2354,c6f442234a0a0c143471fc1c563e0f5c4416d6ff,pangeo-forge_pangeo-forge
2355,c6ff483af98441d409f7b214813f4091a22ae316,pangeo-forge_pangeo-forge
2356,c7104c48a38665bcab2549dc157667c0706a20d3,pangeo-forge_pangeo-forge
2357,c7198b84e8b226db7314ef920c9599bc5e95764c,pangeo-forge_pangeo-forge
2358,c71baa93960b3d93b5e070baf83fead08fb31cf8,pangeo-forge_pangeo-forge
2359,c71cca2e3183fde8d8a3e91625125b4171155b76,pangeo-forge_pangeo-forge
2360,c7215cc4044baf8542bd0e5c0ef6feec76f0a765,pangeo-forge_pangeo-forge
2361,c75a2745c53682a8ac5723c53963582a5776b28c,pangeo-forge_pangeo-forge
2362,c75a2e5700118efddc696403d60226127edbbd47,pangeo-forge_pangeo-forge
2363,c76269a0befeaa5d60098832004ea4c03c824ab4,pangeo-forge_pangeo-forge
2364,c769d270f11e140cb0b1d6711b523b338376c889,pangeo-forge_pangeo-forge
2365,c76b04b8e1df0c681bb1b7e69adb83ee050c1d64,pangeo-forge_pangeo-forge
2366,c76ce820391343dcc18f6210af0fb157d21aea0f,pangeo-forge_pangeo-forge
2367,c76ee9d722adbbd61f6df4b15b57eec8b3448e3a,pangeo-forge_pangeo-forge
2368,c76ef6610b9e95dd2fbf83725d5754f06eb965c3,pangeo-forge_pangeo-forge
2369,c78a504bb9c1e26fc2e88e6d2ca1f5fb574eb45a,pangeo-forge_pangeo-forge
2370,c795f4d81fa34e1f84efd579c5d037a5007dc6af,pangeo-forge_pangeo-forge
2371,c7960eef0164a9b6b3326a411a4bd9f6df6a3bea,pangeo-forge_pangeo-forge
2372,c79f3b24c8fdcc412d874a00d3d1eef63467b2d2,pangeo-forge_pangeo-forge
2373,c7b656269698734acdd1facbd7e762ba71edf1a6,pangeo-forge_pangeo-forge
2374,c7c5206117bffd25d771ffa428afed397ef45300,pangeo-forge_pangeo-forge
2375,c7eded70609f646897924514e189001d0637c6be,pangeo-forge_pangeo-forge
2376,c827037cd507eac39296e42ff2c45f660f49d1f1,pangeo-forge_pangeo-forge
2377,c845e5077f2944d7a9e8226c9a3b8869a34be86c,pangeo-forge_pangeo-forge
2378,c84633b75764a9905226cc9da15bc1be29e4cbf6,pangeo-forge_pangeo-forge
2379,c851548c12ef7ff31c435486ace5352cf9b56f0e,pangeo-forge_pangeo-forge
2380,c85b89504d44eb2e5a276deabb7501342c3eff4a,pangeo-forge_pangeo-forge
2381,c874204e5ff3eb93b4b9931c00cc5b6c8588dbfd,pangeo-forge_pangeo-forge
2382,c895b3273ce9f27acf4a5ca9ec30417a361496cd,pangeo-forge_pangeo-forge
2383,c89da513385ae88ff38b321a165b150c36eee396,pangeo-forge_pangeo-forge
2384,c8b562817a09bf0e44772a966dfe289048acf1e3,pangeo-forge_pangeo-forge
2385,c8ba8e305e12f145ad76e7652bdfb7a3ed12d18a,pangeo-forge_pangeo-forge
2386,c8d00f91f836e52aac5fb3e194d0a5a312e8a2a6,pangeo-forge_pangeo-forge
2387,c8d0da1baa5a88be1ccc523ec31384dcf1185915,pangeo-forge_pangeo-forge
2388,c8e03aeaf13d720560421f0d4471708a9ccdbac6,pangeo-forge_pangeo-forge
2389,c8e4a016e3b3402e1c6ddc12e380a2758ffc434d,pangeo-forge_pangeo-forge
2390,c8e8459bc307936abdc45eb80b3c48eb84535f59,pangeo-forge_pangeo-forge
2391,c8ffecc1c18433dd7f9b2cc010a38e92e9c16956,pangeo-forge_pangeo-forge
2392,c913d3b74c35ea67bd2c608e7d7f3bfe071f58b7,pangeo-forge_pangeo-forge
2393,c9164fc94ba6005359933cc1cc7ffd6a26194405,pangeo-forge_pangeo-forge
2394,c92d6af801d5846a9f4fb08e444d0945549afba9,pangeo-forge_pangeo-forge
2395,c934c3ca556fa27adffb1d69f02223a77e3c5b6b,pangeo-forge_pangeo-forge
2396,c9370b4a0cc271ed7c19ad0f8886fdcfa8f227d0,pangeo-forge_pangeo-forge
2397,c94229f0ea3c7831be90469f80a7780b438441d9,pangeo-forge_pangeo-forge
2398,c95f3fb9be41af36ffdd2020a6c5d9cb05c9ddce,pangeo-forge_pangeo-forge
2399,c97a18db43f2f58af05efd074a2f00fe3a0ea132,pangeo-forge_pangeo-forge
2400,c97f5a9ea802f1447158af6c4f0d690354375af5,pangeo-forge_pangeo-forge
2401,c99ea29f2752a288751e033d1466f02781f2264e,pangeo-forge_pangeo-forge
2402,c9aaef0aebf28e0478aa89723e39fde24d4b1d8f,pangeo-forge_pangeo-forge
2403,c9c19fff87f3f72561bff9987cb5bd293dd2e05d,pangeo-forge_pangeo-forge
2404,c9c5783af448f2fc676c456866b0014c1105e4a3,pangeo-forge_pangeo-forge
2405,c9dcb495f0614d72324c15f3ad16cdd45583b78d,pangeo-forge_pangeo-forge
2406,c9e076d2c32300631701af41d9c0d7aa196abba2,pangeo-forge_pangeo-forge
2407,c9f811be18a61017e2dbc06135da4da7670307ec,pangeo-forge_pangeo-forge
2408,ca055d89a2a92a7e641cded9beeea607ef4e82c7,pangeo-forge_pangeo-forge
2409,ca680c3dc8e88cec3df429f59085f36b413b70a4,pangeo-forge_pangeo-forge
2410,ca8afbb31114fe1c8f91fe686fc312af6760bfb2,pangeo-forge_pangeo-forge
2411,caa0dab6cbc47e5fc29a3c39d4f7fffdd98c8cd2,pangeo-forge_pangeo-forge
2412,cabe42188f083be90de1d3ec20c06bd7398aaa2c,pangeo-forge_pangeo-forge
2413,cae3bc7897926fce5c53c18c0037c7e4a4b5eb1b,pangeo-forge_pangeo-forge
2414,caef6c0d0a6e7a3f730909b04e951ea885008972,pangeo-forge_pangeo-forge
2415,cb1da0130eae500539554c4ae311a0be94993585,pangeo-forge_pangeo-forge
2416,cb3276baa785477e4737631c88ed91e6634a4afa,pangeo-forge_pangeo-forge
2417,cb5161c15ac58e28e904e68a5370b5c1e56e8b19,pangeo-forge_pangeo-forge
2418,cb6146855437095e80e51eeeef7d3843d334cf0d,pangeo-forge_pangeo-forge
2419,cb734dd3419c7546583c0456b08da85decc02351,pangeo-forge_pangeo-forge
2420,cb86f4a243e77b18cb12a8181fb620cb924f3e34,pangeo-forge_pangeo-forge
2421,cb8e6670ac8ca75a4f8e45ca24828e739af30882,pangeo-forge_pangeo-forge
2422,cb91a89f0c6caf75cfc9264fad719876fba42267,pangeo-forge_pangeo-forge
2423,cba06abc5a23f999a352111f10d77a4a08d09380,pangeo-forge_pangeo-forge
2424,cbbfe40f3a07df716dc7bcf1af7391f704acd9ae,pangeo-forge_pangeo-forge
2425,cbc6a0171607e5ad5a2455efb5f3f2f74146584b,pangeo-forge_pangeo-forge
2426,cc0a1be49c3d37dcb1713fd1c8e6bc2725a8d22f,pangeo-forge_pangeo-forge
2427,cc0f9b5ab018062ff2e713e3b4c6dd7cf083b740,pangeo-forge_pangeo-forge
2428,cc1cb7cb42de0c587e81d2ce1ec9da0dd6e74e15,pangeo-forge_pangeo-forge
2429,cc46e88727b3bd217bfdc1209f7decc38b4faf16,pangeo-forge_pangeo-forge
2430,cc485c0845492ea18ef6dfa84fc80396d5f72f08,pangeo-forge_pangeo-forge
2431,cc64880df3d6e4954fcd4d0f24e56d6fc837e547,pangeo-forge_pangeo-forge
2432,ccac5b0e04de0b1508a4c5fa371ed99a3e78262b,pangeo-forge_pangeo-forge
2433,ccb654b396cc7fcc3904b56dc1b2b2b1e8d8de23,pangeo-forge_pangeo-forge
2434,ccbb967e25c003c726e774b8953abfb676018c76,pangeo-forge_pangeo-forge
2435,ccce280e6998778424e07a0e03bb6850daf61b94,pangeo-forge_pangeo-forge
2436,ccd2ddca2ce3e3706b4144a90d1dfc24e1fa3fba,pangeo-forge_pangeo-forge
2437,cd02b3287857b0965698be9952c44c948ce691b7,pangeo-forge_pangeo-forge
2438,cd0becbc2d24ce171e6e5169c0e5efd3e24053df,pangeo-forge_pangeo-forge
2439,cd0e4e7b16d275dce95a87db76cd4c1e3643f030,pangeo-forge_pangeo-forge
2440,cd13679e5045ea6d2c2c09e1d1d63bc522a84211,pangeo-forge_pangeo-forge
2441,cd1d1714d7c435a61f2e31543b2f6718cc6cafda,pangeo-forge_pangeo-forge
2442,cd2f0f8a4160714c094395bdfaf883c927a99935,pangeo-forge_pangeo-forge
2443,cd34c6db94e4c6fad1e5a71ad5d5c007dbbf3346,pangeo-forge_pangeo-forge
2444,cd46417d8ac396a01f9e8fd3de76c64784791f3b,pangeo-forge_pangeo-forge
2445,cd49e2351bda445f97f9d22579e05eace88b2852,pangeo-forge_pangeo-forge
2446,cd5a2fe003f69859c76efbc7e899909076ca2958,pangeo-forge_pangeo-forge
2447,cd6017ac842f55c4ab259ccfbdebf8a58ebc3ec4,pangeo-forge_pangeo-forge
2448,cd68f6e478244b6e6188d382d67acc9522d00f4c,pangeo-forge_pangeo-forge
2449,cd855c69255ce3e77700e6573effc0ac32fb1ecb,pangeo-forge_pangeo-forge
2450,cda65de394fe2182819ee7be5c66a5c6e4cfa646,pangeo-forge_pangeo-forge
2451,cdb99482276d6b893b905d910a80b4554af8ab02,pangeo-forge_pangeo-forge
2452,cdd15e8e1c543df23f526ac18b63234711a591ae,pangeo-forge_pangeo-forge
2453,cde3cfe3578126384d310b90326b30510265a026,pangeo-forge_pangeo-forge
2454,cdea80018f0f98cae33c244ce112b7df1c479f8f,pangeo-forge_pangeo-forge
2455,cdec51088864e38152125430a58c11045b0cd312,pangeo-forge_pangeo-forge
2456,cdece2d9a677d3b95ec90f180255fdd9e5ea21b1,pangeo-forge_pangeo-forge
2457,ce2ba2db70165453c6fb52506192c8b393f981f2,pangeo-forge_pangeo-forge
2458,ce30a2849f1701801450af643e3d1ad3e370fed1,pangeo-forge_pangeo-forge
2459,ce5b108ac368a804d65f5f4ac261fb87e75f720e,pangeo-forge_pangeo-forge
2460,ce7197d663458ae135438a81417b4941839f2347,pangeo-forge_pangeo-forge
2461,ce8fb2a87aa26fbc1117669cff596b923fe5bd66,pangeo-forge_pangeo-forge
2462,ce99ab73b838872b250398ec3a95d711a75ce31c,pangeo-forge_pangeo-forge
2463,ce9d8b971159b850a739187bc2eaba773b14c52f,pangeo-forge_pangeo-forge
2464,ce9fea9351930cc4b6e7d43ce79addf3a1b8f486,pangeo-forge_pangeo-forge
2465,ceaa22f02cb0d0036db6bbec1cec101ef0dc107e,pangeo-forge_pangeo-forge
2466,ceae54d89b4a633608f9e24ff597973bb2706717,pangeo-forge_pangeo-forge
2467,ced6ff408e9a9ad6c387b141b69b389e659dcc76,pangeo-forge_pangeo-forge
2468,cf01fd80dc33ba4d2105911ae97de11d80c2656b,pangeo-forge_pangeo-forge
2469,cf30def2d56a3ef6fbaf0214ef1b06cc05a0aaae,pangeo-forge_pangeo-forge
2470,cf3cf0bc936e189e35e989223904c6f63ef8c414,pangeo-forge_pangeo-forge
2471,cf3dba6e4bd2d7b49f7118bbeb69e115b669ee96,pangeo-forge_pangeo-forge
2472,cf4dc3f7318e70740ae969434a35837232945e92,pangeo-forge_pangeo-forge
2473,cf51bea3afaf86a3392835dd1a361c2a5356c87a,pangeo-forge_pangeo-forge
2474,cf6ce145b3177097adee1e4a608caaead6627109,pangeo-forge_pangeo-forge
2475,cf95241171676646bcd772d5faf021fbe2c157a3,pangeo-forge_pangeo-forge
2476,cfcbd7b02fffc5c947ee376b035769551f7abb4a,pangeo-forge_pangeo-forge
2477,cfd3ae150526d232c169b59719fdfe6b4dcfee10,pangeo-forge_pangeo-forge
2478,cff6f09c73ee0f5a81729ab100502b6e857d429c,pangeo-forge_pangeo-forge
2479,d0071e987be0e6d1cbe39394ab407bfd0ed0eae9,pangeo-forge_pangeo-forge
2480,d0321b1ab2ee656b9d754a51dc979d42a8c40940,pangeo-forge_pangeo-forge
2481,d0382f094b6f25ba4ca46643a776066f9dd8279b,pangeo-forge_pangeo-forge
2482,d0489621c181a04c1b17fe1ef0de4f36ce8a9970,pangeo-forge_pangeo-forge
2483,d0492b80815079c6883065d50aec937640effbf4,pangeo-forge_pangeo-forge
2484,d05a5610d739094f5fc89928d8882e7c5ce3eb6c,pangeo-forge_pangeo-forge
2485,d06479731591d8be28d12919af795bcc52530d52,pangeo-forge_pangeo-forge
2486,d067197cab36e30e45d54332f71e501767e98e96,pangeo-forge_pangeo-forge
2487,d0697f6012650926fe6fc7dd7c2917de31911563,pangeo-forge_pangeo-forge
2488,d0982fa85a22585394d7040202ee8f9325893efd,pangeo-forge_pangeo-forge
2489,d0abec47e8cce4b173bdaad13f190fd36230076e,pangeo-forge_pangeo-forge
2490,d0b8585fc3f5cfece2651f005fd19cb6e3ffb473,pangeo-forge_pangeo-forge
2491,d0c421334ea550f88733b21a77991c0cdba5065e,pangeo-forge_pangeo-forge
2492,d0cbb3fddbd68a178b0120bd3dab9e831176c08e,pangeo-forge_pangeo-forge
2493,d0f2cf668c210f2b10bcee0026a38d6cf2cd817b,pangeo-forge_pangeo-forge
2494,d0f3bcb56a2c7a080d4c7f734de3a4bf7e6fc8d9,pangeo-forge_pangeo-forge
2495,d0fce99d598cd56cb4cc8bc79069a7f3a4c67b6c,pangeo-forge_pangeo-forge
2496,d103c099dafd2f6f9e07589c37a0c75b5409ba13,pangeo-forge_pangeo-forge
2497,d119a3483757a0bf5fe592d6d24483b70713b1d2,pangeo-forge_pangeo-forge
2498,d1200e8cfac4b9bb4317eb5eb354de84da54692a,pangeo-forge_pangeo-forge
2499,d164c51a4f687ec448ead958cc266d0c0f2b05f4,pangeo-forge_pangeo-forge
2500,d177dc4c1209cf5383757e3956f9b9e0b91a3a23,pangeo-forge_pangeo-forge
2501,d1875c3f483188ed72e34177c58bc896b947aa76,pangeo-forge_pangeo-forge
2502,d1978094bab8395d260a54461bd4e5db0d883f13,pangeo-forge_pangeo-forge
2503,d1b9c1198f031b1aa4c4c55ea02b071d44915b07,pangeo-forge_pangeo-forge
2504,d1d9d127c5fd24d80d7d99526e48edb25f8a3b68,pangeo-forge_pangeo-forge
2505,d2030d9fda0b5a9afc457ed866ea14a75983fa5c,pangeo-forge_pangeo-forge
2506,d203e1d1997fa3818a64242960f0f15e1f87c0d4,pangeo-forge_pangeo-forge
2507,d20e29878e26bae1c5e047d5efc256f8fa7e83d7,pangeo-forge_pangeo-forge
2508,d243f246fe3efcbe0c733c7238eefa65c2918431,pangeo-forge_pangeo-forge
2509,d273b3ad4f026cc3ae92437196a24b021dd1a284,pangeo-forge_pangeo-forge
2510,d276d1ad06625fb2f092f80c65c8e79ea2e2d767,pangeo-forge_pangeo-forge
2511,d2850090c1e09624b7b2aab333c52a136dbb6363,pangeo-forge_pangeo-forge
2512,d294f007f2cd59122f5ad7cf175b5ef346f4e738,pangeo-forge_pangeo-forge
2513,d2b2f4702094f58ac57db79b55dbc58fecd2f8dc,pangeo-forge_pangeo-forge
2514,d2b9aa5ae9d12aae5c95999bd28c0766f45faad9,pangeo-forge_pangeo-forge
2515,d2c512102a1d01417dc5882bd455ccbff700459e,pangeo-forge_pangeo-forge
2516,d2dd0cee5ff649c49ee7b7039e6ab7c41486209b,pangeo-forge_pangeo-forge
2517,d2dd4ed2f792c9e376a89f8e2ba768f399e7036f,pangeo-forge_pangeo-forge
2518,d2f36b383602f6cfb5fa73d7e25701308b99e675,pangeo-forge_pangeo-forge
2519,d2fc684b1bd9acce0220ff7a6e053bee1d0957cb,pangeo-forge_pangeo-forge
2520,d301959e493952635452a86cde48067c843b5067,pangeo-forge_pangeo-forge
2521,d33bc71e8adc9268099c6017aa1486c6b0dc3794,pangeo-forge_pangeo-forge
2522,d34852d1effdcac1fb563cc4c4dc18765af734a2,pangeo-forge_pangeo-forge
2523,d3489f5b046eb87c66ae64c8ae02cb12c2f0d6b4,pangeo-forge_pangeo-forge
2524,d3491c76513c31cb32f812129c031d63b3389f04,pangeo-forge_pangeo-forge
2525,d356bd7ee41874991e6d9608ef5bde2d2e15c19d,pangeo-forge_pangeo-forge
2526,d35e7ddb05e0a9527984f8696f110c468ffcff7b,pangeo-forge_pangeo-forge
2527,d3731348debcb887c7d8255f43d0e292b8081f92,pangeo-forge_pangeo-forge
2528,d39c6ef77faa0d13c63a4798823d679201c1692f,pangeo-forge_pangeo-forge
2529,d3a30ecfb7fc723968cc71e658ae42cc2ed390f3,pangeo-forge_pangeo-forge
2530,d3b8d60682ea154a99cb1dfef880f77621825f72,pangeo-forge_pangeo-forge
2531,d3e8b2cfd4c8fd4ed78136bfc63cd4484613a8b0,pangeo-forge_pangeo-forge
2532,d3f8ef0af1740a339d075d6b93b43091640abf21,pangeo-forge_pangeo-forge
2533,d3fcf0fdf7baee85fb16d7db5f0d1f5a1b39f0d3,pangeo-forge_pangeo-forge
2534,d41bfa6e4c2622e4a61f9697680ce0fc9972ed4f,pangeo-forge_pangeo-forge
2535,d4266a404c8a03a41e504fa37a6a22bd6531404b,pangeo-forge_pangeo-forge
2536,d42ef3df307e4405a26840a12c2955e7982d36e2,pangeo-forge_pangeo-forge
2537,d444c179717eda8b3fef9f8f0b0a38d3237e3566,pangeo-forge_pangeo-forge
2538,d459db3cee0e119f0997722dc5e139f911fd4fa0,pangeo-forge_pangeo-forge
2539,d4703f8ad51ccf1c73f8a12bf95a1862eca49e89,pangeo-forge_pangeo-forge
2540,d49277cf482cfefcf493b7be3a19e109604a8152,pangeo-forge_pangeo-forge
2541,d4b196183fe5ca0ead4338964d3763dff79cb46d,pangeo-forge_pangeo-forge
2542,d4d137937ae06a7358c422ff49f231adef3d9f77,pangeo-forge_pangeo-forge
2543,d4d60ad5bfca99af4c35267ac5277bc861ae35a1,pangeo-forge_pangeo-forge
2544,d4e3f612ee03dfd79e994b298a2b6af1aefe63bc,pangeo-forge_pangeo-forge
2545,d524f16eee96623af5e1b12a5abdde619d4d5b31,pangeo-forge_pangeo-forge
2546,d539dd4457a544c7a750c77952f96661624626f7,pangeo-forge_pangeo-forge
2547,d54e2075f71aebc8d1906fa3d96e135660a8b2b4,pangeo-forge_pangeo-forge
2548,d5527730998cee8d228bded7d9f0b79546a0f043,pangeo-forge_pangeo-forge
2549,d571a64d1e55e1700b1b52c00954531c7583157f,pangeo-forge_pangeo-forge
2550,d585cebaf04f1ddde42857789b1a230781ce23e6,pangeo-forge_pangeo-forge
2551,d5982d62c7de5509fe5214084f0db912f89b3efd,pangeo-forge_pangeo-forge
2552,d59e0c18cc7cd3f887191cddd076d96c1a4dadb4,pangeo-forge_pangeo-forge
2553,d5dbbdb47044d9cb52a68e5948e7a7d849fa567a,pangeo-forge_pangeo-forge
2554,d609a9e9a706345b391f8e0fba6c797eb86ee9eb,pangeo-forge_pangeo-forge
2555,d60e05800417721a94fb00d16c32e7cf86894540,pangeo-forge_pangeo-forge
2556,d6139347cfd0e42aaee42375f974fe92ec2f3984,pangeo-forge_pangeo-forge
2557,d61581f28382aac3e189fd0b717ff88f0d43b390,pangeo-forge_pangeo-forge
2558,d6269bab4ab6f892a14d09ee227309ce86bdc86e,pangeo-forge_pangeo-forge
2559,d640860282fb16b1f25360495c10fb0740a9a08e,pangeo-forge_pangeo-forge
2560,d68f530c07bd0583bd04d60700828ec5816939be,pangeo-forge_pangeo-forge
2561,d69293b041156cbc7f5b7a4678f6d51bcb21b7b5,pangeo-forge_pangeo-forge
2562,d693a8d4abda3022348b5204d5ce41e9c5438d23,pangeo-forge_pangeo-forge
2563,d6a353a954d427d4695e5d0c00e737448592f611,pangeo-forge_pangeo-forge
2564,d6d0f71508740bca61137424e121aac67574b2cf,pangeo-forge_pangeo-forge
2565,d6edc8110cbbd71c207659637c27f7dcedd9a2d6,pangeo-forge_pangeo-forge
2566,d737e5054cc87c0a1e5e978f8ab171bfc327f35c,pangeo-forge_pangeo-forge
2567,d74bd608fa71e10d1e5687f0966c51ea3ba8feae,pangeo-forge_pangeo-forge
2568,d782800e27eba49b5b6465e3b2d55882f2344541,pangeo-forge_pangeo-forge
2569,d79e0254ceb964d146ca17a6cb0a5bf9250e7ac1,pangeo-forge_pangeo-forge
2570,d7a109aaeaab8e76e03f186239db034a3e020fdd,pangeo-forge_pangeo-forge
2571,d7f2c27d67c8568163e83c02e62a726beb2e1eb0,pangeo-forge_pangeo-forge
2572,d7fa8e93ac4144124131395a206a5b66340a82de,pangeo-forge_pangeo-forge
2573,d810f29a240cbb38c69027c893ef788b6f47aa5f,pangeo-forge_pangeo-forge
2574,d82decd3f56cc5f375c9d75b9e6f1a8d08ae5c7e,pangeo-forge_pangeo-forge
2575,d835659e3f4a36dd32a6811525ba267ea90f60dc,pangeo-forge_pangeo-forge
2576,d845e14715d723b82b2d123f1fa22b08c1005aa7,pangeo-forge_pangeo-forge
2577,d8580ff0256d5c248fca06b90ab77c459bd3245a,pangeo-forge_pangeo-forge
2578,d8655ff4918069575fa81a04ba4fb5b726d7165b,pangeo-forge_pangeo-forge
2579,d8ca1d0bbdab60c82bfc4b993c29b40b9f8d0e32,pangeo-forge_pangeo-forge
2580,d8ff3b46bb76e9ea29e6a7bc17a68f58959b9fef,pangeo-forge_pangeo-forge
2581,d9115f7a8a4c4db102de68a3472b82a40fdc9246,pangeo-forge_pangeo-forge
2582,d9311aa9c1b2ebbff140f772ee4f3db09be7355f,pangeo-forge_pangeo-forge
2583,d933e57b56d92ee941ec50c77e3221385975dc36,pangeo-forge_pangeo-forge
2584,d962583aa46c87d4d71954c1a7891c2e2fcaad49,pangeo-forge_pangeo-forge
2585,d96c57ca8a286fa3504b385f344cf4a63a350eca,pangeo-forge_pangeo-forge
2586,d97dcb63b0e081f99fb2ad232ca25a44b3c762b7,pangeo-forge_pangeo-forge
2587,d99c74438a585006e6d2c49df32978eacdce87e1,pangeo-forge_pangeo-forge
2588,d9b126698ce54d8515ba01279527719353aa2171,pangeo-forge_pangeo-forge
2589,d9c5b2b0e7496b1b94189ea7abec5eba3069add0,pangeo-forge_pangeo-forge
2590,da6dcbec2d62a55d35c736609e33f35b84fe5462,pangeo-forge_pangeo-forge
2591,daa0927d230bc183cac8142113ad7e222e6aef06,pangeo-forge_pangeo-forge
2592,daa45f6bed56d82a4ec85d7b36b0ba4303320cc6,pangeo-forge_pangeo-forge
2593,dabd933da06fc70e466edaf051b7c79dee4abe0d,pangeo-forge_pangeo-forge
2594,db0551fe431789aab77b31ccf11f73077f71d2a7,pangeo-forge_pangeo-forge
2595,db111cfdb1e18acb8e2df913a1b88f30287bd036,pangeo-forge_pangeo-forge
2596,db36935f49bd5d7474d0adfe212bfe4c8a4f9ba1,pangeo-forge_pangeo-forge
2597,db39eefc505a65f0ab2925ac6fd761d0a4380728,pangeo-forge_pangeo-forge
2598,db6767b80d1a26ec2326ec2288b8bf7ad7c11447,pangeo-forge_pangeo-forge
2599,db6fad8ab4cb5a144cca24a365946cf878371422,pangeo-forge_pangeo-forge
2600,db7b00936de16e079106701d291c6e6da8745bb1,pangeo-forge_pangeo-forge
2601,db9ab9b8f75bc5ed2d87c99bfad80505baf486ba,pangeo-forge_pangeo-forge
2602,db9e47de6f07d4d02961048c26de53e188dced3a,pangeo-forge_pangeo-forge
2603,dbb7fdfb80e67616bbe9571cd415de2613d42b52,pangeo-forge_pangeo-forge
2604,dbbc12c4982135e77de40ac5d60933e6fe337678,pangeo-forge_pangeo-forge
2605,dbc4c98ac2afb4e231f1eec0b170502683fe2a16,pangeo-forge_pangeo-forge
2606,dbd4108d630cb884d265b196b15102057d4ae519,pangeo-forge_pangeo-forge
2607,dbf6b132bbd066ff4afacd59943d391fe34aded6,pangeo-forge_pangeo-forge
2608,dbfdc527a0bedb65875d7d742e95cbceecd56ba8,pangeo-forge_pangeo-forge
2609,dc0c7bdb707a4a881bc18d323e7a19df36d86510,pangeo-forge_pangeo-forge
2610,dc125abf72a33fb6dc900a1fe5d2d6ab015c6427,pangeo-forge_pangeo-forge
2611,dc14d945c167e7a2fbafb95c43bcac3b7e28feb7,pangeo-forge_pangeo-forge
2612,dc30d00d71d0a9cba08cfc66494e6a607d22f72e,pangeo-forge_pangeo-forge
2613,dc87b8929f864882bfbf2ae4c31a50028ed8e45f,pangeo-forge_pangeo-forge
2614,dc907fee81503c4f0802a267054bfcca3a5a6e16,pangeo-forge_pangeo-forge
2615,dc92a4530ee93e9ea8c631120fc03d700dbabfce,pangeo-forge_pangeo-forge
2616,dcb1aa7fa2b0622680e952d75d61d8fa6de50c29,pangeo-forge_pangeo-forge
2617,dd77bba689e1960ed7fb47a415d8b9505ccf1b56,pangeo-forge_pangeo-forge
2618,ddb8ea6315be437ca3ef3825f9392b6e1782cc6b,pangeo-forge_pangeo-forge
2619,ddbf30a23b0b03a53c3b7464e640605dcbaee472,pangeo-forge_pangeo-forge
2620,dddaf8f5393b75ede3e9cac694db459d6c92054a,pangeo-forge_pangeo-forge
2621,dde0e21d1cbc187c214cfcc8f9d16ff17b2e7cc0,pangeo-forge_pangeo-forge
2622,de0964ba6a9959dcbfa3595fc848a0c06211b34f,pangeo-forge_pangeo-forge
2623,de10cc545055263b3fcc90c9646bc0455c4fd408,pangeo-forge_pangeo-forge
2624,de26895e967da2479f5eb7ffdc7ff13c49630c99,pangeo-forge_pangeo-forge
2625,de28a28ccdea7e1d29aefd04f9eaaf5ea01d3eb2,pangeo-forge_pangeo-forge
2626,de2e216c1796dcd4099a9ca51444efd51f6eb3f3,pangeo-forge_pangeo-forge
2627,de2f39e03ba56c569c20cf01d9ea420423f4d9a2,pangeo-forge_pangeo-forge
2628,de33ebc1f71397be16bbe8110ed107fec2f300c7,pangeo-forge_pangeo-forge
2629,de42b9f192834e2a488419b24992e08f97c7a970,pangeo-forge_pangeo-forge
2630,de510dbb317a680859c06e7d87680493501639a1,pangeo-forge_pangeo-forge
2631,de54dde4518a1688ee44581262a64dd75dde82ec,pangeo-forge_pangeo-forge
2632,de679dc65bebdbd8bb932d0170dd379b66c72550,pangeo-forge_pangeo-forge
2633,de7d32d592509412dfeaa5aa7a6b411de5624b98,pangeo-forge_pangeo-forge
2634,dec36a1cbc68ad0cb08117cddcf9f431e92fab83,pangeo-forge_pangeo-forge
2635,deed19f36b61d5c04f8ea0aa6251ab1de550f82f,pangeo-forge_pangeo-forge
2636,df06b0f00f7e75b1eae38daec92c93848dddfb43,pangeo-forge_pangeo-forge
2637,df08c5478bccab431bb53b10add21f4bb6bbf451,pangeo-forge_pangeo-forge
2638,df0d9a340dd549576229542d8b5e481191fc3886,pangeo-forge_pangeo-forge
2639,df1d33cb6f97266286d47faa361aa216b7fe2301,pangeo-forge_pangeo-forge
2640,df291beeac00e11004140ad5f76aba7bc4c505a1,pangeo-forge_pangeo-forge
2641,df292dce885a07ccfd93d0d7ce1f3c812425a8d5,pangeo-forge_pangeo-forge
2642,df2e10754b183bc984e12aa511d5f43708c07384,pangeo-forge_pangeo-forge
2643,df344e7fff5c3b24b97f747205a800f9d898f512,pangeo-forge_pangeo-forge
2644,df39ebade02828f0dc9d957e44f6dbc3f25a3bee,pangeo-forge_pangeo-forge
2645,df4e3cc6c16511c96c39078789f888bc6a36a8cd,pangeo-forge_pangeo-forge
2646,df5bffae4b40db73e63c3d8da7312cfde4be9c8c,pangeo-forge_pangeo-forge
2647,df5f93afee1586683e1c29e6a533a380088f0668,pangeo-forge_pangeo-forge
2648,dfa3f6a87997ccbd0779d6735bbbab82ee8f8b2f,pangeo-forge_pangeo-forge
2649,dfacab19ebe0d8c97d0d59aadc4f73804ebeed8a,pangeo-forge_pangeo-forge
2650,dfbf8c01339514a2d9ff1144752434ac99d1f767,pangeo-forge_pangeo-forge
2651,dfcab5a5814d82acce9ffd64934eb2edfc71f958,pangeo-forge_pangeo-forge
2652,dfdae4f9297fcc3705be58d9a264d2ad44d97acb,pangeo-forge_pangeo-forge
2653,e014aaef9f550e1e78fcdfdcbcfca7a581115bab,pangeo-forge_pangeo-forge
2654,e0180e899976fdf031ec1bb1f2a9a738bd2ffc21,pangeo-forge_pangeo-forge
2655,e0464c04ab01907ac95abbca6f50acc29a6952f9,pangeo-forge_pangeo-forge
2656,e0510b731f284ba9da3ffecdf3afd3e6ac0273c9,pangeo-forge_pangeo-forge
2657,e09457634026b6abe9e70f611affe9a3ace40607,pangeo-forge_pangeo-forge
2658,e0a15816e6e9daddb49497710f54de5572d6b274,pangeo-forge_pangeo-forge
2659,e0c4b710e99f3021d6832540cfca54cdd20a81c8,pangeo-forge_pangeo-forge
2660,e0c97b009555d9d8fcdeeef5264acee78b993256,pangeo-forge_pangeo-forge
2661,e0d1da621a2dc10a4831859c088e123718d5408b,pangeo-forge_pangeo-forge
2662,e0dfad50f4ae42d705720a35b65ea9882fc2482d,pangeo-forge_pangeo-forge
2663,e0ebf47b3f8ad2257cf91c4d8964d56e22b62647,pangeo-forge_pangeo-forge
2664,e0ef611683a62a3db545f5d07b4883a7e2206de2,pangeo-forge_pangeo-forge
2665,e105842b4839a3966b973f1722f2db8d81f96c8a,pangeo-forge_pangeo-forge
2666,e10f80b28d1e51d6b9adf742b2d8f065cdacbf03,pangeo-forge_pangeo-forge
2667,e111df694115208108d0a409d689c14bada595a4,pangeo-forge_pangeo-forge
2668,e12372ea292bc51cfb11a9f2d3181ff5115033bf,pangeo-forge_pangeo-forge
2669,e15887464cdd5fa0fb040cca98a7d3b1836a2fd1,pangeo-forge_pangeo-forge
2670,e1749b79fe228c4cabb55cd601153b9e095c3848,pangeo-forge_pangeo-forge
2671,e17f678be62e0bc785310f6760c548fb0ebcbe57,pangeo-forge_pangeo-forge
2672,e18268308eea0515c29f03ad2357ffa8c106daf3,pangeo-forge_pangeo-forge
2673,e19b9d4f9d562afdf9c4db61fbfa8665d7b70e84,pangeo-forge_pangeo-forge
2674,e1a6146a0092f806a47dc2686644d470d3d5122f,pangeo-forge_pangeo-forge
2675,e1c937333b8f5c2a6be87de03d6fee9f31080973,pangeo-forge_pangeo-forge
2676,e1ef5756ced85e5f9b029e1c40291e133a73329b,pangeo-forge_pangeo-forge
2677,e20e37741b5dd5cc4e9b1c5ff12287a663ebaf8b,pangeo-forge_pangeo-forge
2678,e2188f7941de8687c7d3b2dfe285b6b138bbfe54,pangeo-forge_pangeo-forge
2679,e21b3ed56a280e8a03efd635e0c8e6b05494f40a,pangeo-forge_pangeo-forge
2680,e21f56c9ad0fcbed2dcb83820bc9dd1a417ea3d0,pangeo-forge_pangeo-forge
2681,e21f9b5330f79f7bb8ed0973335e6c3ea57fe497,pangeo-forge_pangeo-forge
2682,e23cfadd6e94e10705b976bfaf2ebf675f72d44e,pangeo-forge_pangeo-forge
2683,e25bb0def284d675bacc398d68499011e40cf0a2,pangeo-forge_pangeo-forge
2684,e262057366de8241c7d89db1441f0ebd23eaceba,pangeo-forge_pangeo-forge
2685,e2662c6e1dbd4b18985da8c77942653955f5d67d,pangeo-forge_pangeo-forge
2686,e28074ba65e47e4926e88c2d9ad0c5250aa523bd,pangeo-forge_pangeo-forge
2687,e2a0ce6406eb413ec8aa5572dc25d5e82f9eb34a,pangeo-forge_pangeo-forge
2688,e2a6fc9cca67418a1efea4be1ca567142be05557,pangeo-forge_pangeo-forge
2689,e2ed6077c7b5876c189976c7713e013ec6535027,pangeo-forge_pangeo-forge
2690,e2f238dd01789faf5fae26c8b3a103f1acbe72d7,pangeo-forge_pangeo-forge
2691,e2f380bf864537d2def53fcb1801bc2b2c4b43f3,pangeo-forge_pangeo-forge
2692,e2f3bff1352f7af157534e337e768cb3ed0493ac,pangeo-forge_pangeo-forge
2693,e2fedf395dbce0ce27fd84153adc5374715235ea,pangeo-forge_pangeo-forge
2694,e302253d015623a6c45c0a0621c687787b1066ce,pangeo-forge_pangeo-forge
2695,e3066a0672cbf71c78b8ca1cdb2dfd4f87d0d2da,pangeo-forge_pangeo-forge
2696,e31ddfb6f4163c8b69705ce94a701e13ff576143,pangeo-forge_pangeo-forge
2697,e33517b3c6821e6a730ac9fe46373c176b9d4170,pangeo-forge_pangeo-forge
2698,e33a342c1abec573fa23a7affab346316edc8f2c,pangeo-forge_pangeo-forge
2699,e3423dbb0c62f025c4c40c2f4a42158fa2225c27,pangeo-forge_pangeo-forge
2700,e34afdae8105a406068cd8441a43a7a0456a6b49,pangeo-forge_pangeo-forge
2701,e379f4f625744cafd81c8474a4669723a7a38232,pangeo-forge_pangeo-forge
2702,e37da6af9b8f1fdbb00e54f481435f5c04c730e7,pangeo-forge_pangeo-forge
2703,e381fd508d99135baee3312b4dee56469baaab7e,pangeo-forge_pangeo-forge
2704,e3872687276626d2490a6b9ea7f057565bf696bf,pangeo-forge_pangeo-forge
2705,e39a205c786b1967faca8a23fd5c850a9e7e82f6,pangeo-forge_pangeo-forge
2706,e39ae5909d5135e49f078dcba544daf680c16c7b,pangeo-forge_pangeo-forge
2707,e3a33bfa246784bc63f9deae69f3484439170193,pangeo-forge_pangeo-forge
2708,e3d4ae3e3b6f15644bf3ae2452097793aea40aa7,pangeo-forge_pangeo-forge
2709,e3d5051b99b6b708cd2c25626ada14a8fb07c9e6,pangeo-forge_pangeo-forge
2710,e3d61ebd1b12ad18d7bfae36911326f524cab62c,pangeo-forge_pangeo-forge
2711,e409b42d914d3873250c897c1165e5280e8eea44,pangeo-forge_pangeo-forge
2712,e40eb552ecb8f985df5d689e93cbdbec43c17673,pangeo-forge_pangeo-forge
2713,e4343dd6950b36bdbcad62ba31c24b597dbc8fe8,pangeo-forge_pangeo-forge
2714,e4382060564f468cda99d46feabbd5bb943085d9,pangeo-forge_pangeo-forge
2715,e45656a62bf971b9ab007c9982bee716b29ecbfd,pangeo-forge_pangeo-forge
2716,e459821d921aaaab2230ba782b88dbb8764de644,pangeo-forge_pangeo-forge
2717,e46610530b657b83338ebb2a7edf489e87b7f195,pangeo-forge_pangeo-forge
2718,e47d49ffbc1d345be1d90846b8484ac4b6426aa4,pangeo-forge_pangeo-forge
2719,e49e142155f8898ff827321155fd285618462c71,pangeo-forge_pangeo-forge
2720,e4e4777a6c8c20aa75ff0ed67f6b5126d6e6e1a2,pangeo-forge_pangeo-forge
2721,e542c3d003de876d19b2bb1ee002e8ec31f19098,pangeo-forge_pangeo-forge
2722,e594b76c880d11ed55386c1ec471dfd411653656,pangeo-forge_pangeo-forge
2723,e5a0ef0fd7356b79616a013175306c3a82cf9622,pangeo-forge_pangeo-forge
2724,e5a9fe191ab9cf83fde43ba56ad161a2bde2e571,pangeo-forge_pangeo-forge
2725,e5c1ac925e3b2666ad6cf9c88bf2fdadd72c893d,pangeo-forge_pangeo-forge
2726,e5f2a478e4e17b730602ac736e2fe965a1c392e8,pangeo-forge_pangeo-forge
2727,e5f7e7cc463ea31513088e14047b962a90cb69f9,pangeo-forge_pangeo-forge
2728,e6037d086138b0d9a419e197d7c262ac8010bbcd,pangeo-forge_pangeo-forge
2729,e60f6247b110db9bf9181c557b7d43c1d6f5bf1f,pangeo-forge_pangeo-forge
2730,e615e3ce6b7650358c13296a1753a3de35ae8b80,pangeo-forge_pangeo-forge
2731,e619392b7ce69c6eda08bb110b6139504a16e8aa,pangeo-forge_pangeo-forge
2732,e6481085148978722a6f2088c1ea9902cec43283,pangeo-forge_pangeo-forge
2733,e67fea869eed4eb71c0051bc3796a0a00e0fd43d,pangeo-forge_pangeo-forge
2734,e682ef572ae1af912d3e302dd9a2eaced52ace3f,pangeo-forge_pangeo-forge
2735,e68e280dfa7cb2e9ce03dc571b4ad9c60aee816f,pangeo-forge_pangeo-forge
2736,e691692ddeac9bcf3ab06b25aec77863da8035fa,pangeo-forge_pangeo-forge
2737,e6943949ffdb617f61047285ca5b6748629ec0c9,pangeo-forge_pangeo-forge
2738,e699f24145daee013a9fb21b4b443398a5b8fb88,pangeo-forge_pangeo-forge
2739,e6b32a98282e823a73c7f4f8b718063a158a1615,pangeo-forge_pangeo-forge
2740,e6b5c129cf1418fc7efd6d90ed3bee09229cea91,pangeo-forge_pangeo-forge
2741,e6c41da91e44ffb07c55dde413027883de26d46a,pangeo-forge_pangeo-forge
2742,e6cd9bdd46737eea8b90639b5e3b343c5dd0d83f,pangeo-forge_pangeo-forge
2743,e6f8c0317ce3b8561239c65ba2aad42ef02a4dc9,pangeo-forge_pangeo-forge
2744,e6fdf876bbb5e1b342b235510ec438599c96b8b8,pangeo-forge_pangeo-forge
2745,e705de85ac7e5ed886fd268318a66e8f91216d46,pangeo-forge_pangeo-forge
2746,e706a663a74e315217168acb5ec5a62bfc098f4a,pangeo-forge_pangeo-forge
2747,e70d52662875f8835cc180cb289fc4e6d4445e4a,pangeo-forge_pangeo-forge
2748,e70f7c11c6ba2d7d5776bcb0b2f042468949a5d7,pangeo-forge_pangeo-forge
2749,e718663eec1febb7b4c78297c6acdcc26e10b1fc,pangeo-forge_pangeo-forge
2750,e71a3b754a41340700a65fa8c8436f6a1db4a4b3,pangeo-forge_pangeo-forge
2751,e7226ba2bca12406e2e31fa04a344745d1f1a820,pangeo-forge_pangeo-forge
2752,e732469f06da98b9d27b6af8b6a1566a57a9f113,pangeo-forge_pangeo-forge
2753,e73ab9aaeba0aadef95486362767b5e0e2860957,pangeo-forge_pangeo-forge
2754,e745d1c45715f21ddd00323508996dc940ff55d4,pangeo-forge_pangeo-forge
2755,e748febdb9a5111d43a9ba7cf837812614894f27,pangeo-forge_pangeo-forge
2756,e74f4df18dd8f19a577f211c166e6334e976dc82,pangeo-forge_pangeo-forge
2757,e760b38a5206d152bc31ee78e3ac1eb29cef5f22,pangeo-forge_pangeo-forge
2758,e764542d05261a0b31916c61cc3afe2a96608b81,pangeo-forge_pangeo-forge
2759,e774e042397a700382ae73f483cbf209466e4f5c,pangeo-forge_pangeo-forge
2760,e77857e342299d42ad79839b037fd2ac35aff3df,pangeo-forge_pangeo-forge
2761,e77f5fab1f246c529a31d4e668ab33285ce7fd94,pangeo-forge_pangeo-forge
2762,e78692cd5534bb963e835fc708f551b5c1da60a0,pangeo-forge_pangeo-forge
2763,e78febed6079cf5842bb8031014030515335c688,pangeo-forge_pangeo-forge
2764,e799fcd4ea9a79701078998ffad6f90ebdbf8af0,pangeo-forge_pangeo-forge
2765,e7b60e014f82c25e129cd78bb871c7e242cd7530,pangeo-forge_pangeo-forge
2766,e7b7d3a75ca355d58a9bc94350cb9ddacfd838e3,pangeo-forge_pangeo-forge
2767,e7d44bae96618e9c66eb6d72eb2676658cd46f64,pangeo-forge_pangeo-forge
2768,e7d8c15722e409c3cc03dcc1f4f53575b6a9bbb7,pangeo-forge_pangeo-forge
2769,e7ffdb835b051dfdddf6ce1144225e240c635946,pangeo-forge_pangeo-forge
2770,e81032225a8186a83fe095daebe1c11094ef73ca,pangeo-forge_pangeo-forge
2771,e81379e4581e231f444a3c5494d0f714b0f191fa,pangeo-forge_pangeo-forge
2772,e81b8531017b5961dd116f869b78114f2b51120e,pangeo-forge_pangeo-forge
2773,e82561d47db633a7cd8e65df7e013b793ffb25b3,pangeo-forge_pangeo-forge
2774,e84142e64b8bcacba54f408bd2f22893b091b816,pangeo-forge_pangeo-forge
2775,e8468df20aa2b78e0bc56e291b5e7e2bbf07d8e5,pangeo-forge_pangeo-forge
2776,e84f11c881205d3d94f84ff8fc93e0bca1e96345,pangeo-forge_pangeo-forge
2777,e85b8f829a105e49f0e8c59a9c7f0a3a2090d1d0,pangeo-forge_pangeo-forge
2778,e8999f85f233ac8f05d3cd1e89ca2db7ac869db3,pangeo-forge_pangeo-forge
2779,e89a65da6d68f9a626c1d2cb897082a18950de50,pangeo-forge_pangeo-forge
2780,e89db5ee45061a50ac89a599538382b6e111f4eb,pangeo-forge_pangeo-forge
2781,e8aa572532caecf1f9487f466bcf3db2b954bc6d,pangeo-forge_pangeo-forge
2782,e8b1fe64d71778d5e493cac0586259c60b1ffa1d,pangeo-forge_pangeo-forge
2783,e8bfedac2bbac4a03352909a7baf93a4f9c99674,pangeo-forge_pangeo-forge
2784,e8cd5f4f9b25f9d716c1da568dfd3c33e46a37eb,pangeo-forge_pangeo-forge
2785,e8e660963aedc055979d752f3cb41ae86466ed78,pangeo-forge_pangeo-forge
2786,e8fa96d318d68d8ecd3749cec5da27d4b08a4039,pangeo-forge_pangeo-forge
2787,e90c5ce9f5a4aa9d2f387edfbc582a869f065654,pangeo-forge_pangeo-forge
2788,e911e38b212c0f10fb395cb564efb7f8df26d2ee,pangeo-forge_pangeo-forge
2789,e92c5f2344329be7ff38e2ca5c244e488cebf4cf,pangeo-forge_pangeo-forge
2790,e9397aef545a2bc8bb5430bdd6f15a9476c1d904,pangeo-forge_pangeo-forge
2791,e96fba455100c69476a16f1e53806ec54d4eda01,pangeo-forge_pangeo-forge
2792,e9779c741cc30d7e96e0fefa774e5349985ce65e,pangeo-forge_pangeo-forge
2793,e97c492508e706876311423c50a37c543ce35965,pangeo-forge_pangeo-forge
2794,e9860baf318fffc614278f9a378f45a4da0dd931,pangeo-forge_pangeo-forge
2795,e998912e9d5b7f4161777d715f8e6c56b645b9bb,pangeo-forge_pangeo-forge
2796,e9c164734fcae51e7c48e2bb317730eac07ae8db,pangeo-forge_pangeo-forge
2797,e9c6c9f830e9e141d2b46081168f933962125a52,pangeo-forge_pangeo-forge
2798,e9d5ae618633f957a5eecbb9b52906c70dffe8de,pangeo-forge_pangeo-forge
2799,e9d617a2e3d1806203234c9e11a9e8e819d8124a,pangeo-forge_pangeo-forge
2800,e9d95a07f3ee7b870558753b1df31122feba79ae,pangeo-forge_pangeo-forge
2801,e9dfc496e0be61065544edd1437313cb361fe06e,pangeo-forge_pangeo-forge
2802,e9f507735a557d74777c9142825aa4aa011de2ea,pangeo-forge_pangeo-forge
2803,ea056026f0c9eb397c9d8de4ed3247a19bc8df1c,pangeo-forge_pangeo-forge
2804,ea07cbd00a7602b84c6fb31a39ca65e2d752ee1a,pangeo-forge_pangeo-forge
2805,ea1627cf41fce243ce79d27d8d16ccd227d1f291,pangeo-forge_pangeo-forge
2806,ea1bd20d3e562411de7cbcb8379bf7473d182ece,pangeo-forge_pangeo-forge
2807,ea37c421cac2c5feab0a1fb2736c1cf25b3e7a77,pangeo-forge_pangeo-forge
2808,ea858a037e19c5e2e4526669a32826d8807d1653,pangeo-forge_pangeo-forge
2809,ea8e600e4bbdbc261d7d10d3133ed01e09338e9d,pangeo-forge_pangeo-forge
2810,eaa8f1fabadab6fa9d072d88412503fd43ca18cd,pangeo-forge_pangeo-forge
2811,eaa964b06031f2a5c37a1be4fac7567a66add754,pangeo-forge_pangeo-forge
2812,eac7273e7ba33a2a68f85834f095f8bb9d6aa16f,pangeo-forge_pangeo-forge
2813,eac8deac67489b27e52f58d40eb7c98be72d3c45,pangeo-forge_pangeo-forge
2814,eacc181fa4ef30e4d592627d6b382445b0889aec,pangeo-forge_pangeo-forge
2815,ead5d42ba6a5718017326a60dc039a78abb0362b,pangeo-forge_pangeo-forge
2816,eade53ac3ca320f1b110c99e3c32487a815435a5,pangeo-forge_pangeo-forge
2817,eaeaf41932ea725d371c35fec799429223d955b1,pangeo-forge_pangeo-forge
2818,eb24f2df5fd2c1ff4b938259a1b07c3d84606f44,pangeo-forge_pangeo-forge
2819,eb32e61ce207a35c56172273debb4dea405e5129,pangeo-forge_pangeo-forge
2820,eb39df2234ce75b2e2245e9dfb0fc4f5f2e8c722,pangeo-forge_pangeo-forge
2821,eb519e1a1276fa60a199abf8f5ed8fe13355397c,pangeo-forge_pangeo-forge
2822,eb7b5cb862c09cb75e651a4a45329b46df8378b6,pangeo-forge_pangeo-forge
2823,eb7eb74990e262ab169ee6f682fd72c065be3d2b,pangeo-forge_pangeo-forge
2824,eb9c7a52d02e4c215d0e769eadaa3c0b841b4073,pangeo-forge_pangeo-forge
2825,ebb1be9dac47414b7a669090ae8a0b078bb4d6fe,pangeo-forge_pangeo-forge
2826,ec01abaad5f8da8b9eefb9032554e3e8f4c76e56,pangeo-forge_pangeo-forge
2827,ec0e166980c00c13530e4b2663c8cc5e5a4d333d,pangeo-forge_pangeo-forge
2828,ec1b4b079d01a36fef2fbcffa83d455459b2fba4,pangeo-forge_pangeo-forge
2829,ec29d1f84ed30ddaff029a7b7967212a98faf9b3,pangeo-forge_pangeo-forge
2830,ec2e14aed26460ddf9207309ea12d6c1ce4c13a9,pangeo-forge_pangeo-forge
2831,ec4d7a1b928001912126f3b8aa0ef3fc1427b4d3,pangeo-forge_pangeo-forge
2832,ec5dd2526033446d0520ec290c9b3039937667ac,pangeo-forge_pangeo-forge
2833,ec6874948e200510f9b450d58b91844fc4c4f9b4,pangeo-forge_pangeo-forge
2834,ec77217ef1f5e192f76058675ddd429aecffa0b3,pangeo-forge_pangeo-forge
2835,ec8ab95be137059dde90cd7a018e9457b5b27ada,pangeo-forge_pangeo-forge
2836,ec95d9d7bb23606ecc9f6f5bb90568286fca096d,pangeo-forge_pangeo-forge
2837,ec99949942e43129a43e0d42ebb76879d01c88fa,pangeo-forge_pangeo-forge
2838,ecadd3591479c19f37c353fdd11b54d765dc731b,pangeo-forge_pangeo-forge
2839,ecb12df2fda53c39d264a858e7e36767bda5ffe6,pangeo-forge_pangeo-forge
2840,ece4022a026562ee3bf00b9bf02696a7aec5919a,pangeo-forge_pangeo-forge
2841,ecf22afdd6af3bf1e997b6eaa509e547e7c507c8,pangeo-forge_pangeo-forge
2842,ed0a0dc7b2ebeeb89abda9476c35b002ff9e5ddd,pangeo-forge_pangeo-forge
2843,ed0e6e2b28f504817ae9a193eaa98b0040fb71d7,pangeo-forge_pangeo-forge
2844,ed1605654aaa76becb55b47adb66491504863ef0,pangeo-forge_pangeo-forge
2845,ed22e78f5dd34e044aad0443055f3b6288bbb7a5,pangeo-forge_pangeo-forge
2846,ed4706d51cea080e2a62a940b146d3aa334e7e70,pangeo-forge_pangeo-forge
2847,ed5b3a2d4dcc7d8a5bd8c8421f43f6d6bf9519ad,pangeo-forge_pangeo-forge
2848,ed63773a621d151d7bbe7bc665c16d6529ea29af,pangeo-forge_pangeo-forge
2849,ed66064d1f0ae8ebe4614af69fc6bf8d7455cf25,pangeo-forge_pangeo-forge
2850,ed855677b3910c72ead517e48ddb3dffe1126215,pangeo-forge_pangeo-forge
2851,ed9542d9f1f28adb1a689c16c3352a3f19cfaeb9,pangeo-forge_pangeo-forge
2852,edb4099299372db0f01944e8172d2d172b5daf59,pangeo-forge_pangeo-forge
2853,edbb8cd4aab061f659305fa4d37611e6f85b0d74,pangeo-forge_pangeo-forge
2854,edbf6af2fe4a4569cd85545919503f4c56f5ae33,pangeo-forge_pangeo-forge
2855,eddcfb71debe27d7056bf83ad74e2ec1f078aefa,pangeo-forge_pangeo-forge
2856,edde00d496a749e36685dbca7e1b2d699bd575fd,pangeo-forge_pangeo-forge
2857,ee0a57c3054ff1327816d704ae937cd02b3f08f7,pangeo-forge_pangeo-forge
2858,ee0bc2a61f6b5cb840666d1d0c3e1c39cd486a54,pangeo-forge_pangeo-forge
2859,ee263242ac4566e4590674b681ac9d887b88db9b,pangeo-forge_pangeo-forge
2860,ee3f441db7ea8628586c0c668bfef4b691afe7d8,pangeo-forge_pangeo-forge
2861,ee41b764cd6bc3333d760bc9340b1e6c1395ae99,pangeo-forge_pangeo-forge
2862,ee45258c288a87aa83ba548647613f5dfefab58c,pangeo-forge_pangeo-forge
2863,ee77eba90d68011964b7af69c07ad2f3b9f6559c,pangeo-forge_pangeo-forge
2864,ee985ac50140499f27149f5d9b05141b493d682c,pangeo-forge_pangeo-forge
2865,eea570fbadd4041d551656870fe42d7dce593110,pangeo-forge_pangeo-forge
2866,eea8e4452a15dc5aeed86df9eefe2130faaf1036,pangeo-forge_pangeo-forge
2867,eeb5e3fe6827bbadad0557a1e85fd3b3b776ebfe,pangeo-forge_pangeo-forge
2868,eec83e2d8fb01bf8b967403d8930d8c9c55ff9bd,pangeo-forge_pangeo-forge
2869,eecd8eda6bc8e6f62a3101771c07527cc8b82063,pangeo-forge_pangeo-forge
2870,eecffa9d3d2e81d8f1d021d7760f00a1470f7e20,pangeo-forge_pangeo-forge
2871,eedec29a90f4dd30bc7ff13ec41223781c716f75,pangeo-forge_pangeo-forge
2872,ef01bee372ce1b5df8e7ab792e0e92b827bee062,pangeo-forge_pangeo-forge
2873,ef12bc85245048058999e1fd74c78f9049cc9438,pangeo-forge_pangeo-forge
2874,ef156e322e0b3e9d9882d52b327ecf46183ea965,pangeo-forge_pangeo-forge
2875,ef1938085042604061384a09368ab23fe3dfb90a,pangeo-forge_pangeo-forge
2876,ef26b22be94524e386d18e219757a10b8dd111a5,pangeo-forge_pangeo-forge
2877,ef410e26b317a91b5308e0f3570be298eedfa0be,pangeo-forge_pangeo-forge
2878,ef47f8d2238ae22d2a879b8a7c6d8089a2c2874f,pangeo-forge_pangeo-forge
2879,ef4e75ce4bcc07f4bda9de5e875c6f5bffdf4e67,pangeo-forge_pangeo-forge
2880,ef557f63f7f820a997c4e57474d16610dccca05a,pangeo-forge_pangeo-forge
2881,ef66d6ae5aab0f339db507370963e7b9b2a44063,pangeo-forge_pangeo-forge
2882,ef946217350d642f227c21d06ce957230688acfc,pangeo-forge_pangeo-forge
2883,ef979faea445bea71c453969093f16f799453ba8,pangeo-forge_pangeo-forge
2884,ef9c0c351f93178b1461b5721b3ba57a463f031d,pangeo-forge_pangeo-forge
2885,efa596b10adc40ec7c6413ec404f3fca577fd59b,pangeo-forge_pangeo-forge
2886,efbf3354bf3a05ee31800ed12c28c6aaeff58c1f,pangeo-forge_pangeo-forge
2887,efc6fbdd2d0947378946151bc72fc87dbcf3ba79,pangeo-forge_pangeo-forge
2888,eff737f68910bf2448cd9c3e570f9ad7ce2c3070,pangeo-forge_pangeo-forge
2889,f0071683cb84d5434d172eaca91cdb18b93f1a54,pangeo-forge_pangeo-forge
2890,f01b94f898d187092e7a47e300d998a927457386,pangeo-forge_pangeo-forge
2891,f024f68d1c358c91525bcd89e111691a4c03fefe,pangeo-forge_pangeo-forge
2892,f029aa8f771d05cfa6e422c5729ac154a099e15d,pangeo-forge_pangeo-forge
2893,f035f602bdaf868c09b15d097d4a9270cd90950c,pangeo-forge_pangeo-forge
2894,f03dd3d00e5ecbde30b4ae963366e2a05a51a756,pangeo-forge_pangeo-forge
2895,f04dc36f74e7a78fec8a955a609eda843fc14625,pangeo-forge_pangeo-forge
2896,f07e32aec95bc6ccdaf6b06dbc5c99afdd332bd2,pangeo-forge_pangeo-forge
2897,f081ad0b63c7a0aa150203adbf28c2ec8a960893,pangeo-forge_pangeo-forge
2898,f090ad06dbfefe87e009cd7b9da38b3021fd8923,pangeo-forge_pangeo-forge
2899,f094b024716485956d81b38c730aee2eaf6ee7da,pangeo-forge_pangeo-forge
2900,f09782b50ea911bd190ac01b0b7901dcdb7591ad,pangeo-forge_pangeo-forge
2901,f0b34eb4d6056ad3a50abf12437ad62824d915e4,pangeo-forge_pangeo-forge
2902,f0c716758ad739e686d5525bf3a2b2492036087a,pangeo-forge_pangeo-forge
2903,f0c7dac8a9a49533fe544dc2fd84e501f9d96508,pangeo-forge_pangeo-forge
2904,f0cb1299edafdb8588f0f7411963704b0a41632b,pangeo-forge_pangeo-forge
2905,f0cfa6149b695694956e617796a82d6902cc91a0,pangeo-forge_pangeo-forge
2906,f0d3159ee5fa09dfb383291b1f82bc9a81b1d781,pangeo-forge_pangeo-forge
2907,f0d8cff0f6285cc8783355cdf9735ffe9ff2aeda,pangeo-forge_pangeo-forge
2908,f0e7b0aba2e7af5ea7dbe1c1758c46f933de31ea,pangeo-forge_pangeo-forge
2909,f0ece79b0e4cab5c9369983b9f053f36474b1f89,pangeo-forge_pangeo-forge
2910,f10ec3cb3c8272a40c06731afee0eed5a93f468e,pangeo-forge_pangeo-forge
2911,f113f3f670dc71af1ae54f615393d24395d5adea,pangeo-forge_pangeo-forge
2912,f148ebdbf169e4364cf41594c22dc61bafa31229,pangeo-forge_pangeo-forge
2913,f150a1d73adc81107c5cbd051fe074dd926cc982,pangeo-forge_pangeo-forge
2914,f15b6d6fbe039459e33532c116719cc685eca5da,pangeo-forge_pangeo-forge
2915,f1721480d5804cae29997e706f4951bef0f31cab,pangeo-forge_pangeo-forge
2916,f179c7822cb92cfd24e38c9307f824699dcd60cc,pangeo-forge_pangeo-forge
2917,f19acfb59c85823708ec93248eb9c2d3740d1c19,pangeo-forge_pangeo-forge
2918,f19deacea506e67cf2b81497eb640dad9516ff31,pangeo-forge_pangeo-forge
2919,f19f966b98d031e10f95b3306048da1a9241a231,pangeo-forge_pangeo-forge
2920,f1a47baa516542a9943078bca10f739829409caf,pangeo-forge_pangeo-forge
2921,f1d43ab70fe4963770655893a658e4245eacaec3,pangeo-forge_pangeo-forge
2922,f1d47482c95f82d833ef4ee38edf7e18a54f1635,pangeo-forge_pangeo-forge
2923,f1e360d8bf06405b0e255b26ea1e045efaded4c1,pangeo-forge_pangeo-forge
2924,f1ec41bb5317771d30a0f6108f5dbd181884d6d7,pangeo-forge_pangeo-forge
2925,f1ff2391c2743f31625de9436ad67e370d9ea112,pangeo-forge_pangeo-forge
2926,f2054aae87855bcfff75305cc65f334ca1d4cb89,pangeo-forge_pangeo-forge
2927,f228e8f0292c807c194c7f1d8e392a289f808dff,pangeo-forge_pangeo-forge
2928,f22edadcdc72e87a5de810267a933040b20f5d0c,pangeo-forge_pangeo-forge
2929,f2323e13f8f69e652f27fc43b8f5d595699c35f7,pangeo-forge_pangeo-forge
2930,f23720793264c6428c5c92cd5c1ccc04f8657303,pangeo-forge_pangeo-forge
2931,f27b43d4c0a78a3d2a3eeb7666f51f17cdb000ec,pangeo-forge_pangeo-forge
2932,f2aab4a59d962a871c04e2f1c5309936b38580d7,pangeo-forge_pangeo-forge
2933,f2ae6e89da918687b8eab7da992897db5c7f9096,pangeo-forge_pangeo-forge
2934,f2b1589e2371c6c18f327cef906182a859b07dcf,pangeo-forge_pangeo-forge
2935,f2b4155ef9bfab5da5ff9796b39214ad5f5cd084,pangeo-forge_pangeo-forge
2936,f2d0c93ab040b624d19b104e7a97d64540f8620e,pangeo-forge_pangeo-forge
2937,f2dee0d4db269d6268f85df4ffa2941763ba597d,pangeo-forge_pangeo-forge
2938,f2e34d74a99e6d67072ca262f1a07275366a8878,pangeo-forge_pangeo-forge
2939,f2fff235e6be9520b6e349a9e05d2d42a30d11a7,pangeo-forge_pangeo-forge
2940,f30bd0513be7170e508d34bdce19bb62c88a01ee,pangeo-forge_pangeo-forge
2941,f31d5456d30f44785e79f99edc533cd1c2614eae,pangeo-forge_pangeo-forge
2942,f32186b66c2c71533301c45b61477a3e8bc5fb43,pangeo-forge_pangeo-forge
2943,f3480ad2060c80479ec1e7ede1a20e12609091d4,pangeo-forge_pangeo-forge
2944,f34caa0c29d234f03ac8d77421b795298c5dcace,pangeo-forge_pangeo-forge
2945,f35649ecd9c4b7334ff2be30d3639eef31873d79,pangeo-forge_pangeo-forge
2946,f378a658c07118a161aae865dd96df7664f7d1f7,pangeo-forge_pangeo-forge
2947,f38f397bbeb385e6a8a0c00ad2f65008a665f921,pangeo-forge_pangeo-forge
2948,f3a1a112019d1c9e57c795c86184f662919678cf,pangeo-forge_pangeo-forge
2949,f3aeaa54d75f7e7a64293db9632d32acd48bc597,pangeo-forge_pangeo-forge
2950,f3be2eb18841e618d17cdcdda9ddddc321f97dad,pangeo-forge_pangeo-forge
2951,f3d50d0235a679c78a54700a2a2a209623af4117,pangeo-forge_pangeo-forge
2952,f3d912426fa0033699b41e41d69f138b2650a3c9,pangeo-forge_pangeo-forge
2953,f3e2b49d25990e18b12ab0ad24f3a7b0179f2cab,pangeo-forge_pangeo-forge
2954,f4202a6bc32b365eb698934a03f40b5182e73cc1,pangeo-forge_pangeo-forge
2955,f455fe1948bb650e22a982b24892942a2084ffd0,pangeo-forge_pangeo-forge
2956,f47b5ba18a7c95381a3cb1c57086e2950c680cbe,pangeo-forge_pangeo-forge
2957,f49273b274b4ae126d2944e5276105b545e18e6c,pangeo-forge_pangeo-forge
2958,f4afb44f8d79f4c33f8543134b795c1a64c5e2be,pangeo-forge_pangeo-forge
2959,f4afcc0dd1c111c90570a6e19596ab240c3816c5,pangeo-forge_pangeo-forge
2960,f4b2bb42c8a5062ca95db45b55e78c7b270a3db4,pangeo-forge_pangeo-forge
2961,f4c2528ca7f74211d4b94843f7a3a77782f0f713,pangeo-forge_pangeo-forge
2962,f4c563b03ad2c88e29c24580433cde6e5d838e26,pangeo-forge_pangeo-forge
2963,f4ca53d3c61c1a321cdddcb69bd4635c971d2baa,pangeo-forge_pangeo-forge
2964,f4cd70b3d2bcbbffae5db38fcffd546819abe646,pangeo-forge_pangeo-forge
2965,f4ecf99ac676119c9f2f18ae45953bbbe5e701da,pangeo-forge_pangeo-forge
2966,f5036eb89af97dec0e08c586f70a827f70557dc0,pangeo-forge_pangeo-forge
2967,f50e69ce544be42a420458a7639338b79c8978e3,pangeo-forge_pangeo-forge
2968,f52710835469d29de860bc14502782cd9831ec29,pangeo-forge_pangeo-forge
2969,f527218c65607bada8c9e43ca2b3f26a85738826,pangeo-forge_pangeo-forge
2970,f52fece1c9592fb5ffeda71d9b8f72fdbb6e80b7,pangeo-forge_pangeo-forge
2971,f53295aa42d01624767609999c8d0843d14dee23,pangeo-forge_pangeo-forge
2972,f54c5d7c2006df909e1c4e1a45b6f9725f5de1f4,pangeo-forge_pangeo-forge
2973,f55c4594931edfc664faf7e64316472dbd4af5fb,pangeo-forge_pangeo-forge
2974,f55d4c40dd7b288383ce11e67b86f27625603aa9,pangeo-forge_pangeo-forge
2975,f5755ebc9ef7c53e4dfaa4be16fca3b87212ec9b,pangeo-forge_pangeo-forge
2976,f57e36adc661f55f7b1e9703857228b79674a651,pangeo-forge_pangeo-forge
2977,f57fcb38f6c617304e535028c86356806ac563c2,pangeo-forge_pangeo-forge
2978,f5a9a78068186c2a9bc44ff049c1a686a8b244eb,pangeo-forge_pangeo-forge
2979,f5bcea8b2c1961267fecb78c3e8428295ff386a8,pangeo-forge_pangeo-forge
2980,f5c684d337f3feda4207fb479c5d578ae489b5af,pangeo-forge_pangeo-forge
2981,f5d3b8b7fd229d281fd4badcc60458effdbf9459,pangeo-forge_pangeo-forge
2982,f60868617c9623a4d78f6299a07f4fb35b3ff7bb,pangeo-forge_pangeo-forge
2983,f61d783f3de1ef4a8aad8ce233defcf47ba6f61c,pangeo-forge_pangeo-forge
2984,f624f52904728b6762acf136468432149f02bcc0,pangeo-forge_pangeo-forge
2985,f62899c9cef65b575b758007321388593004b8be,pangeo-forge_pangeo-forge
2986,f6412eb790dd77b0957cca8f2b71ce40822e898d,pangeo-forge_pangeo-forge
2987,f647ba21c4ef0ecd0eaf69841370f1e84c31c993,pangeo-forge_pangeo-forge
2988,f64a65403d4892e01cd0fd30d5db62dc1d30b60c,pangeo-forge_pangeo-forge
2989,f65ddfa026d0f44704b0b4ccdc793b7934faf63b,pangeo-forge_pangeo-forge
2990,f668fc4ec42f0b063c0a00659115b778d086b60f,pangeo-forge_pangeo-forge
2991,f6a33f51502adbc7477e5c7a28107b41775efee0,pangeo-forge_pangeo-forge
2992,f6af0e03725caf93691cda4fc5724159a2671898,pangeo-forge_pangeo-forge
2993,f6aff9db1eaf041ef56dd26ed4f10bb8e9900b16,pangeo-forge_pangeo-forge
2994,f6b179b735f66c794ef0c4652fba2c9fd75440bf,pangeo-forge_pangeo-forge
2995,f6b97742775cfa5a980f9cf944f28cbc6db851e2,pangeo-forge_pangeo-forge
2996,f6bc6ac737a2f654cd620dc19ea6a81fc5059609,pangeo-forge_pangeo-forge
2997,f6e6c2bfad00a4d6f94515c72c9f6a9ec034c7d0,pangeo-forge_pangeo-forge
2998,f6e86d61a8a04d77dbfcce25bdefc8cbdb5ec814,pangeo-forge_pangeo-forge
2999,f708f2157fd1aff947e040f5ff2edf7746538edf,pangeo-forge_pangeo-forge
3000,f70b0251e19c56a4f183602cd524aff4bf16b9a8,pangeo-forge_pangeo-forge
3001,f70b3138c07a7cb1a70dd20e318a8b534200789d,pangeo-forge_pangeo-forge
3002,f7114fc7018072aeab31a35a4da9475b397ac819,pangeo-forge_pangeo-forge
3003,f75418f3a17d349e3aea05f6fca311e2d9405ad5,pangeo-forge_pangeo-forge
3004,f7603ff1f97aed1c062fa2ffb04ca4d588eef053,pangeo-forge_pangeo-forge
3005,f783a835d4c55ae948fe6c8f3e5cabc901de7b50,pangeo-forge_pangeo-forge
3006,f78ce0de6b99e78e533a96740852fe498daeb844,pangeo-forge_pangeo-forge
3007,f799309468ae080e3cdae68b0d6fdc1b7c59fdfc,pangeo-forge_pangeo-forge
3008,f7a9e8388d7e2e442da4c9c4bcce88305334ea93,pangeo-forge_pangeo-forge
3009,f7aee4e503c0c3d586cd4343f7df2160ddb425ab,pangeo-forge_pangeo-forge
3010,f7d8176003992ac511549202ff71b2e6a32e99aa,pangeo-forge_pangeo-forge
3011,f7dcdf3ef8a91daad78175a7b8c786b6b47de3ba,pangeo-forge_pangeo-forge
3012,f7ddee141fa8d1b3d9d39633b820f71e66dd054a,pangeo-forge_pangeo-forge
3013,f7f89611731131ba3e98cafa53979d043c285fac,pangeo-forge_pangeo-forge
3014,f81d451ccc4ce5686e6b39400313963043f083d7,pangeo-forge_pangeo-forge
3015,f83805824b8cddb4f881563bdb8c5132fa9e0524,pangeo-forge_pangeo-forge
3016,f84688550b67ed351059911ad843d8fd8b9eca83,pangeo-forge_pangeo-forge
3017,f85c15a560ed0b4b50579088b338d165591665f0,pangeo-forge_pangeo-forge
3018,f87c9bd9a6cdeab0bb1559a9767b668934c711b5,pangeo-forge_pangeo-forge
3019,f88455cd730f7c575e4a595df9cf350924e828b7,pangeo-forge_pangeo-forge
3020,f8a336506b15317f33132d555a2e09f1016056e5,pangeo-forge_pangeo-forge
3021,f8a42d33c473b1e86f24632aa6e0d2645304c9ce,pangeo-forge_pangeo-forge
3022,f8aab7850d7562c1c4799ce16a1baf34f1605f4f,pangeo-forge_pangeo-forge
3023,f8dd0387b011eb16aefa178edd4c371ee414a445,pangeo-forge_pangeo-forge
3024,f8eb378bb3910d95ec58f94a5c255d77a34931e5,pangeo-forge_pangeo-forge
3025,f9104b77ec6e78bfc3f5e95cd9eb752f12b525d7,pangeo-forge_pangeo-forge
3026,f9108c26ba4ec92ee9aca8bc61a1b0ab670023cd,pangeo-forge_pangeo-forge
3027,f9410255150e1b3c43783f4e62024e6b2293f140,pangeo-forge_pangeo-forge
3028,f95cedc416e1f74254a9468afc3c9c93c3e8f28c,pangeo-forge_pangeo-forge
3029,f960a84eda3023d101d750698b7b80f1fd133f5c,pangeo-forge_pangeo-forge
3030,f979311030feed52a6dd67ad14eab2a59b589766,pangeo-forge_pangeo-forge
3031,f980e8f8cff0f01b72ad4db1cd0ae36214b02c22,pangeo-forge_pangeo-forge
3032,f98497244533d5ad8f2f2ad742f47af063fc9650,pangeo-forge_pangeo-forge
3033,f996e5fe9eda318d823090527e63e6c593b50dd2,pangeo-forge_pangeo-forge
3034,f9a8e14be205001f7d38d08428358c7e591ba3c5,pangeo-forge_pangeo-forge
3035,f9b698a35a62ab169bce546b15fef9722c70cd90,pangeo-forge_pangeo-forge
3036,f9e059d31b881ac6e6f46da3b9ea123c0b6e0548,pangeo-forge_pangeo-forge
3037,f9e3d6c0531ea2f72563fda3dc62a427e22b3742,pangeo-forge_pangeo-forge
3038,f9f38bd923b04e207eedbc7b3151b8a0e6256ef2,pangeo-forge_pangeo-forge
3039,f9fdeb14b8e15dd866cee6ce7a3cd6b81f66ce43,pangeo-forge_pangeo-forge
3040,fa05c9c8405784c57878ac53ad1c915d33c78477,pangeo-forge_pangeo-forge
3041,fa12b3f51961c6e978a825d99a3e2e84ab076a3c,pangeo-forge_pangeo-forge
3042,fa20daf64b5ccbccd32371d0dd6755a58a1f7b55,pangeo-forge_pangeo-forge
3043,fa2b8b1dafde69fccd6e7f5f050e3860c014ad80,pangeo-forge_pangeo-forge
3044,fa6b4b76afc938e02455bbe89b6eb20136305877,pangeo-forge_pangeo-forge
3045,fac3032486d34be39099d39e744ac8291ace6b0e,pangeo-forge_pangeo-forge
3046,fad573973f35c4c630da1626e4d29e1a8809f68d,pangeo-forge_pangeo-forge
3047,fad718dc87c3446a64a28b221db80bde23b7739c,pangeo-forge_pangeo-forge
3048,fae67d1200d16609ebf627382651353ca3bfc6e7,pangeo-forge_pangeo-forge
3049,faf5c1c7c95af18ffad6081e460af75c91dd03a9,pangeo-forge_pangeo-forge
3050,faff3219ede96c43cd3dcc7955b411464996d884,pangeo-forge_pangeo-forge
3051,fb0ba620e7eb378e741f126d6cd85319bbafc157,pangeo-forge_pangeo-forge
3052,fb31f7d873a36f16c203989894d08b996b9e7484,pangeo-forge_pangeo-forge
3053,fb7998ed1862e02b561701ca47130b56ff7b2cdb,pangeo-forge_pangeo-forge
3054,fb8ec7950fa70634f9a8cabae5ad2629a02cd0ca,pangeo-forge_pangeo-forge
3055,fb9b60a7e718c56ad910b2ff5c79edd5958b1583,pangeo-forge_pangeo-forge
3056,fba24447942ab22560f107df6603c8b403f55297,pangeo-forge_pangeo-forge
3057,fbaaf31b6f278418bd9ba6750ffcdb9874409196,pangeo-forge_pangeo-forge
3058,fbab6d4a4ba387bb8fb9f72a6d6d0855a670acfe,pangeo-forge_pangeo-forge
3059,fbcaf7dcf60c70f7ba13992a7927fedf17f44f38,pangeo-forge_pangeo-forge
3060,fbcde9232fbb1a4f754304787530d5868a6efd1a,pangeo-forge_pangeo-forge
3061,fbcdf2be02aec510d37313cd7ec81e0765c667a0,pangeo-forge_pangeo-forge
3062,fbe88592032c1e945ac3e7c5cc6db0ecd1c60e29,pangeo-forge_pangeo-forge
3063,fc19a970c7bd9fbfb9a18051ababc340f2ded80b,pangeo-forge_pangeo-forge
3064,fc25fa48290e51e702cd0fd498d42ba26ce63c2b,pangeo-forge_pangeo-forge
3065,fc44c7b03a7551b8b6a6c52cf1465b5197fbca0a,pangeo-forge_pangeo-forge
3066,fc5838f15dd0185c9f777ead6d87e81281511907,pangeo-forge_pangeo-forge
3067,fc6463bf320e3dca6a75c8cf918d2ad15e3950e3,pangeo-forge_pangeo-forge
3068,fc8c2ca0a54fcb53178183fbea9f2eb5a1b637e9,pangeo-forge_pangeo-forge
3069,fcaf1fd9b336fc4c7038ec0a9e420d9bee61d925,pangeo-forge_pangeo-forge
3070,fcb601a1a866e611f6df44d33413cc61c59464c1,pangeo-forge_pangeo-forge
3071,fcc6de3a480bfd9597530ba1d5f83724f18cc676,pangeo-forge_pangeo-forge
3072,fcc7157258f2a6527fc95c2dcdce7b2bfe3627b0,pangeo-forge_pangeo-forge
3073,fd0292fd076968b583994c48ad2f1891a2862963,pangeo-forge_pangeo-forge
3074,fd2ff55bda195d65860b4d6f4fe35f3a18e281fa,pangeo-forge_pangeo-forge
3075,fd4e9120ab7d5f152a66ed210a969bdbaf12b2e7,pangeo-forge_pangeo-forge
3076,fd92ab828f7f1db4f7a7850ecbc0eb196d6a62e1,pangeo-forge_pangeo-forge
3077,fe0010e0bf50cb3b57b8f2b3fc4d8a22997cbbf3,pangeo-forge_pangeo-forge
3078,fe036507d728d10cf4c926fedcc5d0ca5234f7f3,pangeo-forge_pangeo-forge
3079,fe169fe705b8b7bc96136fa96f648db8e761c390,pangeo-forge_pangeo-forge
3080,fe21c6ab8cd9953a69e88718e300a5552089400f,pangeo-forge_pangeo-forge
3081,fe32928f06ce2413cfd28d856d74b68575919037,pangeo-forge_pangeo-forge
3082,fe53ab38c3635ec783b5dca8879c9e576e069d44,pangeo-forge_pangeo-forge
3083,fe5d1f7241e724fde76f86ce582fb0b830af3036,pangeo-forge_pangeo-forge
3084,fe96c9d96b490f2aff5b811f9251ba474bac960f,pangeo-forge_pangeo-forge
3085,feb8839114f77412047ade5a1ce574c0f389d6d8,pangeo-forge_pangeo-forge
3086,febee33efc01a5ebb4c38b5d9258d524b0d1a029,pangeo-forge_pangeo-forge
3087,fec481d8d2c525a941db667d3039465873d148e6,pangeo-forge_pangeo-forge
3088,fec4b6132c600e0105114d231616ca2c507bc7ea,pangeo-forge_pangeo-forge
3089,fefc981d0ad6df007d084683e48b0fd9eac2ec28,pangeo-forge_pangeo-forge
3090,ff05d7a9b45cdcd64384a85df6a989875da0b645,pangeo-forge_pangeo-forge
3091,ff197b7b81ae39479a9a66675f0a72b031300aad,pangeo-forge_pangeo-forge
3092,ff1b0bed62e8502d2905016765912bb2ffdee217,pangeo-forge_pangeo-forge
3093,ff22273ae26d834e5acc0e487cf2b9335b256f3d,pangeo-forge_pangeo-forge
3094,ff37fce678507630286be55acab170ea74d019ce,pangeo-forge_pangeo-forge
3095,ff4ed24b7a928020f8ff0f23e6aa220cc179f5d3,pangeo-forge_pangeo-forge
3096,ff5fa4ce203b394a9de7f4ab8ab82d3ea55dedbc,pangeo-forge_pangeo-forge
3097,ff7cab39f8a8839440f858faef3d76f82825ad2b,pangeo-forge_pangeo-forge
3098,ff940ee9f662ddff614250161f17b0ba92a36f84,pangeo-forge_pangeo-forge
3099,ff987b2ed911ba6177094ccdce9ac3e7d129d010,pangeo-forge_pangeo-forge
3100,ffac21f695c6fee7d0e47fef645bd657d5bee60d,pangeo-forge_pangeo-forge
3101,ffd21b92e8d0d8165a006b4c61cbace930af8157,pangeo-forge_pangeo-forge
3102,ffe2705c0c100fe39f7771ef61c4f5ecbb836e97,pangeo-forge_pangeo-forge
3103,fff47ac2bf387065a24b1c45387d871ddb6a362a,pangeo-forge_pangeo-forge
3104,fffbed46e81d96704e8238c05f2c8354d50c0c9b,pangeo-forge_pangeo-forge
0,009e2f13cfa09267a57bf5adeae19b91a93b795a,lvrcek_gnnome-assembly
1,009e85c6cf89015b37ce3cc8fbd41090b687ed9f,lvrcek_gnnome-assembly
2,018400f331444fff277454d92039e0b3b603d5b7,lvrcek_gnnome-assembly
3,01fbd62e97f98980004f835c64a105eee958afde,lvrcek_gnnome-assembly
4,03a24b1c965907e8eba7f14d4302a9744e97ef3a,lvrcek_gnnome-assembly
5,04635dac6de0861efd8722a5c400e4a8eddcc1ae,lvrcek_gnnome-assembly
6,051b9be6760a55dee8ec5f71f60db267533eb62f,lvrcek_gnnome-assembly
7,05770b8c48e56aa3cde59442d7fbcb72c01e0a6f,lvrcek_gnnome-assembly
8,059e24003e11771a6bde233900d93196efc1528e,lvrcek_gnnome-assembly
9,06db8f35bf623093ad02105feb5a966a3c57a91b,lvrcek_gnnome-assembly
10,08b6081f9f871ae5b09e45c620d23c60135374d7,lvrcek_gnnome-assembly
11,09157590375149ddca907339cf897d7a4267e0dd,lvrcek_gnnome-assembly
12,0959470fad44badec797445c04615622dfdc13a9,lvrcek_gnnome-assembly
13,09bca717615e8f80992eca47e7ad443f1f817d42,lvrcek_gnnome-assembly
14,09efed1a063dad8b5e8163add4e6756d576fb2f6,lvrcek_gnnome-assembly
15,0a95c43fd18585debd29e53e5c0d887e8344193d,lvrcek_gnnome-assembly
16,0ac3c518736c9429882c24fb84c9dd8ad8db7aad,lvrcek_gnnome-assembly
17,0affd12bbeaef59cb267ebcc57584589e1117e0f,lvrcek_gnnome-assembly
18,0c9a47f8e82df0c2ae6f89f61079a9b1c73e9fc2,lvrcek_gnnome-assembly
19,0ce3f2a72317c639fb9bcf9225c62f5c7f6de4a4,lvrcek_gnnome-assembly
20,0d65248becaee086d8a77ef6be7e87323af6d2a5,lvrcek_gnnome-assembly
21,0ec9bd91c32e4513e9909b3985775b3516a17b2d,lvrcek_gnnome-assembly
22,0f879e3909b3245d31030d7c1a11526b2e63c435,lvrcek_gnnome-assembly
23,0fd401ea7cbdcbab7a17519760687d0235ebdc02,lvrcek_gnnome-assembly
24,0ffc851607d002a8638ad3772fc779a9d7a85f99,lvrcek_gnnome-assembly
25,102a61d6116164d1ba4a7881af475b09412f1e31,lvrcek_gnnome-assembly
26,1163239b7a8d290fb95668f19aa11bcbd5c21b2a,lvrcek_gnnome-assembly
27,119cd2ab05fa79a992bc4c9b269d84252ad6d1e4,lvrcek_gnnome-assembly
28,142b13645cd17b652dd1d99575000c614e83145b,lvrcek_gnnome-assembly
29,14621d7c9a7b5880c09934dd472955e917c47df9,lvrcek_gnnome-assembly
30,1619808ba67597cefeab3eac2b0ce605918f5c16,lvrcek_gnnome-assembly
31,170ce4457f6db817412758bd2e38eba3d9b367b9,lvrcek_gnnome-assembly
32,1732efcca45fc57c7ce27b9aa64093cc52033474,lvrcek_gnnome-assembly
33,17952e5b1f5a88aa0770544a258dec5f56eefd80,lvrcek_gnnome-assembly
34,19a8c4ad9ecaf1b2bc199bfee851a2cf4146a3f9,lvrcek_gnnome-assembly
35,1a5f224cf2f70919303d8070ca89625dd63cc3e7,lvrcek_gnnome-assembly
36,1b576bb99b177f169ac77602719e1b627881bee3,lvrcek_gnnome-assembly
37,1ccdc8ab4a6d8c6a8075f9d90d3a675b84ffdf42,lvrcek_gnnome-assembly
38,1dfd2b5e5f6b08e1f22c79869b4a97ff47a00a35,lvrcek_gnnome-assembly
39,1e52c2bce0e88825056a96f5ba1f88f4d70c6088,lvrcek_gnnome-assembly
40,1ea413ecc53637f0d903ae7b23d1beb6da86e07c,lvrcek_gnnome-assembly
41,2039e9c5ebfac56683f4e67839790a54731c2a32,lvrcek_gnnome-assembly
42,21214d08df02b40c6c85c74d5dca242cff638696,lvrcek_gnnome-assembly
43,217554d4a6e51520c91a9129ab4d570504ac4037,lvrcek_gnnome-assembly
44,21e452f3b3a7175da02090dcb0ba8e8a5201e42d,lvrcek_gnnome-assembly
45,227f40a6890180864abb079c89b194598e758231,lvrcek_gnnome-assembly
46,22eab4de9ac70cefad6db2571f939c451ac2d3dc,lvrcek_gnnome-assembly
47,23d6ceda0d663067591c4d14f5c4e47bf4d29d36,lvrcek_gnnome-assembly
48,24d5c77adca3a65b3ea176dcad3f009383244fa5,lvrcek_gnnome-assembly
49,24f8f27753820f79b82e70e5e285df899a694651,lvrcek_gnnome-assembly
50,25bae50a8653d8d53b870cabaf3a536650546baa,lvrcek_gnnome-assembly
51,25f95bfab02f5a98f4aee2b6afc8cfa793a80c88,lvrcek_gnnome-assembly
52,26180dc08e94218dccc72aa6aee5bd357806bc06,lvrcek_gnnome-assembly
53,261f82eac55efceb6418750fa6964d34133437ec,lvrcek_gnnome-assembly
54,2750fdfddaeddbbba1c4644afd6be2affed5387d,lvrcek_gnnome-assembly
55,27cedb43f1f312aac6aa59b357595ad324c53f5a,lvrcek_gnnome-assembly
56,28437e3140542cb201bdba8ec5abfb5438b1e1bb,lvrcek_gnnome-assembly
57,2855efc3b0213a732842d66ac69bd8279340253c,lvrcek_gnnome-assembly
58,28b2075d5682245a177546ee5423551fcaf376b1,lvrcek_gnnome-assembly
59,29d4968b6b409d299b52246af66572bd24a94181,lvrcek_gnnome-assembly
60,2aa58f219b41973c6838902616ba32305e6886a9,lvrcek_gnnome-assembly
61,2b3c6e323b132af4d6533c217009a34a164b97b9,lvrcek_gnnome-assembly
62,2b8607b8f8ef7a7c84c099d97d8110b688b5d83b,lvrcek_gnnome-assembly
63,2c5cb55eb0912a030f85e8ce1608648940963c67,lvrcek_gnnome-assembly
64,2cec7519663337064a7e033d0b9a327159757203,lvrcek_gnnome-assembly
65,2e29c3f95de8ad002c6f2f47f4ba0d9350557aa1,lvrcek_gnnome-assembly
66,2ee29a1cb9ceef8797dc6fbf6d9f95de2aecaa6a,lvrcek_gnnome-assembly
67,2f991985fc46896e3609865844f1bcc602c1f94a,lvrcek_gnnome-assembly
68,30338cdcf7d411c194be122e028213cc560784dc,lvrcek_gnnome-assembly
69,305bad3d2c1f4d89855a9a46f19771bb7e9a0b16,lvrcek_gnnome-assembly
70,309eb293ffbfd443e97f62b26bb8f273ac23949c,lvrcek_gnnome-assembly
71,30a05d53806e336a433346e2c6f48fd63dc1f3b3,lvrcek_gnnome-assembly
72,31d8593df75021d18a0070d2ea6c4fe7dddc9cc2,lvrcek_gnnome-assembly
73,327af02040169d2b5a7ba682a1c5eb8fba939962,lvrcek_gnnome-assembly
74,32a01decf10a41fe3cdd2b1c8ce444d0e36cb7ec,lvrcek_gnnome-assembly
75,32a566d42fe6adce2a3ab815ad0598bfe2abcd4a,lvrcek_gnnome-assembly
76,32b4e1c1b64400790063fc87a9a66e7261876e00,lvrcek_gnnome-assembly
77,32fd5aef3184df3d53337c03fc504f6e8e1e1c5b,lvrcek_gnnome-assembly
78,334d427b71b80b78692d30b1c0f44108bb4e1b66,lvrcek_gnnome-assembly
79,33570c6bb76bded39a5bbc3fd98e126ec88773d2,lvrcek_gnnome-assembly
80,34480ad6916d12af67f9ed3d4adde3f7904d025c,lvrcek_gnnome-assembly
81,378674eeed39def3c05fc882fb14156d57de23f1,lvrcek_gnnome-assembly
82,3923336cef08b65b66b673913dbf4bc66b0b07f8,lvrcek_gnnome-assembly
83,3a26cdd172739a90a237f17d322f264513da10d7,lvrcek_gnnome-assembly
84,3b014577378f28bbe57174aa5d17dc09ae67bcbe,lvrcek_gnnome-assembly
85,3c368a1d3ccf9111fe0c38fcf5b012b4175abfef,lvrcek_gnnome-assembly
86,3d175a6ee2b79f87ef5280affe351afea379dccd,lvrcek_gnnome-assembly
87,3e5c95d77e096fef21f2b9c1823237923dd4ec33,lvrcek_gnnome-assembly
88,3e71da294eb67696d6d90169f808850f13afb54d,lvrcek_gnnome-assembly
89,3ef92eb63fa584593b48b72ecbd743adcc80dd8b,lvrcek_gnnome-assembly
90,3f554b4934c2ebaf107af1972b29f9410459d9dd,lvrcek_gnnome-assembly
91,40ae6de6c82a404578851955a61d2826778b4b59,lvrcek_gnnome-assembly
92,40ca77d8c41f2d535f73605ba88f512f1bfc53fe,lvrcek_gnnome-assembly
93,41400ace9466150c7182b3b5f27e4054b760da9f,lvrcek_gnnome-assembly
94,41facd58eba74cf24d6132b97823b20b163df52c,lvrcek_gnnome-assembly
95,43a165d40d3c77630d61936f18ab17cd73e33f4f,lvrcek_gnnome-assembly
96,4518d87389dc9684cb04d89b19a2bb7237b29194,lvrcek_gnnome-assembly
97,4628d4c563c0a4d3ef35909b27cced62cc748a23,lvrcek_gnnome-assembly
98,46f50f8f454084b754480df174a4818a555d8b4a,lvrcek_gnnome-assembly
99,4879f62c89268c676952b0de99df7c1244894427,lvrcek_gnnome-assembly
100,49121d493afa5331e43467438b488ad2b014ffde,lvrcek_gnnome-assembly
101,4a86a277a54d02ba85a270feb52585b69bc53051,lvrcek_gnnome-assembly
102,4b929488fa55a20efacbe50cdfccdfa4e7bb3c5b,lvrcek_gnnome-assembly
103,4bec1f5923820170c6a1d4145dbeb447524bf42c,lvrcek_gnnome-assembly
104,4bfa457084439a528500b05b937a23b2cd14dccc,lvrcek_gnnome-assembly
105,4cdbfa42d73a0f831a0f97babf9ec585dca4b5fa,lvrcek_gnnome-assembly
106,4dcf671c8c9b64038dd283180475e629adb86c7c,lvrcek_gnnome-assembly
107,4e54bc9cc1a976c4f0dbc17968abecc04f87ae44,lvrcek_gnnome-assembly
108,4ebf06e9da85a34f487e362845e9778b4c2ffe95,lvrcek_gnnome-assembly
109,4f81149d8ff9efe940bae10c84ead2f499d9dc65,lvrcek_gnnome-assembly
110,4fb8bdeaad2f04aca5623d102dbd8aede5d3248f,lvrcek_gnnome-assembly
111,4fd3b1bbe3200dd901c2a254a858424701dcb477,lvrcek_gnnome-assembly
112,503704d1b6e01c44bae42ee601adf452e110b0b7,lvrcek_gnnome-assembly
113,50bf68794da24c1944d1eb74e4c6a3cfdeb2df1b,lvrcek_gnnome-assembly
114,5173186262665bdeee5cdcc1df5f0bacfbc0568a,lvrcek_gnnome-assembly
115,548b02df2c33fe30b4e642a2b28b1c191489fd4c,lvrcek_gnnome-assembly
116,54e463d991ca17058ccfa172b39701b2ea9a5151,lvrcek_gnnome-assembly
117,55988f74bc540f468fb965535391583af868bb9a,lvrcek_gnnome-assembly
118,56fd990f54e03c302976210d6ae36800e0dde698,lvrcek_gnnome-assembly
119,579abd20d8a61ccc589204467bfd06d439465322,lvrcek_gnnome-assembly
120,579fd08ca3c0870ee10f1e42f15211823d04228a,lvrcek_gnnome-assembly
121,582637f7b33934d69567c327d325f05f27db137d,lvrcek_gnnome-assembly
122,594f265c9c79d628faff31176bcd0e30fe1f02d5,lvrcek_gnnome-assembly
123,59807d2ccc8785c3aac7b5782c648c15488a1518,lvrcek_gnnome-assembly
124,59a5c76b6da9d7468e8ec9cb95af16e115230884,lvrcek_gnnome-assembly
125,59b526177d8f2e1f40a1a386a7dfcf5ce2935835,lvrcek_gnnome-assembly
126,59b8220e19d215e8fbeacf742a6a3281f4a1915a,lvrcek_gnnome-assembly
127,5a21da1642639811e531c0bf119a88ff09129cc1,lvrcek_gnnome-assembly
128,5a979265196918f6d376e9bca5a391a7f179ae9a,lvrcek_gnnome-assembly
129,5b43b924ccb5f80838ead26b41f296d4c48ba091,lvrcek_gnnome-assembly
130,5bf8bf76a205bccb1abb46c4c6aace0844fc3cca,lvrcek_gnnome-assembly
131,5d1603e5dd56c47c48a0ce4339a1c9c9bc1f3c84,lvrcek_gnnome-assembly
132,5e7bdfd5bf784d101df2f0be2540f4a49062d1b8,lvrcek_gnnome-assembly
133,604c98ee0546111943afbba0543f3eef794d3521,lvrcek_gnnome-assembly
134,608b5fb2c653b5ed76a93aebf28a97f9ed12736c,lvrcek_gnnome-assembly
135,60932c728b9c7d4ab275c988dbd16f37b74c10b0,lvrcek_gnnome-assembly
136,60c271753f512330e56c14747e2925a70d4151cb,lvrcek_gnnome-assembly
137,60c2fa1c8443d9e0b8e3c2c597654821d6bd77fb,lvrcek_gnnome-assembly
138,61bcc47ed38a4a92e6e503c71fb57ac5b6d5dc29,lvrcek_gnnome-assembly
139,61d2ecc4f4caa8cbeec9d80195653d9835af3047,lvrcek_gnnome-assembly
140,61e69cd390278a7b4e3c13cbf47375fe1e67aaea,lvrcek_gnnome-assembly
141,624e1b6a10390dac03c650246f49fa3cafc83773,lvrcek_gnnome-assembly
142,6280cbf4a151a29f764afdd4292673674431b88c,lvrcek_gnnome-assembly
143,63b146907b254edd4829316102fcdcf748d0e318,lvrcek_gnnome-assembly
144,64cd9a59d58f7a027fb55304ea7defc3ee30f45d,lvrcek_gnnome-assembly
145,653b921c435487d53afae3c4f5f0e4f13df2b8fe,lvrcek_gnnome-assembly
146,6638e78d3ffaf44d4f2ceabd63a42dd5ad5c69ad,lvrcek_gnnome-assembly
147,664de8c84aff2981c653ae0f3ed6513138909943,lvrcek_gnnome-assembly
148,6753ea5a363f7e35d46dcb52f10c6721eff9a81c,lvrcek_gnnome-assembly
149,67764090427fb05f53c47b01fde5cffb425c6c15,lvrcek_gnnome-assembly
150,6852bbd8ed8e0c1de9e73ccf9e8de0712de36503,lvrcek_gnnome-assembly
151,69271f6bc452bfb18dd639036b2e38e9ad652288,lvrcek_gnnome-assembly
152,696f33cc43d8819af0b095ca6da5316a98c9bba2,lvrcek_gnnome-assembly
153,69e1c2c3c78f811a67845c31a925c0ae9b8f2752,lvrcek_gnnome-assembly
154,6a34ad5333c567fc7b4f4a04c558afc7107d3a15,lvrcek_gnnome-assembly
155,6a45a7b1d61f7703f08124e37731c70cd34371ec,lvrcek_gnnome-assembly
156,6b94b3c5fd613dfc32a51550cf236be116bba60b,lvrcek_gnnome-assembly
157,6ba64345c243ed959499ba5091c50da8ceef5784,lvrcek_gnnome-assembly
158,6bbf8e80fd459185678201555014c3e67996382a,lvrcek_gnnome-assembly
159,6c015beed8ddd7051fdcb131e318b4fb5f77847a,lvrcek_gnnome-assembly
160,6c17a45e77cb5cf55902466490658f62b408f3af,lvrcek_gnnome-assembly
161,6c2c09500a7ee3838e879f2070c40d04ab922dd8,lvrcek_gnnome-assembly
162,6c59ff9c01f8fd756586494c5bafee7cd2b1ff79,lvrcek_gnnome-assembly
163,6cc439d0265b24179539b570f78f5a0050c4c057,lvrcek_gnnome-assembly
164,6d9d1418e606e620c542e62bfe618bf3497ece09,lvrcek_gnnome-assembly
165,6dc3235bf5d8619109645dc96db02541afa8d5e3,lvrcek_gnnome-assembly
166,6f1c48b0bd1ea3895af2b36efc8b94fb15508a7b,lvrcek_gnnome-assembly
167,6f69227e737232a18012a7942a75dbdbf026632a,lvrcek_gnnome-assembly
168,71159808b959564c58e3fe16f900cc3d4dbf5f15,lvrcek_gnnome-assembly
169,732de416bbd9690da0909ceef8e77df104bb97da,lvrcek_gnnome-assembly
170,74355e7920312428f58e84ce98cd3fe21b0abaf3,lvrcek_gnnome-assembly
171,7462a37bf676d60813d294a8682b8e8d72abe162,lvrcek_gnnome-assembly
172,75a5f9d9fb24297a8dd89baa02776ffbd23ef404,lvrcek_gnnome-assembly
173,7633f3d8a5185fd3b302706a7872cd6db293527a,lvrcek_gnnome-assembly
174,7679462d35986d9ddf18c833ac1d8038508fc2f0,lvrcek_gnnome-assembly
175,78bb4ccd7828c5ecb96992a5fe00ecc7f32b7742,lvrcek_gnnome-assembly
176,791869c4991fffa0df744b0b3361401496f48879,lvrcek_gnnome-assembly
177,79b846c50019e661fc46131140a83532ed4efac7,lvrcek_gnnome-assembly
178,79fbe7ddf85fefc89e433e68265a4581274969ce,lvrcek_gnnome-assembly
179,7ac773c4afcb45202febffeefc0974364d56b5c6,lvrcek_gnnome-assembly
180,7cfbc3ae671f8cded342d7a106f9ac627120c716,lvrcek_gnnome-assembly
181,7f24ef1e2e9cac8235cfffc50b7bf01ace7e4730,lvrcek_gnnome-assembly
182,80605ccd355f6e2ec55f1fa72fa6c4f837ff0622,lvrcek_gnnome-assembly
183,8088d0ebc9c35ff8ca731a2816f77d20c5f006cc,lvrcek_gnnome-assembly
184,80b2876f7c05962626335503bfdc858e170c91c9,lvrcek_gnnome-assembly
185,8190945f26b063f693b244a44b1c033fef995b98,lvrcek_gnnome-assembly
186,82493deee477104d5b4386eece5e81918308f73b,lvrcek_gnnome-assembly
187,82e070a35e3daacf521db6b9a9b14b9846fc9175,lvrcek_gnnome-assembly
188,84aa9d2ceea425f0428454824305e627a70fcbb4,lvrcek_gnnome-assembly
189,850aec33ed62ca9b256de7a5e0951d2641d9b70e,lvrcek_gnnome-assembly
190,8654ac3527479549c5a572c78eec54ede4698757,lvrcek_gnnome-assembly
191,87bff42d2a7fc7db0eb1e60b4c0570be1c75c5fa,lvrcek_gnnome-assembly
192,89991ad41adccf4e157044e17e77b91f8c3c6b6d,lvrcek_gnnome-assembly
193,8aa3894ad3e5b559823f192715a8176eae0eccae,lvrcek_gnnome-assembly
194,8adfd4193b6252245d2d9036d99ff51435310c29,lvrcek_gnnome-assembly
195,8d4542f1906efb0cc8edb081859daf12256c3258,lvrcek_gnnome-assembly
196,8d7df2790ccc794a2124e0f1c161b3b50f304cdc,lvrcek_gnnome-assembly
197,8e08e341d9eac44e06d52c34afae5c457ebca1b2,lvrcek_gnnome-assembly
198,903c89e67a52724dc2b9ed97b28d7951ceaf311d,lvrcek_gnnome-assembly
199,9128b054879cf81bb6ba859cfd23eb59a44ea891,lvrcek_gnnome-assembly
200,929c23a3d55080244dba894b395b7d9da76752bf,lvrcek_gnnome-assembly
201,935a361b75c057eead9918ba9dc0b854aeda399a,lvrcek_gnnome-assembly
202,94276a88738bb2e5a4ad109fa685ebf415ba8eb2,lvrcek_gnnome-assembly
203,948a535314ec45f8153ddc12f4a6ceb9e64740a8,lvrcek_gnnome-assembly
204,94aefe8080f3c24f4064b97c50f8fff0e5e31760,lvrcek_gnnome-assembly
205,95e4e8ae84758bfd2f969c1a82f866895358d7fb,lvrcek_gnnome-assembly
206,95e927aad55f5c415c08e8b1883f10c287235bcf,lvrcek_gnnome-assembly
207,96a68119f6aa67a3f308336fb6cf8a5d2bed7b62,lvrcek_gnnome-assembly
208,96fe87c9079d3f2e5f7f509fc2fbca4c06dc64c1,lvrcek_gnnome-assembly
209,971668f8c78886338b409b975eb01c5fe3832973,lvrcek_gnnome-assembly
210,97dc84ddba186e6fb6d0af82dde0b1b476326b11,lvrcek_gnnome-assembly
211,98e010dcc7e8596f1b1686d7c06e673a1e04df6c,lvrcek_gnnome-assembly
212,99550c958a5f4460f1ed2af7db1f09b32a00a6f1,lvrcek_gnnome-assembly
213,99c539702419d8a4604fa4411b50bea41128bc77,lvrcek_gnnome-assembly
214,9adfc31bad697b480678a09a998e741db4b18e7f,lvrcek_gnnome-assembly
215,9bff541e224ead634925a1b956cab9b287c2ec71,lvrcek_gnnome-assembly
216,9cac4203190678d10df52b12288aac0540fbde1c,lvrcek_gnnome-assembly
217,9d8b69a661c7e2d9b632fd60f3135346226c71cc,lvrcek_gnnome-assembly
218,9df87376ffef4a1e6a0ce5cd92a6489ac85ea266,lvrcek_gnnome-assembly
219,9e411cb7ef713db84690ae6eb9c97fa97094888f,lvrcek_gnnome-assembly
220,9f98f0d3afbfa924727fa8598e2ce06fc8ba0eb8,lvrcek_gnnome-assembly
221,9fed0b849bc455008065a0f7e286ea99641a0629,lvrcek_gnnome-assembly
222,a01ca8fc796fca2654800e6fae0bb5663bad04e8,lvrcek_gnnome-assembly
223,a0434104a812647e3562dc4cb05e3717577c55fd,lvrcek_gnnome-assembly
224,a166f73f2445f22803c3ea2cf7ffb68018490253,lvrcek_gnnome-assembly
225,a19a30a1086bf77d0aab593ee8832f669517ca39,lvrcek_gnnome-assembly
226,a1fe18342812e3b0402dc3dab6efaa9d47f98a4f,lvrcek_gnnome-assembly
227,a23114a74d1750711dcc4ebf055123ac92942d47,lvrcek_gnnome-assembly
228,a30b85ee925cc240f9996d1b0209d06485f149b9,lvrcek_gnnome-assembly
229,a3186842de5fe7d736eb25bb0cafaba74e224fcb,lvrcek_gnnome-assembly
230,a332c65a263fceb984c7ff4fd7ecc016993b00a3,lvrcek_gnnome-assembly
231,a3b937a8f588ea34f4b591b68ae92ba7f1420cd6,lvrcek_gnnome-assembly
232,a51c614654dfca628ef5d9e5ffd45f022c57e877,lvrcek_gnnome-assembly
233,a56d7067d74b9ca5c1a91ecef9d50b93bd2a184d,lvrcek_gnnome-assembly
234,a8320721098fdef19daa68a9116d8766d2f64bd5,lvrcek_gnnome-assembly
235,a89962d923acbd8c8c5cb3f6c7d089d5f93323ff,lvrcek_gnnome-assembly
236,a97076380332a20c6f74502eeb72e94cb95ca127,lvrcek_gnnome-assembly
237,aaad8a260ffcc39290439c66f0bba5002846510d,lvrcek_gnnome-assembly
238,ac91c968fcb791ff951e91efb920f64b02d070f2,lvrcek_gnnome-assembly
239,acfcceb8a49051f206629d9f585890e87cf95307,lvrcek_gnnome-assembly
240,ad4c3d1f98dc8a394ca4782920caa27768fb76ff,lvrcek_gnnome-assembly
241,ade0f6e6fda6fb6dfc8bf9d95cf8a41ea3dc5af6,lvrcek_gnnome-assembly
242,ae283e1bb585044596b422f11aa2e0e4a48e954f,lvrcek_gnnome-assembly
243,ae482563f8123a591a976726143b67864597094b,lvrcek_gnnome-assembly
244,af0eb21c9c1d2ad66f636fac97ec09337ef6f5a7,lvrcek_gnnome-assembly
245,af305f781d180e73bb252566006332b06729cb7f,lvrcek_gnnome-assembly
246,b06a5ec7d85bcf81f46e6f64385daa1559fb21a6,lvrcek_gnnome-assembly
247,b0e86ea349dd08755c9a732e80f58b08ff6aeb8c,lvrcek_gnnome-assembly
248,b1dc05fe1a9e94affe1ed465a45d8ace7f621c68,lvrcek_gnnome-assembly
249,b250d7e904b893f30e42720bbd44348ade1d4078,lvrcek_gnnome-assembly
250,b49e5bd4b1a9bb27cd54318a213f6acda6f46e0f,lvrcek_gnnome-assembly
251,b4b595d4382549be74298ddff82d60a855c3871b,lvrcek_gnnome-assembly
252,b554f13bf4858b17bb0b1d64075b2e87ffabc646,lvrcek_gnnome-assembly
253,b565d35ef691c66cf94fd2cb7f465da8d8edbbbb,lvrcek_gnnome-assembly
254,b59bff5eeb47ffb4fb6874c33d39db45ea2d7479,lvrcek_gnnome-assembly
255,b66893af84a140da602b515c49c3efbe8cf23007,lvrcek_gnnome-assembly
256,b9156dda661b83c7552862e82df429d5b22d4e7f,lvrcek_gnnome-assembly
257,b93c3c685195bc8b55b133e8cf1a7ac039f1de80,lvrcek_gnnome-assembly
258,b95a4d55862115616aa2a8c7e0c81e6e0c42cd01,lvrcek_gnnome-assembly
259,ba7391bedeff949910fe8a15cf49ca99226a79f7,lvrcek_gnnome-assembly
260,babd42e21c8da99a2ed000534397b05f05afcba1,lvrcek_gnnome-assembly
261,bac10ececabe83572842e5c1387e43d83611be7b,lvrcek_gnnome-assembly
262,bd43c91183e37422f7032b9e09ec2e2c3e931d0e,lvrcek_gnnome-assembly
263,bd78d4efdba05c36df700491f561dfe9543309e4,lvrcek_gnnome-assembly
264,bef7bae41b0088546e879326d82ee33b8c002d2a,lvrcek_gnnome-assembly
265,bf212cdeca4b46ecff55fba2f8ca94cb56b0c9fb,lvrcek_gnnome-assembly
266,bf81a86e6e9de25dae3381a1817a298210d255fc,lvrcek_gnnome-assembly
267,bfb71b7067f3ef7dc19b509c32183a9179292ffe,lvrcek_gnnome-assembly
268,c04b48fe987ec6667a713997fad013e7c05e62a2,lvrcek_gnnome-assembly
269,c11f3177e4f52f5cb084742f0a6a637aadf5e194,lvrcek_gnnome-assembly
270,c131c224da72e20eae1605ee323cb5c9accfee4e,lvrcek_gnnome-assembly
271,c1ac6ebcf0883eddf2bcf493a9f80f1c1d54ad54,lvrcek_gnnome-assembly
272,c1b97af341cd4d818f92c79ba91b78b47876ae9a,lvrcek_gnnome-assembly
273,c308a6a70c3dcfcb17c463f990f401b5f820ef4b,lvrcek_gnnome-assembly
274,c3a3333a23611753f056f770566e46f49a70e43f,lvrcek_gnnome-assembly
275,c3aaca5709be8a0e19c5d5a57a79949bc6a7f999,lvrcek_gnnome-assembly
276,c444f87933828304843efc154a472d09cbfb64c9,lvrcek_gnnome-assembly
277,c4b5d5336feecf349a4b9e58242df8fe0a1b6374,lvrcek_gnnome-assembly
278,c63c38d6549b292f1d763d55421a3b59263fc09e,lvrcek_gnnome-assembly
279,c68dacdcf82c645f7e63c7cbe2b3142cf70c7820,lvrcek_gnnome-assembly
280,c6f431336c2675ab43fa44656da87eefa9266d0b,lvrcek_gnnome-assembly
281,c7822afdd20c9b977bc5ceb88774fc72a3f16157,lvrcek_gnnome-assembly
282,c845f1019c805ec8f42323444d100bbbbfc96468,lvrcek_gnnome-assembly
283,c8e6a6d0b528741fb3d21d9ea1ba97f227518767,lvrcek_gnnome-assembly
284,c90ed3b52d28d64600c3753f0555b8f719101ae6,lvrcek_gnnome-assembly
285,c9a83de837dcb47c785579de2d0dcbde381ffbec,lvrcek_gnnome-assembly
286,c9bd23583ad8ca7228e667020f9ab8435713fbe1,lvrcek_gnnome-assembly
287,c9d6f2882e53c45468739e1ea595021dd766693d,lvrcek_gnnome-assembly
288,ca1b531a82bdf0fa2f399e76f723fc6033b81de3,lvrcek_gnnome-assembly
289,ca91e228fee3883013a4edf6353e73208beae737,lvrcek_gnnome-assembly
290,cae5221598c296fd51f9b3b69cc7d0edffb16bf7,lvrcek_gnnome-assembly
291,cbccf761faa19a56fbab8992a6dc495e030027de,lvrcek_gnnome-assembly
292,cc19608549ae4273a4080adf73f115a7decfb927,lvrcek_gnnome-assembly
293,cc6fb2957cd8dc27d97f317b9a728025d040d874,lvrcek_gnnome-assembly
294,ccccf6b97c65bb35d268364b060b4e6bb091b65a,lvrcek_gnnome-assembly
295,cd9d16d6009ec97eab1ff3c54a84363447e0734c,lvrcek_gnnome-assembly
296,cdcd1232f52173c0b881dd2c641a07b8b803f415,lvrcek_gnnome-assembly
297,ceae274b3b83a61c82229665d5a5ab75b788b34e,lvrcek_gnnome-assembly
298,cf91fa630efc5a98657a45334466296d5a6adb88,lvrcek_gnnome-assembly
299,d0b00b37d6088f669e13f56097733971ffd45e1d,lvrcek_gnnome-assembly
300,d197cd1b634ee75b9a1098a5bb5356cff7dd32ca,lvrcek_gnnome-assembly
301,d1adf825104b5e64e43d72db20101f556338824c,lvrcek_gnnome-assembly
302,d2a2c1781ec9e751573233c5f9e282c7a7bc12d0,lvrcek_gnnome-assembly
303,d2b388c93250022d0ae7b685f8040e3d2c54178e,lvrcek_gnnome-assembly
304,d411e529f17a65653ecc9fb81c975f146837fdbe,lvrcek_gnnome-assembly
305,d44e72c8acc1ebdf5a6d5ea9c28945fa9258328e,lvrcek_gnnome-assembly
306,d4be2b5ae597d642997184a6a24c5ce63b698982,lvrcek_gnnome-assembly
307,d5709380175d11a9a3147a4a71f61d55ad452f10,lvrcek_gnnome-assembly
308,d57d15b98bd6ff691c6b4afc3de1f01f361504da,lvrcek_gnnome-assembly
309,d606fd65432d3d3bf5f00903731f4151f1b9742a,lvrcek_gnnome-assembly
310,d7b670bbbe7a46cfaa0d907e53d5074cde0063fc,lvrcek_gnnome-assembly
311,d8012b40b85e5dfcdd174461d53f758bac5278dd,lvrcek_gnnome-assembly
312,d89814e2f81d8701b626d48909861736aeb94fc3,lvrcek_gnnome-assembly
313,d8b6be465824da2bd1c6997dc9ab69da6e0c2e9f,lvrcek_gnnome-assembly
314,d8e4a53b50b0feb8a1d5858ea201f88e68e87c7d,lvrcek_gnnome-assembly
315,d9ef6070d72246862d9f3962d2732d1b58bc8522,lvrcek_gnnome-assembly
316,da340fd45ce92d56fe776abbb4ab42c027f8a4ab,lvrcek_gnnome-assembly
317,da6caa54862e8214d26af7295cb89db178d74c80,lvrcek_gnnome-assembly
318,dabed1c57e241dea045c4a9b0d1fc6d152662620,lvrcek_gnnome-assembly
319,dba6ca12da460da1738035ae1ae01985b0958718,lvrcek_gnnome-assembly
320,dcd0da09ba928d9a0ff0e9bea2c861208134a345,lvrcek_gnnome-assembly
321,ddc80b64c8a2a168309b2a142450154a702ddd89,lvrcek_gnnome-assembly
322,df89bbba8540acd4286a699298cbe717e00ab8a8,lvrcek_gnnome-assembly
323,e049cbcb95e9f9d9f30ba96eac7466ef315d059e,lvrcek_gnnome-assembly
324,e07114b33f4f9111469f42d373e21170324f9fd9,lvrcek_gnnome-assembly
325,e1191e7bb9900a09ef2983c12ac74aa37c544bdc,lvrcek_gnnome-assembly
326,e1a2ab028eb021f6d7798370efe47654b96262bb,lvrcek_gnnome-assembly
327,e1d122311f74340c52af6cfc02887800a69165db,lvrcek_gnnome-assembly
328,e2eda936899c22f10583f1edfcf82f3b94d6417c,lvrcek_gnnome-assembly
329,e36926bf2f44d951aa85d49979ef8a9767a20db9,lvrcek_gnnome-assembly
330,e419e015e7b8e7e6c14a3d2bc871de7ddaf8e9c5,lvrcek_gnnome-assembly
331,e4891166ec55433b1f58e249bc418ea50a913b5e,lvrcek_gnnome-assembly
332,e4b8373848a2b7ba865f88c511222e4b3ae196b2,lvrcek_gnnome-assembly
333,e5b7b101bda28ef2a4ce4ec95eb3b0461d2d51ad,lvrcek_gnnome-assembly
334,e628402eb27cd0bf6c2481ec5ac8626fc7be33df,lvrcek_gnnome-assembly
335,e686a3a42559fb619e03d756b58a54144dcae8c2,lvrcek_gnnome-assembly
336,e782433aed90a5b603cbf274161837cf2b28d6a5,lvrcek_gnnome-assembly
337,e835075ef6b03e843b16aefd00ca2ea5f96de66d,lvrcek_gnnome-assembly
338,eab50989027ebe138f84f5f4333ba9dd7271484c,lvrcek_gnnome-assembly
339,eb00f5c95dce6c36d0be2bc062b7b6e2fc6750a4,lvrcek_gnnome-assembly
340,eb1bbfa985b10ebddd5f0a64d0e716ace9ebde4d,lvrcek_gnnome-assembly
341,eb44fbc37e04e07d529426f64a2f3f0e3f9528ba,lvrcek_gnnome-assembly
342,eb87cff5fffd9ff431e79f293677ba12a1f12ccb,lvrcek_gnnome-assembly
343,ebd4bc69681e519fb4ffe5defa166325d9aa7a3b,lvrcek_gnnome-assembly
344,ebf2552e11b5f032d5abc330ee26e4d36704e3fc,lvrcek_gnnome-assembly
345,ecac6ee358b512c174cdf18e789ae9ea329af937,lvrcek_gnnome-assembly
346,ee487c9191e85c9ed6308929cde8e7e51dd59a2e,lvrcek_gnnome-assembly
347,ee85802434df30d818c9264d233a41d2f03955e1,lvrcek_gnnome-assembly
348,efe1c0851c2d4aeffe86ffd55913dd03a28676f9,lvrcek_gnnome-assembly
349,f082688e9ef299bf349c88852fa0bba1834ea47e,lvrcek_gnnome-assembly
350,f1212255b68735cd8e71a49ab0f6decad0ec121c,lvrcek_gnnome-assembly
351,f1643d55d03f1d9ccad90cda679aeb94ce976d54,lvrcek_gnnome-assembly
352,f179b91a9ce66a63d3c71f80ba8517892f713223,lvrcek_gnnome-assembly
353,f186212b8a0a358b4b8d1e81d5474e9977c614ca,lvrcek_gnnome-assembly
354,f195788ed0447fa745213c524b29af6c991289b6,lvrcek_gnnome-assembly
355,f352d422bbf0ff304c7d737f0dd67b1914100d0a,lvrcek_gnnome-assembly
356,f3db930b6d0769628201a78557700a3b843649b0,lvrcek_gnnome-assembly
357,f5be606cb0a830e2b1317e4adbf1e26842acab14,lvrcek_gnnome-assembly
358,f5fa8c82df5d540b0dd50a1ffe695e82b007b844,lvrcek_gnnome-assembly
359,f65855a3747618888614b51a2ac47bbbc13869fd,lvrcek_gnnome-assembly
360,f6bd15ccf4d2f91a7057538a1d31369fa52b86ff,lvrcek_gnnome-assembly
361,f8c89d26d97d74a0276d41f0e60ce44948ae5cb5,lvrcek_gnnome-assembly
362,f936a94afa032d2ca73a9b88bb8fcd895c3e8d04,lvrcek_gnnome-assembly
363,fa24006e6bb470a96cd31c97c2e63b4494a22bfa,lvrcek_gnnome-assembly
364,fb0be98f000282494b90961e097c26b1116a9d66,lvrcek_gnnome-assembly
365,fb99a388b8a59c97dc1052e848a7a6c9a866eb4c,lvrcek_gnnome-assembly
366,fba6058b3a911313573d9891909bdf0fb0f0b442,lvrcek_gnnome-assembly
367,fbe4946382d555e0f069b72ba40793f20be72b8b,lvrcek_gnnome-assembly
368,fc42e9e88e467fc6bc9c399027d4258b19c7eb52,lvrcek_gnnome-assembly
369,fd23d5a046c571676e3017ace4c6a0c6a41ec45e,lvrcek_gnnome-assembly
370,fd55511f67e624a468ff8d09007972f6ccbb0865,lvrcek_gnnome-assembly
371,fe3e9985265983721142baea6ec73269dadf52d3,lvrcek_gnnome-assembly
372,fe5b69498aa8e5911e0af4afd0bc36c7ea1eaba9,lvrcek_gnnome-assembly
373,fe811a17049fd70f5353284bcdda4fddabfd473a,lvrcek_gnnome-assembly
374,fea76c53ddcd1afa8907f39ff5802a973d296846,lvrcek_gnnome-assembly
375,feb88dc906d02eabf67d582507b9dde2d6bd98b2,lvrcek_gnnome-assembly
376,ff8af58fcd987ac9e9851d283300fa5982705b5a,lvrcek_gnnome-assembly
0,00744ccb3c745be49d6b8a095fd730faabebbd48,josiahcarlson_redis-in-action
1,01b37bc8456e7f3a3fd64ca2e726565e01f89a7e,josiahcarlson_redis-in-action
2,01b5875820d3bbfcd1e1d64c30044a45cd7b9f55,josiahcarlson_redis-in-action
3,0494bdd93119d45c210f94d252b428e986e96bf9,josiahcarlson_redis-in-action
4,06ea2d88a1688b727cea4bd202da57d27a127091,josiahcarlson_redis-in-action
5,0891ccc68d1fb9be15ad9bc481b3fe90cc21ec45,josiahcarlson_redis-in-action
6,092a7c662928487bad7e349709f9557db7533190,josiahcarlson_redis-in-action
7,098ba9422b03028472e944a67e81b78e4c01703c,josiahcarlson_redis-in-action
8,09ebac444558622a73eb41d4a89a2137c237876e,josiahcarlson_redis-in-action
9,0a65e1b510b36051e8d95ce63527ca12f7a354f7,josiahcarlson_redis-in-action
10,0a7b5eea204b432b915aebc00ada3b5631fe24e1,josiahcarlson_redis-in-action
11,0b1d75a7fd4826a43257707610e90f129d3eefda,josiahcarlson_redis-in-action
12,0c245d93da99565885076513ea29ab8e5b34928a,josiahcarlson_redis-in-action
13,0c8426c1b0419b8d9d3bdea48718fd7599746b07,josiahcarlson_redis-in-action
14,0f263a62ced9050382edac8d55d3f63d0332390d,josiahcarlson_redis-in-action
15,10e251d6fca15cf8e22c51958ae1887e1e905824,josiahcarlson_redis-in-action
16,12bf83ad42d80657649b8ff1d67a07a8db8536b0,josiahcarlson_redis-in-action
17,138e579db7096ea9b5decf4174f077f034cddba3,josiahcarlson_redis-in-action
18,13c2ea3a2a9af1eacc9604d304de5d01ac7778b3,josiahcarlson_redis-in-action
19,1514f87a4fdd8b4dcb1824ba5f8333d6068dffd1,josiahcarlson_redis-in-action
20,1642dd760f787321a8ef594e33a0a7bf90ffb418,josiahcarlson_redis-in-action
21,170123f5379d4d144ad1cd7f5c9b2a13da8d01f9,josiahcarlson_redis-in-action
22,170b41b5625fd232e4d3c8b16ded6b0535ed39d1,josiahcarlson_redis-in-action
23,177050b0e4de4303972f5b06a3a481efd15b21e8,josiahcarlson_redis-in-action
24,18158fc9bf4509a0a401165732e75a943cf98df4,josiahcarlson_redis-in-action
25,1836d18aa72be2ad423176ab4fec3234b1c52851,josiahcarlson_redis-in-action
26,187b184d4995684a77591788530b376d0c70f361,josiahcarlson_redis-in-action
27,18f80fffe483f2b0476eab0878848cb0629b4cc8,josiahcarlson_redis-in-action
28,19fd8ad0308398773e365668ca7237d69484faef,josiahcarlson_redis-in-action
29,1ab55e3f778d6cb7234851db42db9522f2181ea4,josiahcarlson_redis-in-action
30,1c6d15c3e6c147388d563beeb481bd0a06b4b971,josiahcarlson_redis-in-action
31,1d0de28af560f818e08ad25d821f17703d993df5,josiahcarlson_redis-in-action
32,1d1e4e3aa221eeb5b85d23df5eac931a7f75b277,josiahcarlson_redis-in-action
33,1d20eb1b573c64f3c4900ad78cdafba5932203ff,josiahcarlson_redis-in-action
34,1f9af9493b0dad758fd7ff807ef20dbabcf550e3,josiahcarlson_redis-in-action
35,1fae5c4105a6cef2158868af6d56be96b8a4bb52,josiahcarlson_redis-in-action
36,2224d702a6f531749dd4fe2d88ba3e041134566b,josiahcarlson_redis-in-action
37,22ba6824bc944ef72a79b6e47c0a8d60a8ce3905,josiahcarlson_redis-in-action
38,231d43a176fa3ab8e1a521df5a4fd120cbf88cec,josiahcarlson_redis-in-action
39,249f0e3624c71867fc836a1fcfe102e09de016cd,josiahcarlson_redis-in-action
40,26fa63f1ccf404d72bce1e5bf0dc773e96f5465f,josiahcarlson_redis-in-action
41,2753fc0d72cc46baab443e2c326cc64256574ba8,josiahcarlson_redis-in-action
42,2760aec499812eda183d8fb1ae9bc5dac95eab1e,josiahcarlson_redis-in-action
43,284b72f19cf28f422c121093cc3ec558eb07d002,josiahcarlson_redis-in-action
44,2955f1650c46455c8131860c8104512a4412a655,josiahcarlson_redis-in-action
45,299624a70745267d538ccaac48141e50f407dbbe,josiahcarlson_redis-in-action
46,29a1a2f0d35dad250e91f78f7d2ff0e1f439f5b9,josiahcarlson_redis-in-action
47,29a3f23aa511bc76756694db879dca112fcf6dc3,josiahcarlson_redis-in-action
48,2a5411e00c9ce7c3bd99519c68b436adbc32cf94,josiahcarlson_redis-in-action
49,2a73cd162074e216ed70aa129bf84c54fb965af1,josiahcarlson_redis-in-action
50,2a97584c31c84523b03c0c7b089a5b6c9d9ee542,josiahcarlson_redis-in-action
51,2abe1fe0f873ff12f227d1201a8bd32e0af12da4,josiahcarlson_redis-in-action
52,2b1b9447806c639a3c48a9020a66a5b9add96a96,josiahcarlson_redis-in-action
53,2bb00e398869c80665eff296254c3dd244151fc8,josiahcarlson_redis-in-action
54,2ce05a0259ee1a9c9a539208b3c7263392ee8cd4,josiahcarlson_redis-in-action
55,2e8d0a16a17d1eb5e6bbb8a346d2c47f5e81c7cd,josiahcarlson_redis-in-action
56,2f32289bc5b69f637ca02cefd723a7a416a012f8,josiahcarlson_redis-in-action
57,2f4e220b71224dd37d7ff01cddbe1473f90cf73b,josiahcarlson_redis-in-action
58,3083eac924365fa62a2db6f0f76c743211b70e3e,josiahcarlson_redis-in-action
59,31230daa83215909c0ae9ae60e2849abd8cc8ae5,josiahcarlson_redis-in-action
60,313d5491252f77007878a4aade4b7a168f84ff11,josiahcarlson_redis-in-action
61,31fed8b4570268bf0e3229bff2eec7126edcb2f7,josiahcarlson_redis-in-action
62,323f23fe9df5d187e4d70a72fe50cbc562cac241,josiahcarlson_redis-in-action
63,3273ef3ff0ce7b0a0a965de3da089d37bb5803db,josiahcarlson_redis-in-action
64,3361baff340c58757a8838d67d18a97805cb0677,josiahcarlson_redis-in-action
65,33c13dd302fac6833aab3a6ab4f3cdf46a2c6722,josiahcarlson_redis-in-action
66,34510de08cbc9bc1f7d4ca2665e8f54f00ba44d4,josiahcarlson_redis-in-action
67,359dd314357278cc3e91adf952055fd4f371a149,josiahcarlson_redis-in-action
68,3670f536e0206d5b18715e29463a8ab23c582c38,josiahcarlson_redis-in-action
69,368bf01aa5ffa5a3130a4f33d264ac87650a8bdb,josiahcarlson_redis-in-action
70,390990907b82b27ae5f35323e748d8d40b8b3560,josiahcarlson_redis-in-action
71,392b5b82ccb4f296edd19124abb7f87546696067,josiahcarlson_redis-in-action
72,3aa156e1a33d709801d23095b8723857e5bad212,josiahcarlson_redis-in-action
73,3bc29129a18014f5db4918903b2896cc4b258da3,josiahcarlson_redis-in-action
74,3c86b2e6140708d32a2ea58103d408e33a108fe0,josiahcarlson_redis-in-action
75,3d3df566f8acb519d339be1921e82963a711f0ad,josiahcarlson_redis-in-action
76,3e09a02140a41cdf046bda448be9251c35c0b17f,josiahcarlson_redis-in-action
77,3e4b89ad793c7dcb6ba3b8a073eb3851a953f81d,josiahcarlson_redis-in-action
78,3e9b995068de4a3c433cdcbaa50877b996658000,josiahcarlson_redis-in-action
79,3ef7e3c671f3e13bab024908ad974628cce2434c,josiahcarlson_redis-in-action
80,40c1ed206834811be5bf1ad11edcff78ac156a0e,josiahcarlson_redis-in-action
81,40d14a66d7c644b4837e389d809604d286d875ee,josiahcarlson_redis-in-action
82,415ef81fac1d65794bf54549ef36a0cde2dba550,josiahcarlson_redis-in-action
83,42059bf5dcf437f8d928c44296505116b91bc530,josiahcarlson_redis-in-action
84,427f5b6d80a6b23ae1fb2e8218852ad6b392ccfc,josiahcarlson_redis-in-action
85,44805186d2f5c34a1bf27c8458fbf87955198f56,josiahcarlson_redis-in-action
86,44c5f8012a48e491d260dbab410bf94fa45b6953,josiahcarlson_redis-in-action
87,45dfe302fda521594b69e289fda897b6fd23f2bc,josiahcarlson_redis-in-action
88,46b54325079ff6110854eb6c7eec9908d913168c,josiahcarlson_redis-in-action
89,46fe9244911ae0ec662d910b4807b9e040a10593,josiahcarlson_redis-in-action
90,4729d5c1c6c20794802ca24b40d904642124ac95,josiahcarlson_redis-in-action
91,47b833eea0a4d7c546af733dd32d31189ad91d93,josiahcarlson_redis-in-action
92,48dda030af1aefdaec03f99cd89ce96397985543,josiahcarlson_redis-in-action
93,49205a6ebc73ad2c0038a6af8064188abb3a4064,josiahcarlson_redis-in-action
94,49ec0543b3799d863d13d90946f8e4fcb362c641,josiahcarlson_redis-in-action
95,4a64d805df87751fec7c6910bf00641de36c073e,josiahcarlson_redis-in-action
96,4b40bd25606e0c2edc72f57bb9f8dcae16c87874,josiahcarlson_redis-in-action
97,4dd206ec4e0c76c8940a07d871174d8a831eeb31,josiahcarlson_redis-in-action
98,4e15061354a86fe672061237e95c3bd3245141a1,josiahcarlson_redis-in-action
99,4e5e03d325669ea98e4220b256689860998dc862,josiahcarlson_redis-in-action
100,4f26c6aef472312acc1f38d4754e3d8dcd42e0d0,josiahcarlson_redis-in-action
101,4f3214dbca5a7d345fefdfb1a8e91edfbc7b4194,josiahcarlson_redis-in-action
102,505dfe73e6d07397d7d21e8bc34de58acaea94ca,josiahcarlson_redis-in-action
103,50677584a71bed1d17645e5c976bfbdaeb946119,josiahcarlson_redis-in-action
104,51090044fcf7cf943a76001deea73a9fb10d67ab,josiahcarlson_redis-in-action
105,519d1b667aaa6acd8dd071065506401d8dd41ad0,josiahcarlson_redis-in-action
106,51eb47a355130e9ef2156e4809c1be010e66d0e6,josiahcarlson_redis-in-action
107,51faee37fdd1381e447c32ff4e0fc27926e7b7b6,josiahcarlson_redis-in-action
108,523baec694d3dfa94f3901f8cd396d3a806a5f58,josiahcarlson_redis-in-action
109,52736207735d59ab5dfb4dde023facd092ad7896,josiahcarlson_redis-in-action
110,53241f981dc812cb071393e54ae4de81d51244c1,josiahcarlson_redis-in-action
111,5440e7b6ce452cd1711cf1a8f7316ea0db8b602c,josiahcarlson_redis-in-action
112,54b5f4dd694d15c2f7b16b08c9edc44cec04a9d3,josiahcarlson_redis-in-action
113,5539aaa78a38b88a5f41375a4d945103cab8f8ed,josiahcarlson_redis-in-action
114,557c4a2dec09a0885f414fb89b7ee6889c49334f,josiahcarlson_redis-in-action
115,56e23bc53baa1c18a5953d6e04ba3f93e6eda65b,josiahcarlson_redis-in-action
116,580c545437b9f8a75a3806653ccdff179168f0a8,josiahcarlson_redis-in-action
117,5a419134ae8c228738b8cc7a1bc5b88554f2bcf8,josiahcarlson_redis-in-action
118,5ae20bd8e5c56c99dd40b18b9e9228410d30b7b9,josiahcarlson_redis-in-action
119,5b8252c00a86155a53a9ae8df78cf587a5a428e8,josiahcarlson_redis-in-action
120,5e7e431080f8de359fd9614ff0771373916ee257,josiahcarlson_redis-in-action
121,5efd9afcc395b8845acf6db4b07e4e703d1485fb,josiahcarlson_redis-in-action
122,608fd79dfb85c366cef512a7b71f794b606a4fb8,josiahcarlson_redis-in-action
123,64aab6a276e1f188c0538e757546a4f7312ba63a,josiahcarlson_redis-in-action
124,657b763baefcd67338ac78cd39bb118c0e67056e,josiahcarlson_redis-in-action
125,65bd47d511ced3735993572504c8ed11a618976e,josiahcarlson_redis-in-action
126,6624961d67436d5d7cb0002348982f1759807551,josiahcarlson_redis-in-action
127,666e88d237a613233541fdf0a44419ee652b5699,josiahcarlson_redis-in-action
128,66e3654d4082e83265de2c47e407e83c6c8e30b3,josiahcarlson_redis-in-action
129,672326dc75edf2b66cc798fc4335adc6948317e5,josiahcarlson_redis-in-action
130,691bebefa6bd19d6385158c58a2daff4029e1c43,josiahcarlson_redis-in-action
131,69557ab40713df85171f7d69432dd5dcabc9ee04,josiahcarlson_redis-in-action
132,695876e40758891d1c4a5c7da89c36c32206ccf4,josiahcarlson_redis-in-action
133,6c07e644ff94321f58b87c2d5d9080be9b2703c2,josiahcarlson_redis-in-action
134,6c7badec1505934bbe2dabb37aabb342d9e21972,josiahcarlson_redis-in-action
135,6cd4d62efb69597a5afbbc4dc59e35f67bfb983f,josiahcarlson_redis-in-action
136,6dce278db99425dc03df6315d3da49a3adef69b0,josiahcarlson_redis-in-action
137,6e90879febd7f0adc67c15d1d3930bcebd93bb35,josiahcarlson_redis-in-action
138,703ed40d26dfd2b62f69cd990994c7fc9f1dff62,josiahcarlson_redis-in-action
139,70af9302e7a5a4c1a19b0928e34b504b87bc3d87,josiahcarlson_redis-in-action
140,70f63b56462a9bf9147b2e5e974521b6fb2eea3d,josiahcarlson_redis-in-action
141,72091d9a5a0b9b7160dff91d9be06f5b759a8e28,josiahcarlson_redis-in-action
142,7248d00fff7842624d982e725c6954aad14acc9a,josiahcarlson_redis-in-action
143,72854692b4af5a753670ce0b0c973d43d9376797,josiahcarlson_redis-in-action
144,7388e3982502f60770c0c96f348896670cefa4c7,josiahcarlson_redis-in-action
145,73ef69b54ab245d724919bc9e518f131acaf7423,josiahcarlson_redis-in-action
146,74ea90aca5b1e29e9c13279d8b8b5e90ae6e602a,josiahcarlson_redis-in-action
147,7970108f7edd340d0b9fa19e79debf44e97ddc1f,josiahcarlson_redis-in-action
148,79e4e4817e0d962829fd13405b7129771b36b8b6,josiahcarlson_redis-in-action
149,7ab181897a797c295c766f04d4a18760bdc9fc8b,josiahcarlson_redis-in-action
150,7bb1fcb847e83793ef79b6ae5c25ec68675f6084,josiahcarlson_redis-in-action
151,7bdac153be68b441556c11fdda7eaa43c7896154,josiahcarlson_redis-in-action
152,7c99e0fffa065b2691364554db2831a254685631,josiahcarlson_redis-in-action
153,7d527c51d1c6d1b525c8b7f386c3051ccb051f58,josiahcarlson_redis-in-action
154,7ddafe6588f757898b68c259867e0ccd7f50badc,josiahcarlson_redis-in-action
155,7e3d8403f0464adce6745a990e1afe2b98711fe9,josiahcarlson_redis-in-action
156,7f4909cc058a580f04f512f33ff9ad4f055ea236,josiahcarlson_redis-in-action
157,80adbc1992323a914f709fac0e7becbeb6d926ca,josiahcarlson_redis-in-action
158,81a3a52de58deb8ec42212561b1dda988b109f93,josiahcarlson_redis-in-action
159,82bb98ae7c4b02dbb08b1ebb045df14fa40d6e52,josiahcarlson_redis-in-action
160,839270105a93b3b0d7f75a7cb235e3d9eeaf1eb0,josiahcarlson_redis-in-action
161,842de0d81f47c6b7e1e81dcb95cbae702cca6e0d,josiahcarlson_redis-in-action
162,84e64e1b70dbad52b386a7df1c8c06b335871a6a,josiahcarlson_redis-in-action
163,852b723dab98ba3e7a4947d8e1b2ebf893b2d299,josiahcarlson_redis-in-action
164,87d7df1487c1892926abd16de5d428b8b89b1afa,josiahcarlson_redis-in-action
165,885eaa9b4e6b76beffacee62148ba329eee4b9c0,josiahcarlson_redis-in-action
166,887a529a34a8c3e252ad1c2222c89e526e7bbcf0,josiahcarlson_redis-in-action
167,896a72c90c76997034d26f07a1551935c268c43c,josiahcarlson_redis-in-action
168,8a0a356a1d8b90c3b07a601c2656343117c37582,josiahcarlson_redis-in-action
169,8a6a4180f4b4dde2ec3d7082ce9a4adf70101df6,josiahcarlson_redis-in-action
170,8ac6c2cc96499cd510c5c6a292e433d550322338,josiahcarlson_redis-in-action
171,8c276d3a95ab2f6aa23d75bfbaa5e9f14540bbc8,josiahcarlson_redis-in-action
172,8e21ffdf9bad0d94650369e6d81f4225f4da905f,josiahcarlson_redis-in-action
173,8f9b0490288fa3c4702a64538f01489247b676c6,josiahcarlson_redis-in-action
174,90ef2c3cfaca5a9cf5e29acf23f562d5821d77ad,josiahcarlson_redis-in-action
175,912c1e2c07bbc2dadb158c12446783768a49d80d,josiahcarlson_redis-in-action
176,91342906d2fb478ca709d1fe33ac78621c9509a1,josiahcarlson_redis-in-action
177,9156ad6ee8e4a7f53980ad45c49e877083ecbe27,josiahcarlson_redis-in-action
178,91acb217f01f845db9fd48b1fc10e85d52114a52,josiahcarlson_redis-in-action
179,91c11f2598bd822ccf3d368ef693cbef5e8faacc,josiahcarlson_redis-in-action
180,922a350df4e49b89524c53f3d2ad4d2985bc906e,josiahcarlson_redis-in-action
181,92423eb0a2f5dec99f58665653ff0c657214fd12,josiahcarlson_redis-in-action
182,96e1be856359c6bbcc7c101b0c4d18cbd1712d0f,josiahcarlson_redis-in-action
183,970fce788b4a08d219e6233940838eb30d6e54cc,josiahcarlson_redis-in-action
184,975ab7b5014707a17686e2bd7bdbb650b518e7c1,josiahcarlson_redis-in-action
185,989bec167da586b176c6d22570f51ba611120af4,josiahcarlson_redis-in-action
186,993c203ee3560ca65d282b36a9040a8fc385d51b,josiahcarlson_redis-in-action
187,994b40a41213f9ab525f866f40cc816d40e5191e,josiahcarlson_redis-in-action
188,9a367aceffd0811a8901b2bae9f5d514d2797ee2,josiahcarlson_redis-in-action
189,9b5f3abf7b85fed2d2c8a193cb76e766c8244a06,josiahcarlson_redis-in-action
190,9b77f5e3729f4f6575ecb44ecde452db0b044f41,josiahcarlson_redis-in-action
191,9c56cd507d577c21a38a7d2498792b438ae130b3,josiahcarlson_redis-in-action
192,9d9b94ddb754dcd4438c89af6fb75bd60be3c5da,josiahcarlson_redis-in-action
193,9e1ae1adb594677837fbeb4447d89afd0b0d7901,josiahcarlson_redis-in-action
194,9fccc0ca322b8214b946bd0ae9871180034c441d,josiahcarlson_redis-in-action
195,a06186387b81436cc26276785462a5f1fcebf8dd,josiahcarlson_redis-in-action
196,a19b33ab3e09e9c3122cde4c26b703def11881ff,josiahcarlson_redis-in-action
197,a29b9ac82a3890030f498c3866b58c3d3652424b,josiahcarlson_redis-in-action
198,a329bd3a72b61c8e0226c14488910df8c1d2b487,josiahcarlson_redis-in-action
199,a4a4d55f97998237d1f17e16e5933523a6cfe6bc,josiahcarlson_redis-in-action
200,a57c566fa6eb8f30152fd1ad92c1c8acf366792a,josiahcarlson_redis-in-action
201,a5d1aa5c7506ffc7c3557b1c1543ed3029b84566,josiahcarlson_redis-in-action
202,a6756e3530f0cddc2faded6cfb82b527fa4807fb,josiahcarlson_redis-in-action
203,a70eacee3e0647ed6704dc52e31ef5f3918bf726,josiahcarlson_redis-in-action
204,a81433ed85b43e23c22d2c5f0988635f3615e71b,josiahcarlson_redis-in-action
205,aae6159f76a4b01c6ff5056dac60f6c745093e8c,josiahcarlson_redis-in-action
206,ab9af16745fd990f7427020691484384a75af0e0,josiahcarlson_redis-in-action
207,ac4c2a1d1aea2e7bac92438765dad9ca4c9e7c42,josiahcarlson_redis-in-action
208,ac64f986e333b5fb5a90a0d6421d99d4657a6bea,josiahcarlson_redis-in-action
209,af2849b9e11b9e78707bea692303186066b25b7f,josiahcarlson_redis-in-action
210,af982a2b7af682325039ecb570800f2c1a9397ba,josiahcarlson_redis-in-action
211,afeb3ee31909a7566884dd9a75a14f84e7a890c4,josiahcarlson_redis-in-action
212,b0b0a4664688b2c12e0a056b83501eb6df234533,josiahcarlson_redis-in-action
213,b1c48020aa083fef31698f0781478e8fe71b6ec5,josiahcarlson_redis-in-action
214,b2f25e2f7748deb8c788f03c96615c8eada79073,josiahcarlson_redis-in-action
215,b2f5ba20867ceadd6aba1b087fc5a35aa857a58e,josiahcarlson_redis-in-action
216,b2f682adbf2041946c5c151ac4a77bd1abba8b57,josiahcarlson_redis-in-action
217,b2fb6077fcd542d118edaab7e78ef8cbf0075449,josiahcarlson_redis-in-action
218,b305aa6496cd7592ec05a87242b5361303098f9f,josiahcarlson_redis-in-action
219,b3258c8fe47abf8ee00a3c68b7f611ac3302638c,josiahcarlson_redis-in-action
220,b37d39c3ad62c54fd827d3dabf767dee220ed758,josiahcarlson_redis-in-action
221,b3a315688607de2f924bc29f0e4f22de82bf9c54,josiahcarlson_redis-in-action
222,b3aba05545e8b570ffec1009da6fbd499bf30c68,josiahcarlson_redis-in-action
223,b52bdb2fc5effbd024bc5d908f64b562821e1536,josiahcarlson_redis-in-action
224,b64a1d5ed8e02c4ae248e4534abdafe2e791f0a9,josiahcarlson_redis-in-action
225,b67b34d66cf08367b9bf64bf05723b961f130a4f,josiahcarlson_redis-in-action
226,b6808e9d0e2bb05a96cb4a6a6eaa3b9a2ea54810,josiahcarlson_redis-in-action
227,b69857dbc552cf11b79b1ca27adf7a28bbec14c5,josiahcarlson_redis-in-action
228,b6c3a3788968ee0b9995d78cc765f632181c0312,josiahcarlson_redis-in-action
229,b72b9d83a0415bbc3d194a33873e6dde647001ee,josiahcarlson_redis-in-action
230,ba1d7863c5f33e63a10c6171ce3d837d00879b8f,josiahcarlson_redis-in-action
231,bd387b258211b7a4c4d3bc0a5730b09f8ee4df95,josiahcarlson_redis-in-action
232,bee3c1ad435251d05b1f783433404c1c7d0d3e57,josiahcarlson_redis-in-action
233,c0209baa2c6844cb25c7d756cebada44e20f1e8b,josiahcarlson_redis-in-action
234,c0b07f9fc3144f80783a3910fec30c144c10e6dd,josiahcarlson_redis-in-action
235,c13cfa0c4c809ade2a37b0a5436689090fe5999b,josiahcarlson_redis-in-action
236,c1bc5f83256cb9936b2531e459354348f9f232d4,josiahcarlson_redis-in-action
237,c2ed4a9873a1e75f603ef7710f3aa5f3a85edadb,josiahcarlson_redis-in-action
238,c3335bb9cc313d2d99095c8555168e0b200c5541,josiahcarlson_redis-in-action
239,c36cafcaa920dd68351fa46a16b9ba491cbba760,josiahcarlson_redis-in-action
240,c3b8ba4a708b9de6f4f96f04dc53536f0488de27,josiahcarlson_redis-in-action
241,c509c1e7ae6f3b0f59970cc6118542bd8c604d15,josiahcarlson_redis-in-action
242,c795c25922e0cea30ba3a80a5ad1bc81ad67872c,josiahcarlson_redis-in-action
243,c902bf1238dbf73278aad84646bcf2d416550025,josiahcarlson_redis-in-action
244,c9c64e478267a4d4a99e4eede6626e6b984305b8,josiahcarlson_redis-in-action
245,ca34e491d184d99be83b5d138eaaef3af1ec8ef1,josiahcarlson_redis-in-action
246,cb1e220c10c384b12cc0b930be27252b17beee3c,josiahcarlson_redis-in-action
247,cca30baa83a7ab797ee4e1a353320543fa11a4ea,josiahcarlson_redis-in-action
248,ce625b9201380e74a6416c4648cf72297126e971,josiahcarlson_redis-in-action
249,ce67319cbacf3e45c3ccb15c988ca26cc002491a,josiahcarlson_redis-in-action
250,ced598f7e1232a8c6d28dc6ec20432eb3cc307cb,josiahcarlson_redis-in-action
251,d0376ed2ee8064a01d9d15c8758a299374aeb6ff,josiahcarlson_redis-in-action
252,d320beb2a52ca4b2bc84fc105dd8e696508f4367,josiahcarlson_redis-in-action
253,d4aa79cc750f17b064040f0012881debaf56f93c,josiahcarlson_redis-in-action
254,d5540a188b080196bb4f0708e8d7d75a0ce36a4d,josiahcarlson_redis-in-action
255,d55ff09f2610bec769191ab90d551947593ad389,josiahcarlson_redis-in-action
256,d6fa852aaccaa40c75a766dbe49349a137e82289,josiahcarlson_redis-in-action
257,d7acf0017278a100c1cb3c19ed382df3c2ea5bdf,josiahcarlson_redis-in-action
258,d9f891c27cfc1681d15b99674a236ab8f9a47842,josiahcarlson_redis-in-action
259,db3bb9cb7b615444df17c535f7738de2120b2cfc,josiahcarlson_redis-in-action
260,dc3144206670d8a17a9a8ef000ab22727cee8f81,josiahcarlson_redis-in-action
261,dcaa571d331329c19c5ad024b5ee66b03ffa38c3,josiahcarlson_redis-in-action
262,dd3e9a24622882ded83a25a36c523561e50639d6,josiahcarlson_redis-in-action
263,def17f0f7398cd1f7c8db50dc40ed1a74236c80f,josiahcarlson_redis-in-action
264,dfcfc7b18719ca8c44c62dfdde370c99c40b8aad,josiahcarlson_redis-in-action
265,dfdfea56cf8166693ff1692187f963719dcbdb09,josiahcarlson_redis-in-action
266,e06983a05bbf857904c3ee4f7ad596dadc5b127b,josiahcarlson_redis-in-action
267,e18e9312dc723f82ebf6e3d71a74962238f37353,josiahcarlson_redis-in-action
268,e31da835565439bfb6c95acd954818f0f2616b28,josiahcarlson_redis-in-action
269,e3f8a49b0b354c58595ea16931090eebf28e03a8,josiahcarlson_redis-in-action
270,e453c45a6346719c51c40e7eca1e6f4e51ac415c,josiahcarlson_redis-in-action
271,e4f15e4369bba98b3c0bd1881552c97baa4c1745,josiahcarlson_redis-in-action
272,e548a96fe6b3afa4e1442e974fadddfa0c01de8b,josiahcarlson_redis-in-action
273,e5700314bdb485fb2185416b1fdc318c18fd2e2d,josiahcarlson_redis-in-action
274,e59a20e5bea815535178da42385e4f1e755ef492,josiahcarlson_redis-in-action
275,e61c594d98a17a7d8ddb3a6e328426ef7445c8c0,josiahcarlson_redis-in-action
276,e6416c377505b89d1c980b74ee76ab70517d82f5,josiahcarlson_redis-in-action
277,eada0ba3b5c2a18f059c9f6965cdc0ade12c714a,josiahcarlson_redis-in-action
278,eb8634f81f766957a79dd2aea61ee0f275a689c3,josiahcarlson_redis-in-action
279,eba5e49302ee242919c3f63dfac012ae4c50bfaa,josiahcarlson_redis-in-action
280,ecd2b2a32adb27efc8f666922a990aed8462672d,josiahcarlson_redis-in-action
281,ed8bac74b53efd35334c15bd239d5a3c6f5567e8,josiahcarlson_redis-in-action
282,edcf5992dd99fcb001381daecc4079f7b690f612,josiahcarlson_redis-in-action
283,edd7c7cd217ff572c6b57ae5df5c447f7d16589b,josiahcarlson_redis-in-action
284,ee53c5537cd1732801b80fe35de4a0271b33d157,josiahcarlson_redis-in-action
285,ef4af4a48cb3ae381955c62d2c158286572af21a,josiahcarlson_redis-in-action
286,f096ef26e7a84d6637aa6e0656194e97455a5aa5,josiahcarlson_redis-in-action
287,f2180e1fbf3091dc2d53237e4188329b0a63aa4d,josiahcarlson_redis-in-action
288,f342fe7c46ce8518293bf1397c174013fd92859d,josiahcarlson_redis-in-action
289,f345f508324da234bd232603c3c3e6128662a04a,josiahcarlson_redis-in-action
290,f35bc1f329034e6469e5b6c488861f9709bbaff1,josiahcarlson_redis-in-action
291,f3a1c99803ed15487c2f10db344a5f8cc296380d,josiahcarlson_redis-in-action
292,f6849921d7738da217cd1e52d7d3cc24522630de,josiahcarlson_redis-in-action
293,f6d27e7fcf265b61b637ebccaf11a50d002862f6,josiahcarlson_redis-in-action
294,f6fa4cbd4a909d679c0d5ead694bd6d540dddd11,josiahcarlson_redis-in-action
295,f713c9982a588285fa0cfd5a06371fb8bbc856bd,josiahcarlson_redis-in-action
296,f77dd5fbc4fe1bb2d4fb5b594fda2a48c8a3325d,josiahcarlson_redis-in-action
297,f7c59a10c8454fc1e462d9ed54720c43318d22e2,josiahcarlson_redis-in-action
298,f9826cb9b4cd59fa67071b30c709cb36a4b40642,josiahcarlson_redis-in-action
299,fa7e57ccbe3fc75bdd64241036b1d54b5d3f6c4c,josiahcarlson_redis-in-action
300,fba68e86ad254aa5de63809cb8adf452fcebcc6e,josiahcarlson_redis-in-action
301,fbaf7beec77cc6cee60ef0e165b7342dd80455f3,josiahcarlson_redis-in-action
302,fd03308f51c520081950669d04afa65bacc71733,josiahcarlson_redis-in-action
303,fdb768087f82335003c961ca6d51ae895b6858c7,josiahcarlson_redis-in-action
304,fe19779a7043a610523857928b6482c40b2d1820,josiahcarlson_redis-in-action
305,fef3d4f7635e97312fd9edae3bad2e105f71513e,josiahcarlson_redis-in-action
0,031a534dc0c390909a6454c51816feedf64fac2d,nmoehrle_mvs-texturing
1,033e1ac1ff5b220ce04667bdcf7951f40616c01a,nmoehrle_mvs-texturing
2,037e53bce93ddb538b44e7207a4ca512ca3ad77b,nmoehrle_mvs-texturing
3,03da6ebe18882311eab24ef749ad0e79005cbd0d,nmoehrle_mvs-texturing
4,0492227ab807481fd7879dc4f1952e4e016a46ae,nmoehrle_mvs-texturing
5,054faec79e0b9f764067a10bfece1126c0a0efc9,nmoehrle_mvs-texturing
6,05ce96e69a49901cfd3af6a4e90262b54d6e6430,nmoehrle_mvs-texturing
7,089b4b879f4d984545367286fa3c96df80b19525,nmoehrle_mvs-texturing
8,099fbed2547abd70d4a3ba8880ae723ff96593ca,nmoehrle_mvs-texturing
9,0b66dab774ac5e7c79295f69db7adb46b011da51,nmoehrle_mvs-texturing
10,0c8615dfe5cf3fa154bd5ab114657f9da64f441e,nmoehrle_mvs-texturing
11,0d0dc79ed74948756121983de6ba9e70e6d83e14,nmoehrle_mvs-texturing
12,0e98695e706afaa0a00fa0b3f6012110a13ff114,nmoehrle_mvs-texturing
13,0ecd34a18af52d56fee9c7a0222ea940f7434eba,nmoehrle_mvs-texturing
14,0f028ea65936054995040bd5c0a4eaad86de0ae4,nmoehrle_mvs-texturing
15,0f551f9216ae7053df4fd599d6420f1a6ef3e4df,nmoehrle_mvs-texturing
16,11e1c3f06fc81d7769aab9f1c5b3a979fcd8a62e,nmoehrle_mvs-texturing
17,124b4a9e92d47d449791199d7b5d896a68b14bcb,nmoehrle_mvs-texturing
18,125d0f3929d0217b6d7511f683158f310eb0f6d6,nmoehrle_mvs-texturing
19,13afc7d719c2cd48b82245fc37b58f0cc6554d5c,nmoehrle_mvs-texturing
20,142d11596612e3e6f26af19e4d8a9732b604bb87,nmoehrle_mvs-texturing
21,15801b15e6cfe663b006b1a9db9a89dbda230c91,nmoehrle_mvs-texturing
22,17142543ecdd0697f83060c457c18d049bfe54d2,nmoehrle_mvs-texturing
23,181b33661d813be4daba7802184ee0ce51947daa,nmoehrle_mvs-texturing
24,199e37415bc141fe84d9b4f22ad152ab2c7d7374,nmoehrle_mvs-texturing
25,19ab1e74debf8c8e6d287d9f35ecc752b727fc22,nmoehrle_mvs-texturing
26,1a4746f8b0ffa875c02392e88c02e1f7843e099f,nmoehrle_mvs-texturing
27,1a54a6795d878a50a5e11c1ed97f967fc6f64955,nmoehrle_mvs-texturing
28,1a8603e7804e679f329885bceeb3bea1d156be02,nmoehrle_mvs-texturing
29,1aff2e590a14dd0d7ab93e9358a5bc75c227c558,nmoehrle_mvs-texturing
30,1b53a31c1e1d34edf5488cf49624ca1c6b5a88c4,nmoehrle_mvs-texturing
31,1c3dad6676e5aee3d5686043d9d6c1a69044f8b1,nmoehrle_mvs-texturing
32,1d6cbad2fd840f71651f49e8041773d3de1a03f0,nmoehrle_mvs-texturing
33,1de0ba165eadc3ea1fb9ed3e539376fce96079fd,nmoehrle_mvs-texturing
34,1e4432ca5fbb7de99e2ce015983699e2b1da6d2d,nmoehrle_mvs-texturing
35,1e9c6a633b472ef4a245ddafddba4cacbf51b7fb,nmoehrle_mvs-texturing
36,1eacb226a745277559b8f49bd75cfc80c41b2fdd,nmoehrle_mvs-texturing
37,1ecb3468ff5fb2696ceecaf77ad492d3b86c5f2d,nmoehrle_mvs-texturing
38,1f2fd7691af3eb743a0643d271bdede13395aee1,nmoehrle_mvs-texturing
39,1fa59a20ca65205f03e9e44c01429fa6b5325892,nmoehrle_mvs-texturing
40,20bf2a89f51e1765c9db554a7905294e9770166e,nmoehrle_mvs-texturing
41,244a72af9845a7771aeb92feb31e127ab4fd6c1d,nmoehrle_mvs-texturing
42,251948ed0838d2c382c18eb33c5d8c418f9aad38,nmoehrle_mvs-texturing
43,253d7c2fd2b9f6aff2dea35abc879b39e9a70a13,nmoehrle_mvs-texturing
44,254cca841bb179397c6538ef475eb9e08574f6d4,nmoehrle_mvs-texturing
45,25e5fd5b858bcdaaa8fee30dd1dd58c61764eba2,nmoehrle_mvs-texturing
46,267449b969f4673f32339a8f9d0747dbe2fd6575,nmoehrle_mvs-texturing
47,270b96b6d7bf01c15b3af4c4f52144ee44478387,nmoehrle_mvs-texturing
48,2737dfa0bdc04275944176b21d3971db80cf0350,nmoehrle_mvs-texturing
49,27693c273d08d589480864d33afa16ce4d8dea8d,nmoehrle_mvs-texturing
50,27a7f9b3484dc6d9684983f8b68fefd700dc14e5,nmoehrle_mvs-texturing
51,27d6656d42d29fe225b4a1c4d4ae887416dd8b76,nmoehrle_mvs-texturing
52,27e17b7da7825eb427e19eb19031d3b1af751c3d,nmoehrle_mvs-texturing
53,2823f41d3d8905271a803220fb749c0553f2bc12,nmoehrle_mvs-texturing
54,28611e23e23051fb3fd44ee5f282d23a17582340,nmoehrle_mvs-texturing
55,2915dc2bfb42bbb47251398c5e961bbce0a53930,nmoehrle_mvs-texturing
56,2989bf39173123da8daf49121dd89092d51ff2ac,nmoehrle_mvs-texturing
57,29d963f01d27f606f6dfc2f89ac47647e2f1b0d0,nmoehrle_mvs-texturing
58,2a5fffd09125fd62f617134770154b6a721f5762,nmoehrle_mvs-texturing
59,2abbd451323b50a9a58914df65065eb45b0d976c,nmoehrle_mvs-texturing
60,2b4f03252f9633863a949ae6bede5098abd1e03e,nmoehrle_mvs-texturing
61,2b7ff7893982ed5fc1b42981713d309fa56f8356,nmoehrle_mvs-texturing
62,2b927177655f287679dbc36ad090a9e9472534af,nmoehrle_mvs-texturing
63,2bc28f2e23255d5a2efe032eb72ded95b0dd2d09,nmoehrle_mvs-texturing
64,2d15b9212533d0b0a474d7ae6c3a7a5db18f6161,nmoehrle_mvs-texturing
65,2dec7db272618d1a87ffdc8c0382d59d3fe7ebf3,nmoehrle_mvs-texturing
66,2e1a9adc5f496971765df30a966ee74b6af77cb5,nmoehrle_mvs-texturing
67,2e65fb67e4d9a7c7c0d8373b7bdcbd9ed0b00423,nmoehrle_mvs-texturing
68,2eb293df5fb35c5dfae7e59f74f2108cb9e5316f,nmoehrle_mvs-texturing
69,2f0affb363a119954a8c79bb425c5ce8a3263707,nmoehrle_mvs-texturing
70,2f8b926f33e5a2b5d4c6aee336028e41b503d0b2,nmoehrle_mvs-texturing
71,2fa6d144491344775bf010e183db6387392bcc21,nmoehrle_mvs-texturing
72,2ff87e36d99e8873e643c1677e099bc1f2582087,nmoehrle_mvs-texturing
73,3037622b7627caa5da8d2140c74ece0763ff7043,nmoehrle_mvs-texturing
74,30a88f395d556025acd8cdb47c409a992f4bd72b,nmoehrle_mvs-texturing
75,313f20379bcca7db90bbcae636224ffb94252161,nmoehrle_mvs-texturing
76,32a652055cac3958622c621e6a12d2557d5dbf91,nmoehrle_mvs-texturing
77,32c08d00c2b917ae5b2b305935abe9549dc69e25,nmoehrle_mvs-texturing
78,3366b1dc1a3ba77138bc18fa458ca79af88d7a27,nmoehrle_mvs-texturing
79,33898ccb544008f3b49ddf783f5eb9b1766991f7,nmoehrle_mvs-texturing
80,33b592bb79d6895e40c55d1081f4d741ac579a55,nmoehrle_mvs-texturing
81,344b9f356f60178a8d3fe7bb40067fd90edd4b66,nmoehrle_mvs-texturing
82,345cb9fc627777c36af854001e0b3635bbc67a9f,nmoehrle_mvs-texturing
83,346d0d0ffc9d8039c35e0e9d2f6390cd45100f8b,nmoehrle_mvs-texturing
84,347abf50b14831d46518ddab0f35588cda399fbb,nmoehrle_mvs-texturing
85,34a310ac68772eb6cb22370c223f74822d53f438,nmoehrle_mvs-texturing
86,34eb51ca52820b1cbca242a17efb1e5f4c179923,nmoehrle_mvs-texturing
87,373758555886f91f278d73a3af97c7c7559a937b,nmoehrle_mvs-texturing
88,377d07ba536338ce9fec7917fbd67c95d3ef60bd,nmoehrle_mvs-texturing
89,383d0409883f19a6724437b0109c51a028faca10,nmoehrle_mvs-texturing
90,3840a53de3a21c955571b6214f5b4721e11d4a97,nmoehrle_mvs-texturing
91,38eca586df2cf7b9596dc4b5c27ee577ef19d94c,nmoehrle_mvs-texturing
92,394b8069db94e2d2052c898db695977f9f89154d,nmoehrle_mvs-texturing
93,398472230c119fadb5a8a8c4059d454774a17ff8,nmoehrle_mvs-texturing
94,39a250b11c113f679daecc1154305e8af8ab07e5,nmoehrle_mvs-texturing
95,3a0ab3b5d58888e6f0cdc4a008eb48bd65005de2,nmoehrle_mvs-texturing
96,3b46bcc7286512393565a0590bc28b8d522b28c1,nmoehrle_mvs-texturing
97,3b80fb986e706c31e16d80bb426c31053a6d3cd2,nmoehrle_mvs-texturing
98,3be7096fb4e4370ba340674e977247ba27ffd285,nmoehrle_mvs-texturing
99,3cb9ad651233ef124341b7e623773cbd83322c84,nmoehrle_mvs-texturing
100,3cc4357899ba0c7b7f1d7b1d9c8eb23c0cdad4ff,nmoehrle_mvs-texturing
101,3d1cbcf549cececb6d770683b0bc2e457f887588,nmoehrle_mvs-texturing
102,3daf912963efd180f07343166b1a779b51e9e0fd,nmoehrle_mvs-texturing
103,3db67f85431c1f7357165f69ccfdea204555af73,nmoehrle_mvs-texturing
104,3f1e8c5195470c9eb931f85b2197018976c1049e,nmoehrle_mvs-texturing
105,4051f35ce311c15237b8785faf6aaf23998cabce,nmoehrle_mvs-texturing
106,4082228a45d8ac0d7c2864e44864a532b662df2f,nmoehrle_mvs-texturing
107,40a0e42f3e2920b8a2cc2afc50d7476276b49cce,nmoehrle_mvs-texturing
108,412223c4ac15e3672f6fc33960f301b897e2f635,nmoehrle_mvs-texturing
109,413c4dce15c4a51052e25f65c6a0c6ca93f8208a,nmoehrle_mvs-texturing
110,41b4ec548f7ee27d84379dd10f74acb7c5d63859,nmoehrle_mvs-texturing
111,420dfb07a83b627eb2edbed89063666f3c0a2cad,nmoehrle_mvs-texturing
112,432490f0f54d972fdb81964711df3efebc138f64,nmoehrle_mvs-texturing
113,4446abf0a49adfa21cf74437e917f0b0f6c17a85,nmoehrle_mvs-texturing
114,448efb3bd8478e5544af0af225717d64e48d879b,nmoehrle_mvs-texturing
115,44b189525e9c9bd83c47b3010b5f4228834b9dcd,nmoehrle_mvs-texturing
116,44d594d8e1d7a6b323371b1f5f0fbd3e19d7c52a,nmoehrle_mvs-texturing
117,45c3bde7be9e736b1e3c340c224d4273ec6c5c7f,nmoehrle_mvs-texturing
118,45cb7bc9d7ab6f4ea6d1d495c9944d764052337e,nmoehrle_mvs-texturing
119,45ed2f78ec8a654dff2a7fdb6a0333a288ed191e,nmoehrle_mvs-texturing
120,46e97583132b6100a1d9158c1910f4e209a4f7ab,nmoehrle_mvs-texturing
121,47b3d7b54d986027ada6a7ee222c3e46d12a3474,nmoehrle_mvs-texturing
122,4869acbf6dde8767ae1a51a9e70c2f0fc7e7e69f,nmoehrle_mvs-texturing
123,487a4143fb68c227da3f87e5e4fb3c16e64ff9e9,nmoehrle_mvs-texturing
124,48b5a9466f957644f9ec5a5082ed3d2509312072,nmoehrle_mvs-texturing
125,494d5648cf21a59590fd1fb457aa98880648a151,nmoehrle_mvs-texturing
126,49561bf8982dd7aaa98c1589faeb06c08a14db00,nmoehrle_mvs-texturing
127,4b01f4882b12180587134c48fa0ad0cb863e67bc,nmoehrle_mvs-texturing
128,4b0a22e8448bc50f364beeba94bb8e442d20c52b,nmoehrle_mvs-texturing
129,4c3283216058f28da7acbd1a735a140ffe988187,nmoehrle_mvs-texturing
130,4e8f5ef959716f47157a660ddf27e9bb5f4da94d,nmoehrle_mvs-texturing
131,4fb24145a0201f7d18a1e3eb9ac2eecef624065c,nmoehrle_mvs-texturing
132,505fc4313b18c578e514a1e947031f9220cc48c0,nmoehrle_mvs-texturing
133,50b5ecc726e7c32409ac9e5a684d5bfc8ba0bf61,nmoehrle_mvs-texturing
134,544f3717a451948e9e3d1ff270bb4609bb24def5,nmoehrle_mvs-texturing
135,5588c934940d05249f928aa20e6df362a7176b2b,nmoehrle_mvs-texturing
136,561faa4f737a262f63d8a1703d3943fa1101b326,nmoehrle_mvs-texturing
137,56e9e78c8601bf20b1d261ca72721f5c452effcb,nmoehrle_mvs-texturing
138,5717b7816ace55c03d26a23377cadbde80fd8036,nmoehrle_mvs-texturing
139,5782b33a6a754746c68e7ef03fa11996b05f3336,nmoehrle_mvs-texturing
140,58a23ef6e39c35d55a84afa625f978a71ca2d66f,nmoehrle_mvs-texturing
141,58d026a0b44028e3bb4a86bc0f6ae5d84d51ac03,nmoehrle_mvs-texturing
142,5963b554f8c94af22d28f54d1293ec260fa7576d,nmoehrle_mvs-texturing
143,59f64ab40e89a4fc842a6582dd0c1a5993f37a1d,nmoehrle_mvs-texturing
144,5cd4da55662c5d0a60727bdbfb6079ca983f71ec,nmoehrle_mvs-texturing
145,5d65207f6480e5b3da7ea8a5046727bf775162a9,nmoehrle_mvs-texturing
146,5ef85d43080b9f3be4a339eda7570b43d9cbc15d,nmoehrle_mvs-texturing
147,5f218416cccc0e7813b5bceaf471ffc643b445b7,nmoehrle_mvs-texturing
148,605ce31397e277028bf2c30fe14365f240c31449,nmoehrle_mvs-texturing
149,617f225128e6494fa5505df30aac6d8af7be3503,nmoehrle_mvs-texturing
150,631fd0a60cfcc8b84cd29023c586284d0603c726,nmoehrle_mvs-texturing
151,6341ebfae21da654826293ef552d7af2cb2b3833,nmoehrle_mvs-texturing
152,64e65c321420f90b7bd25afb0a0c09cc078ebba9,nmoehrle_mvs-texturing
153,66ecf4e46bf35d6da8d9103cef1f2913def641d6,nmoehrle_mvs-texturing
154,68c8ad0ec168107612def0f6278aca00ff8eb2a2,nmoehrle_mvs-texturing
155,6934ecc26c94558ec27ffb2680993ee99dcf4c4d,nmoehrle_mvs-texturing
156,69df746fc686edcc40e0cf7f39e1628d48bddff9,nmoehrle_mvs-texturing
157,6b53bdef3e3a4bb111119bbfc08bf1446f054705,nmoehrle_mvs-texturing
158,6e4255ce22260c879d92d78b34e73dad1013aaa9,nmoehrle_mvs-texturing
159,6e8d4c840e77c85ca79580ff5f5c4d2330a8f0fd,nmoehrle_mvs-texturing
160,7042a41ffd39f3c73409abc23a0ebd8895128398,nmoehrle_mvs-texturing
161,7126bb3aa34a4a9a36003efa06a1db5fe07509fd,nmoehrle_mvs-texturing
162,7133157dc27b66a58551d60f38b501e7567a981b,nmoehrle_mvs-texturing
163,718be847389e96f9026c743d8559915b28c94270,nmoehrle_mvs-texturing
164,721da8cffc7d20c4c4621f4fa65b8cac6776c698,nmoehrle_mvs-texturing
165,733419d2115c4954fc6cee6375215a12a27fb6b1,nmoehrle_mvs-texturing
166,733ff76734c2eff09850b223d16b005203ed2383,nmoehrle_mvs-texturing
167,734080bd78227f74f8480b06cca62bc5d77997ce,nmoehrle_mvs-texturing
168,751485fa49cfdc8c8a078126e29d0dfa274260fb,nmoehrle_mvs-texturing
169,75d119cdbdf2e62b150c97487a67dd29ba8e9aec,nmoehrle_mvs-texturing
170,76d019e2219ef52a54f1a416fa36bb5a47baf31a,nmoehrle_mvs-texturing
171,77221c8975e3774ccc2c02bef5439f6ce1d4a0e4,nmoehrle_mvs-texturing
172,774d000733cc99ed04f9ede7a719447eea5029d5,nmoehrle_mvs-texturing
173,78561f9a25b83d9d9343b3390b013cadf37afb5b,nmoehrle_mvs-texturing
174,79c94526dc30ddd82d5468428bd4aa1496ea5804,nmoehrle_mvs-texturing
175,7a01de3240210f2590a5ba2596ada5fde15a2f17,nmoehrle_mvs-texturing
176,7bd30a83692580408c7b8442af48cdd4e0062313,nmoehrle_mvs-texturing
177,7c01bca811467679f535ef292f6393e256e1acec,nmoehrle_mvs-texturing
178,7d5ec01c0e6bbee1fc92f0021421ca0852b831d1,nmoehrle_mvs-texturing
179,7db3805fe755fbc263d6a446c80d03b9443629eb,nmoehrle_mvs-texturing
180,7e03b3b1e879dfb519ffcc961926b065dc0eede8,nmoehrle_mvs-texturing
181,7ee13ef1a69e3b0e626da5a3192552f6b0f0b207,nmoehrle_mvs-texturing
182,7f8c8af8c1bd766785384a2e54cc9b76f7641d3a,nmoehrle_mvs-texturing
183,80e54e9a5b19ede6dcb2b9564caed200ed813bc2,nmoehrle_mvs-texturing
184,81a00549f7a471e3b2465d59c278b73380750b10,nmoehrle_mvs-texturing
185,86f59bb7733f3349b41e27a40d3e63e905933666,nmoehrle_mvs-texturing
186,87b664b8ce18c94c5be821c9bb48746c720c322a,nmoehrle_mvs-texturing
187,87df00c5414a8cef011790c1ff51883ea9d07a4b,nmoehrle_mvs-texturing
188,87e6d56d0649d5e5ac13ba10a79f7f552dfe2b31,nmoehrle_mvs-texturing
189,87f3a365fd36ead1582603f0e712d48f222ccc51,nmoehrle_mvs-texturing
190,88925c74bbb6d9649e4bf25c3852f4d3ec6eed8e,nmoehrle_mvs-texturing
191,89756e9fb98876747c3dfea67fbc74fd6573dd3b,nmoehrle_mvs-texturing
192,89f1bf1a777dd88caf5d94134dc1663f5f0303b5,nmoehrle_mvs-texturing
193,8b2c286629be3a7c5004cfa97c9f380e94e351a5,nmoehrle_mvs-texturing
194,8c2f923d2a218ffe9998d3ef126c2c77a72daf22,nmoehrle_mvs-texturing
195,8c7b3a2345a578e15e44675cb23a2413752eb838,nmoehrle_mvs-texturing
196,8cb715bc17aa99e1ddcee463ee163ac09f59eb45,nmoehrle_mvs-texturing
197,8d93381b985381b20695b196bb3910adf8e26edf,nmoehrle_mvs-texturing
198,8debeb9bd2c17c77b9a7b997a87a2641c4a3419c,nmoehrle_mvs-texturing
199,8e3c1f156e47549775fd13675445168de1b47369,nmoehrle_mvs-texturing
200,8ea02ca91ba43529ceb260c731b8c9fc5029c92d,nmoehrle_mvs-texturing
201,8f4efd03fbe4e3e3e2287fa049698182daa40feb,nmoehrle_mvs-texturing
202,93a261f1dd42e47b9c20d5ef44d9663fc0fa3233,nmoehrle_mvs-texturing
203,95aa2e5bc57e55c362308a26b68c8e963a3532de,nmoehrle_mvs-texturing
204,95e0292660281fc70034423120bc8e4527a2c7b4,nmoehrle_mvs-texturing
205,96537b05abbaaa90a0bac227e7c80d8155994ff7,nmoehrle_mvs-texturing
206,96fa96fa08432a8718abba0459ff13b3550edda6,nmoehrle_mvs-texturing
207,99061561d864ff90625af14cfdb22f61f720b7e0,nmoehrle_mvs-texturing
208,99b1039d37a633059fe9f5949532b5fc85d9eadc,nmoehrle_mvs-texturing
209,9a6e8ea1c929256a7dfe6a49c9e17821ebcdc3ea,nmoehrle_mvs-texturing
210,9b679c4534a2a0ab45c259e505e067f7d007cf08,nmoehrle_mvs-texturing
211,9c18fd35573194a11917aef4ee2e482355ce21b9,nmoehrle_mvs-texturing
212,9cbc1c119f2315cb7df1505ba60d023a3cb7fe79,nmoehrle_mvs-texturing
213,9d1aa3266a202605201b5881bd5aaa8277b59602,nmoehrle_mvs-texturing
214,9dbfa33b1f9f559e97e277e08cc485cf1db78480,nmoehrle_mvs-texturing
215,9e506affb0e80826181cbf6f1cc6ff8a6c87c223,nmoehrle_mvs-texturing
216,9f95dff0412481a1fb4b3625e2d5564191655e3f,nmoehrle_mvs-texturing
217,a03ea60374829437b1f41ab4587daf62f36a59a2,nmoehrle_mvs-texturing
218,a051da0d015196fa1dc23aea603c49593d885ede,nmoehrle_mvs-texturing
219,a118fb56d23243d8c2f03481914ff01acd335b6b,nmoehrle_mvs-texturing
220,a19927883e29353beed4cd2e01d37f7ffdedf7c7,nmoehrle_mvs-texturing
221,a1adc50ce977ebce43b2c9afe5d2b67f829f1893,nmoehrle_mvs-texturing
222,a21dc66b410eb216bfec37db63c3e7b4ba0fa681,nmoehrle_mvs-texturing
223,a465dc954342ffe1bc174c89676fee3c29844c43,nmoehrle_mvs-texturing
224,a50bd023d2ae54ce1495f6b5ca0eb3433051eb9f,nmoehrle_mvs-texturing
225,a5a955895245e252d04145655c7c327fdf5e9020,nmoehrle_mvs-texturing
226,a64d1c3ac2ec33969dbc2695f62278c10412d465,nmoehrle_mvs-texturing
227,a7b2f9994e9bdb526127ad48c057354c4cda08cc,nmoehrle_mvs-texturing
228,a8635b5e910237b159d4d39f0dcb528cb62d70e2,nmoehrle_mvs-texturing
229,a922d3be214dfb4b1e3dbdf48366b2dd1c6fb79d,nmoehrle_mvs-texturing
230,aa660f95255eb0765f3c4c12346ab87829c84f30,nmoehrle_mvs-texturing
231,ab15dbe28ef25d63912568c495878adee14d4b43,nmoehrle_mvs-texturing
232,af3c884303957c9f5dd9f50454a608742a585f10,nmoehrle_mvs-texturing
233,b088c97c3fb1a1df93d7c4c64739b49d77dc6a3b,nmoehrle_mvs-texturing
234,b0a174d55f699729a31eded9012d8843a46d13b3,nmoehrle_mvs-texturing
235,b0b124da239a4dd570efbf4ff2510a37829bbcd9,nmoehrle_mvs-texturing
236,b24bccc091f642866bf11a8915ab65fa3281772d,nmoehrle_mvs-texturing
237,b255be95c0fa3212098f8f3d8572fca3405b8b60,nmoehrle_mvs-texturing
238,b32f0a50e76d18bccd53159487511d90b0f0174b,nmoehrle_mvs-texturing
239,b50328039522cce5e6f3428575081b13e60c8f16,nmoehrle_mvs-texturing
240,b54f39db53427e38edc221501d344354bfa72d18,nmoehrle_mvs-texturing
241,b8ca5e4771208a6e706db4c32c02fce8fae474fb,nmoehrle_mvs-texturing
242,b9560d8268c4798b1cd5579b47ed260b1b93c6cf,nmoehrle_mvs-texturing
243,ba4447373ce3583aaac08401e5756b92aa02edbd,nmoehrle_mvs-texturing
244,ba8eec7bc3df5808f835a530a46821c71b3e0040,nmoehrle_mvs-texturing
245,bbe6150e376c17a0a930dbb27b422959ed6d9794,nmoehrle_mvs-texturing
246,bcd0510b4c4f91012ee6eb3877918c575a923972,nmoehrle_mvs-texturing
247,be335ccfa1dd2394e1043bfd59967203143f52af,nmoehrle_mvs-texturing
248,be7ac8d81c41ddcf4e0dd76c7bf73feae777fa36,nmoehrle_mvs-texturing
249,c0dbfc1054c6a73aba6f43c34a10926753e087f4,nmoehrle_mvs-texturing
250,c0dd39e2bae5c178c51539f12818a0b8cde9f6f8,nmoehrle_mvs-texturing
251,c169b62a9653d0e836ce020aad5f792350423d8b,nmoehrle_mvs-texturing
252,c189eaf05e8cac14a2e298d7a1fbe1af15fb7d96,nmoehrle_mvs-texturing
253,c18ea16604b75cec5ed2115e5568b8d50d5e9811,nmoehrle_mvs-texturing
254,c1ca45fe37dc31594bec953a0e9d8af355d8e4d2,nmoehrle_mvs-texturing
255,c1db2231bc1223bcf4e83e360e1b912c9e007e82,nmoehrle_mvs-texturing
256,c24e69520ce4ec3713e8c130c797ba052cda2192,nmoehrle_mvs-texturing
257,c3598bf2f6cfaa4a1964be1b6a2259aee5a43a6e,nmoehrle_mvs-texturing
258,c388cc4c1757d0e6e3cf7bb12841d954b4a0b7d6,nmoehrle_mvs-texturing
259,c4b3a365a09ed06d783b0765825b82cfa32532e4,nmoehrle_mvs-texturing
260,c679fd0186ccb7425be9141ad628c351714a02bc,nmoehrle_mvs-texturing
261,c76f196957085f22594c1411d6c1f30660a35cb9,nmoehrle_mvs-texturing
262,c84b148c785622aa2cd9fae02eb96008091b1be7,nmoehrle_mvs-texturing
263,c8ffe7a638332d46a5f0add7f64c26ff74ccfb42,nmoehrle_mvs-texturing
264,c9d751dac11db027dc27b0deb7828b2977344d58,nmoehrle_mvs-texturing
265,c9df03b82ff020f870981feadd932e6295019b30,nmoehrle_mvs-texturing
266,ca1584bfd66eb39132ecb43d48d3accf402f6581,nmoehrle_mvs-texturing
267,ca4778bd547ca785b32925763606a203c605ce4a,nmoehrle_mvs-texturing
268,cad31f63bbd54dc839c250a30b9a1cb80a9db203,nmoehrle_mvs-texturing
269,cbd16b47cc4b66380d7552d1ac13a4af97acec7b,nmoehrle_mvs-texturing
270,cc054a3d05fdd3d1dca07944201ea8c71cbc2102,nmoehrle_mvs-texturing
271,ccaed834cee3219cf1bbe175c14df9a0b54d9e37,nmoehrle_mvs-texturing
272,ccbb9995f2d8b0abac7e6b8dbaa0c6f37e4ce42f,nmoehrle_mvs-texturing
273,ce21293589018ac88289bbea5a6f61034db0d8a1,nmoehrle_mvs-texturing
274,cec3715cb014f369f29639a1675ee8b4e7b8dd24,nmoehrle_mvs-texturing
275,cecc14fbcca69ae075bc1877784d98b27b99d546,nmoehrle_mvs-texturing
276,cee5bb1ff7fdb99b84bd1edc89f202b1af147cba,nmoehrle_mvs-texturing
277,d0c0e337b3be3abf2ac24d66cc7f2adfbfc02383,nmoehrle_mvs-texturing
278,d0f07df98544991489cb47c27beedd92dcf8404e,nmoehrle_mvs-texturing
279,d1d04c8b4de01ca36c04f8dc671fc0c889529c38,nmoehrle_mvs-texturing
280,d2050d1b8cf508a9063fb5f802775d98956f93b7,nmoehrle_mvs-texturing
281,d272c5facbf725115e0acc8153b08730a8f942de,nmoehrle_mvs-texturing
282,d3a54e6d63b61c814635eb5e37e2931a2d2d0abd,nmoehrle_mvs-texturing
283,d3e6da787606d789f22fa4e3d82ec8fd7f458ee4,nmoehrle_mvs-texturing
284,d512755db13fcbcaba7aae50ec3391dc032d0f3c,nmoehrle_mvs-texturing
285,d57ece3dcb838e7419599a0ac4fd5df8d873b848,nmoehrle_mvs-texturing
286,d5f49698451c1dff9c956cd2b38ee9099fb9f143,nmoehrle_mvs-texturing
287,d707b788f6da7ecc32d60889d081bbc2cba880d7,nmoehrle_mvs-texturing
288,d72bbf94791591c29ca633ca33078c67ac27b232,nmoehrle_mvs-texturing
289,d78f08a5f6bae123f56933f331130255f5a48e92,nmoehrle_mvs-texturing
290,d86f875455adac1193a94c6bb1eebb41bfc26048,nmoehrle_mvs-texturing
291,d8f7135fd41105a4ea02f1bc4c734113fa5f7c6e,nmoehrle_mvs-texturing
292,d984d8607d5f9478cb919cdba41f5556837a8825,nmoehrle_mvs-texturing
293,d995c302e1a2c405498c95384b206e99c0ea19ca,nmoehrle_mvs-texturing
294,da08d37313da0f10dd8e15e2a155eabf7cc9014c,nmoehrle_mvs-texturing
295,dab68acaa693275c183c254a958130ee6d29c3e4,nmoehrle_mvs-texturing
296,dac4cb061d26d1ca2bc1ba14197f5ebabb52ab8d,nmoehrle_mvs-texturing
297,db623f6597131206ffcf956b0f977f21aabb44b0,nmoehrle_mvs-texturing
298,db6b8e97bc3296a888ab65e8a8809d38dc2529a1,nmoehrle_mvs-texturing
299,de62efaf4882098093cdf5823f5c8f50b5c3b146,nmoehrle_mvs-texturing
300,df58204030825cf59cedf86d2812dec8c63f482b,nmoehrle_mvs-texturing
301,dfea472dd2b064563f8d2d790b95ed22d5aa905c,nmoehrle_mvs-texturing
302,dfed57698d7c1c605a4fe2ccb5c9d05d792afbb1,nmoehrle_mvs-texturing
303,e0216c48c9ab5ff5b4f1c80a1703b5dae603f952,nmoehrle_mvs-texturing
304,e05f5f37253c47592d2e130a8f86f87a0fb0dbd5,nmoehrle_mvs-texturing
305,e18640ef3a44aa0670f3ef09f9914cfcb8a85c60,nmoehrle_mvs-texturing
306,e1d23d94bd2aef4f088b7519d260e026e6e4c7d6,nmoehrle_mvs-texturing
307,e20b28a9e69594bb6ea68e0244ae638216e179a1,nmoehrle_mvs-texturing
308,e2fa4e51901a276800f97cb5b2df1b055a729fd4,nmoehrle_mvs-texturing
309,e4095f1895a23e757af6932d17b228ac79179ed1,nmoehrle_mvs-texturing
310,e471b115bf0da337a19bf0e36e1b8177de363515,nmoehrle_mvs-texturing
311,e4a4f2bf6d410b5a1b62c034547c669c4ac37f98,nmoehrle_mvs-texturing
312,e57220f07df6d21f34ee4043c7c7d092e3aac84d,nmoehrle_mvs-texturing
313,e64dbec70167a296c59c66541ed230bd5a245b65,nmoehrle_mvs-texturing
314,e6b600176b91fe38b26291fab2f41de527a6fffd,nmoehrle_mvs-texturing
315,e8021d53dfcc86a6771c0c2d0612f0ceff80f48b,nmoehrle_mvs-texturing
316,e9ffeeea0f94e449a26ab06b9bf8346dd0cb9f5d,nmoehrle_mvs-texturing
317,ea05ffe62a03670fe7eed6f14dae6d4327bf13c0,nmoehrle_mvs-texturing
318,ea20335b4453735119e417f0002faf3a42f1df2c,nmoehrle_mvs-texturing
319,eb2f6d77a3b0fe9e2cd80b954a39498e26812ce6,nmoehrle_mvs-texturing
320,ed21146de3f12b8e1bbd788c34e3a272886bbc90,nmoehrle_mvs-texturing
321,edf0d727fd80add65542dcce24477e99771b73a6,nmoehrle_mvs-texturing
322,ef13f9efe6103926c4990539adb8bd33c702ccec,nmoehrle_mvs-texturing
323,efaea99fd325ebd0c9f868dfa34242f2df5d922a,nmoehrle_mvs-texturing
324,f07f6a372bc330688051d2e9848695277877aacc,nmoehrle_mvs-texturing
325,f0967541715a2669a47a43dee5ef6e669be01b25,nmoehrle_mvs-texturing
326,f23528ca2b01d22547fb2e124c3417773047df27,nmoehrle_mvs-texturing
327,f3eec209c566ca09d2ec6a5c8a9fc1f996ff4325,nmoehrle_mvs-texturing
328,f97f8ee178bdd401aaf47a09687be681c5c81320,nmoehrle_mvs-texturing
329,fb6fd153f3593fd2d79f00ac26dd4dcc2fd7ed5f,nmoehrle_mvs-texturing
330,fd24c64eda60ae8fb811d095db12c5736cd9e09e,nmoehrle_mvs-texturing
331,fe91923ebad50c82b5d933b68aecc1f680522083,nmoehrle_mvs-texturing
0,002d16104ff65da9e39ab7a0cbeab32bbaa882b4,climateglobalchange_tempestremap
1,009b37e04bf7771336ab508f74e91ff5519c1af0,climateglobalchange_tempestremap
2,00ef8d9440980dcaa73ce4f32cbce1fbf6e9d195,climateglobalchange_tempestremap
3,01306e1e72f49a572e909175f34b2727a6b1c244,climateglobalchange_tempestremap
4,0140edaccdf425b0ba38827c54b3c07595965574,climateglobalchange_tempestremap
5,017ef22e3ae0328f9f3927bae2f79cf1457acae7,climateglobalchange_tempestremap
6,01ceafffd6ecbf38272608ca6094cc20ff34d49a,climateglobalchange_tempestremap
7,024d107dbbbebc653a6ed1d2581d4028ca4b7e23,climateglobalchange_tempestremap
8,02d57777d7028907c9361d4691e48c8939ccab34,climateglobalchange_tempestremap
9,02f73fba55d9159fe0aafa9381d0c311d779389f,climateglobalchange_tempestremap
10,03192f6e30348f8b042f8c21b0871914d53d14ea,climateglobalchange_tempestremap
11,03514bf0fe6444899bfee6e44175d70e68b00a99,climateglobalchange_tempestremap
12,03b5f81a0efffb8dd0d7687e323a632871bc9d39,climateglobalchange_tempestremap
13,04142ac6ce2a8d8b9e55aa28a0c3ec8c3d781434,climateglobalchange_tempestremap
14,042036cb213289dacfe18e967d3de962d51d5dab,climateglobalchange_tempestremap
15,04474cb55b4aac04e4a1501e7410d39e36597e6d,climateglobalchange_tempestremap
16,04f6d55a601569094fbfef69318ef4eff92aa2d2,climateglobalchange_tempestremap
17,04fd37412f9b905bec444d9ce083f14c73ad0152,climateglobalchange_tempestremap
18,056808193677747114cd681c62ed08b05fc5a92d,climateglobalchange_tempestremap
19,05b81842bf9256d4137272ce83ba1d2f64efee99,climateglobalchange_tempestremap
20,060ab1bc8d48ea5f6c8352f1cd02b31c727124c8,climateglobalchange_tempestremap
21,06d262a002baa74e5f3f49178a2e8f7941fe7506,climateglobalchange_tempestremap
22,07d94cf84ede4b9ab917365eb2e5981520e47499,climateglobalchange_tempestremap
23,08bca5a8f097faabdd0ab438476b158c21f90ab8,climateglobalchange_tempestremap
24,08fa2fa90804f5e38ac3ad99ff0d0b68dc357c29,climateglobalchange_tempestremap
25,0936204f7a88f433081a9c27cb3ea98b85311930,climateglobalchange_tempestremap
26,094cd00595c0cd414385986d4bb47b8dbcf33ab4,climateglobalchange_tempestremap
27,097c33a9900ce28857487ebea3c91cfebe5879b2,climateglobalchange_tempestremap
28,09912bd7b16ea1c0c893ad08f024d317bd741379,climateglobalchange_tempestremap
29,0ad1213c4cae31dd20d5db73714d76cca907bd5a,climateglobalchange_tempestremap
30,0ae422c3509627b4ed752f9f4ff224d72e6f2f26,climateglobalchange_tempestremap
31,0aefecb8a8ee19e281a0437383c82467a12e0919,climateglobalchange_tempestremap
32,0b5a1571095411c9fe141f88ae73e35595f42c44,climateglobalchange_tempestremap
33,0ba01a678557552507d8827c0e1619707402ea7d,climateglobalchange_tempestremap
34,0bac4c8adb1a58a2633662400a99517bdd4f913a,climateglobalchange_tempestremap
35,0bcdb93c1c9fab869e476a2d74b6fa9b04f55d43,climateglobalchange_tempestremap
36,0bdd572133dbf70cb39cc9cffe8b11f4c1a31980,climateglobalchange_tempestremap
37,0be3f6e70d35343730431ffad55d769b116a3517,climateglobalchange_tempestremap
38,0bfaf6b70c3b56d9287a816f2d63805ca2ef1160,climateglobalchange_tempestremap
39,0cdb796c0024eaa64a154278bf2b6d0575622e68,climateglobalchange_tempestremap
40,0d1415e0161541218080f9d1c099a8b1f6f4ba81,climateglobalchange_tempestremap
41,0e0d8b91c2510cde3ed6cda91e42ba270e20d8ac,climateglobalchange_tempestremap
42,0e61ac2355bb168916bb50763e5003080d3ff24c,climateglobalchange_tempestremap
43,0e6afb692cba3c4bcdbb9907ae98827d4419fa1e,climateglobalchange_tempestremap
44,0ebd1de636b485fe888b9aa577a0be7d29f2e37e,climateglobalchange_tempestremap
45,0ef3605eacbe86aa7743ed17eba4dd98b45e61c1,climateglobalchange_tempestremap
46,0f44225e6a8cffc2aa0e1c55ef2de82700267456,climateglobalchange_tempestremap
47,0f466f23c8b3330768315a2d795fd0cde31f7dbf,climateglobalchange_tempestremap
48,0f6088598c16958453562c575e9620cdb0c0f734,climateglobalchange_tempestremap
49,0f875601aa3eca4ccbae86d3c8edf68c643f2960,climateglobalchange_tempestremap
50,0fa95abd05cd362f9abf4e25994d23b7be6dcfdc,climateglobalchange_tempestremap
51,107d1227dd21fdf0edaba5ebfaa55acf2f1b8d9d,climateglobalchange_tempestremap
52,1096dc9038d97725f0cfeec4bbf4de14c2424dc5,climateglobalchange_tempestremap
53,10d6804d77859f1efb0e282371b819ba6ebbb94d,climateglobalchange_tempestremap
54,11787aea62e65f72af81a1ea50eed05c89d9b761,climateglobalchange_tempestremap
55,117da9f874cc8b7fa0ddef72b9ed9ffa8976e5cc,climateglobalchange_tempestremap
56,1233a61ac46b81fb70fb7b70a60a740a46ccf7b5,climateglobalchange_tempestremap
57,1234b94c405d81a67d627750215dad97bde60691,climateglobalchange_tempestremap
58,124727001d3def093ac028d32e169d65a90ef147,climateglobalchange_tempestremap
59,1278211404b40392c11139a611bc3edbc966c4c8,climateglobalchange_tempestremap
60,12b2682271013c91b83e83173bb3659f84f0a620,climateglobalchange_tempestremap
61,12cfcaaa779ffbb60a23a4d10fee2c67222652df,climateglobalchange_tempestremap
62,12d49de8a289184e2a8fe997e6ad436ab3f35d79,climateglobalchange_tempestremap
63,12f29463d5f46186a988c9a79de2fbdc391631d1,climateglobalchange_tempestremap
64,13a39f97f02fe6097c904bc3cbee4142bc28fbc2,climateglobalchange_tempestremap
65,1550afdf42e7ad21f45c122a327a8617e71eb193,climateglobalchange_tempestremap
66,15b5001fd8b23848d84b7972250695f28ecf69ca,climateglobalchange_tempestremap
67,1679dbf594a75fd54c13400c3ce3f47583e225b5,climateglobalchange_tempestremap
68,16ffd5903ffc5c5996cfc81f5efa94268e8d7fa1,climateglobalchange_tempestremap
69,176b0aeb78ab46fa31f3a77a097c0a84be1a1743,climateglobalchange_tempestremap
70,17944b8e17f293b4765682272544194255e1a7f9,climateglobalchange_tempestremap
71,179d836dd4c5bf660727ad5076846583c455ef1c,climateglobalchange_tempestremap
72,18eb75666ba8aa331cc58e63f04412cf5d2d038f,climateglobalchange_tempestremap
73,1a22838dd6e08483e57f6af08cae2f31c97bb9e6,climateglobalchange_tempestremap
74,1aab9dc243bb79cf74d79374cfcfad111cb195aa,climateglobalchange_tempestremap
75,1ae574ea7e9d1b8f56f2756330d07718a6325492,climateglobalchange_tempestremap
76,1ae612efed0c82a1554856026e2d9034ade004e7,climateglobalchange_tempestremap
77,1b07afa26f822a9c53a9a04e0c750b6c58724460,climateglobalchange_tempestremap
78,1b5360d3cf90ce87d631dc9434705099216ad3fc,climateglobalchange_tempestremap
79,1b5f5a3c017d04be7ef07ad7aff6db2e197b612c,climateglobalchange_tempestremap
80,1b7e60fa1827cd54fb6362ce3ce155a6c82b8b30,climateglobalchange_tempestremap
81,1bc0f5fc2679d9a5177248d108fd1434505e66ef,climateglobalchange_tempestremap
82,1bfb4ef146392a816e60985e7946875d7bc0cdcb,climateglobalchange_tempestremap
83,1c0627db040d8c0082a8426e4bf5ef085469d193,climateglobalchange_tempestremap
84,1c07f3463379ba65697a2ffe716ecc18e609a4cd,climateglobalchange_tempestremap
85,1cd3b7c63d88d0744c560486ec3108856aabf553,climateglobalchange_tempestremap
86,1df60f2c5f4d5b39c365c5cd102c3af858134071,climateglobalchange_tempestremap
87,1e179717c9aaad761aee6c3538777c9d012fc082,climateglobalchange_tempestremap
88,1e6ee00131ada74b50aa25a983e6ec6db22e8940,climateglobalchange_tempestremap
89,1e7d026e75a35e3ec685c040251d2902c71bfde8,climateglobalchange_tempestremap
90,1e8723f0e52ab152256eed370b88a75fdea56bd9,climateglobalchange_tempestremap
91,1f0970d5b54ecf890bf19c26cc6861d9ee9ee1e9,climateglobalchange_tempestremap
92,1f243693b674f6caf6c9ff9cd47fa75dbccddd65,climateglobalchange_tempestremap
93,1fdd0159a045ba687d9bcc8c1f4ae2d738c34fc9,climateglobalchange_tempestremap
94,22a675628e2db6e0f3dc55af7d7dc792116bf59b,climateglobalchange_tempestremap
95,2321703738f6c6e9377f4341c0b4c8bd42eeb822,climateglobalchange_tempestremap
96,2333acc2f07fddcd361b6433236015b009abea29,climateglobalchange_tempestremap
97,234fde69f81c80b64b66dfc50276be8724eedb20,climateglobalchange_tempestremap
98,237f175403d755e2dfd98e543c08214800a2b899,climateglobalchange_tempestremap
99,23816796d9202500fd1461d9bca9599c8498891f,climateglobalchange_tempestremap
100,23907d301e50ca3dccc7b568c25292fd384dadaa,climateglobalchange_tempestremap
101,23968403baf1ff978341bf583ea70940bf7c2102,climateglobalchange_tempestremap
102,2696670f6abdaf2e78697b57d7bb165d5dc9207e,climateglobalchange_tempestremap
103,27c1d9e3cdb63aede4cc177bcb524ea7514e575d,climateglobalchange_tempestremap
104,2939c99fd4698d12c2596c542dfa0e2270d9beb0,climateglobalchange_tempestremap
105,2a211db2d1ca20bc00f83b57bbb2020a048dda79,climateglobalchange_tempestremap
106,2b3fdfb9d8d77bfd65c117a56ae06f04a64f3f5d,climateglobalchange_tempestremap
107,2c97586427c5f97a130fa83cffbc53b4f18b67a4,climateglobalchange_tempestremap
108,2d481063723f4330909cc4612b8af1f7ae01ea39,climateglobalchange_tempestremap
109,2d95eb5bcf6d1bae9f672875125903da89ae51f1,climateglobalchange_tempestremap
110,2d9d2381f5bbfe07301d370ac545fbd5e53b2146,climateglobalchange_tempestremap
111,2ea9c13222264564e6c046151e7e4640de456626,climateglobalchange_tempestremap
112,2f3f4c691353dcca27d937be12b67642b958bf4f,climateglobalchange_tempestremap
113,2f5ad55d74d31e8290aaef2308b6db4f9873f690,climateglobalchange_tempestremap
114,2f60520a8790574f0b238937b49dbc4515f0f2fc,climateglobalchange_tempestremap
115,2ff12c8bbbaa37cbabdbc577193eee3268123fd6,climateglobalchange_tempestremap
116,3030c2a890ecd6cdab7f2c6f477b64da2a7dc978,climateglobalchange_tempestremap
117,304992500df1045959fe46a9e788edc90161c62e,climateglobalchange_tempestremap
118,307ed9ce1442f355957956da253778730b5639fb,climateglobalchange_tempestremap
119,3081f8dfc36655ae45225c2728c72305a742eae3,climateglobalchange_tempestremap
120,30c3e4c02fd671bf767ca4f58267550921d4130b,climateglobalchange_tempestremap
121,317890663097d9cf537be78df7f84055300a4ccd,climateglobalchange_tempestremap
122,31baddb711f863d5bf5b42899b24ee8451d044fa,climateglobalchange_tempestremap
123,31e51ff650419c6345614e3283f43bb7d5094acf,climateglobalchange_tempestremap
124,31e8ed6015304d501224c3d2130f4fd3f2594173,climateglobalchange_tempestremap
125,3213ed5986960a546d021445b3f945ddd544c222,climateglobalchange_tempestremap
126,32213e65d4506531cdd62e9254a54162fe9ab215,climateglobalchange_tempestremap
127,32e54b442b550ab635c5ddb1528dccf0c89aa429,climateglobalchange_tempestremap
128,32f939ec294016d7003d7533cf683261893c2801,climateglobalchange_tempestremap
129,3358ed9c90fd73decde2aa7b61045b1db69a24c6,climateglobalchange_tempestremap
130,336e9bd941081b304084bc09daafc5b90ca91827,climateglobalchange_tempestremap
131,341ee35a893c35051158fae828def90c51c8b28e,climateglobalchange_tempestremap
132,34ad0aa56f0d510bfdf05f8fe05e84aa608017f5,climateglobalchange_tempestremap
133,34f2628d800539e8d81d7f79f7ad873fc9eb8ca4,climateglobalchange_tempestremap
134,356381b4e7214519031682c17767a544a33e04a6,climateglobalchange_tempestremap
135,356b9ccb030316029d5541dbc3b52acd7a6f2ff3,climateglobalchange_tempestremap
136,35d42ac9be02c4c4e5215df78aa1e6ff8f95d3e9,climateglobalchange_tempestremap
137,35f627c7a0839f248db53c87a358e2e5792cf643,climateglobalchange_tempestremap
138,364a39757f3bcf419067dd647e9f654e51b9d367,climateglobalchange_tempestremap
139,3716657282be306986a624399c3fca02423b3351,climateglobalchange_tempestremap
140,3742d947395019583f59de28bbee932c47296c8c,climateglobalchange_tempestremap
141,38677165df4ab72c105b4d9a052d78e47762683f,climateglobalchange_tempestremap
142,386a9182c354ffd2fdf190c2a79639f8d0a62de9,climateglobalchange_tempestremap
143,388e6cc3a5ddd48516c0f24791b21d519ab8a100,climateglobalchange_tempestremap
144,38f4c7eaca94af86de7cedd17f46cd6b150178fc,climateglobalchange_tempestremap
145,39a89e3e0ee4cb5b9c06d02967efd3177ade62d5,climateglobalchange_tempestremap
146,39b2041cc060dc45ae6874375b383ee2f0dd1cc5,climateglobalchange_tempestremap
147,3a22262f0a11e149a5d9a5d6b26b67e8c3d9665b,climateglobalchange_tempestremap
148,3a27bec2b6591ab3b337cf3b89109856489b8790,climateglobalchange_tempestremap
149,3a564aa612b2b2a3fd4ef23711f45dd8603ce64e,climateglobalchange_tempestremap
150,3a877c48a52add842b28feb55a091e27270abac1,climateglobalchange_tempestremap
151,3b5f7612319ec4ff50db9594931a68782485108e,climateglobalchange_tempestremap
152,3b8d6d39b938e519e27ae26972e51af630772547,climateglobalchange_tempestremap
153,3bc3fb0a4f8ef60579dcdcd6cae4968101c73e89,climateglobalchange_tempestremap
154,3bd61b444d285f48bee96a3cd11d00c925b1eded,climateglobalchange_tempestremap
155,3c24da72c14043fc8d90047490c3ceb3a3f8b380,climateglobalchange_tempestremap
156,3c66fda8f043eb13ab6a84bbc6ca36226807373c,climateglobalchange_tempestremap
157,3ca3ce5869f859c95161507dfaba72b79c84af72,climateglobalchange_tempestremap
158,3cc0a5e2f998accdebc46b9cfe412ac5d742225d,climateglobalchange_tempestremap
159,3cddce18ca71a66aeea66946abd3798b2a0ecf34,climateglobalchange_tempestremap
160,3d340b740154f177356494ae99d88e719e2ce41b,climateglobalchange_tempestremap
161,3d4ce371ffd317f2c2308bb9f797432680424b8b,climateglobalchange_tempestremap
162,3d64096285f566e029402c9fcc9c89fdc8cf4d86,climateglobalchange_tempestremap
163,3da3ec897b692a3af5b40bedbbc26c09bb2db0b3,climateglobalchange_tempestremap
164,3dfbf0183719313dd367e31b6fea5d77c3cbd385,climateglobalchange_tempestremap
165,3e50d9b396e6ec5938cf00e70ccbbd67db8af771,climateglobalchange_tempestremap
166,3e57d161fd69ddca2076caf4b017aa2b0e4eb088,climateglobalchange_tempestremap
167,3e8c6e36c85acb73d4111ce6988bda293df4e081,climateglobalchange_tempestremap
168,3f5cc1a4993749abfa7943151278b08fab21492d,climateglobalchange_tempestremap
169,3fc7bbbee1f37e75040729612a7b765f7ef35e79,climateglobalchange_tempestremap
170,3fcfa2a4c693a05de7e4c3f7a31c367d32260637,climateglobalchange_tempestremap
171,40d29ca16c6e67d661fefabc4bed925c86997406,climateglobalchange_tempestremap
172,412858519d08f17d6190c35843c6d3e53eaeb470,climateglobalchange_tempestremap
173,4209ae31bd07acaabd4317ab3a87a175a124e848,climateglobalchange_tempestremap
174,4244573caa989fa5f5c905f79eaea2981d5336b9,climateglobalchange_tempestremap
175,428f4d72d13d63a510e9ac734d2685d276f924ca,climateglobalchange_tempestremap
176,42ccbda8013919f138fca952bed33a618b7036d5,climateglobalchange_tempestremap
177,42e845416595b6d27f1d9d68ca0e48dd32146aef,climateglobalchange_tempestremap
178,43072ec7655ac47c82159a9eacdf89b5bfd920e7,climateglobalchange_tempestremap
179,44755ccf9eda96aa15ee533c6a5f52c3a909e642,climateglobalchange_tempestremap
180,44c3221f92764d8e8bc5881e6acc31069e856955,climateglobalchange_tempestremap
181,44e298668c34adb1b33d837e22bb4d8c51b1f169,climateglobalchange_tempestremap
182,44fc86e8745d27fbbe5cefd2fa912b6a8a6ab7b1,climateglobalchange_tempestremap
183,45153d715ba0bc6fc0f8a4407dc962d7bc6f57b1,climateglobalchange_tempestremap
184,45dab5edbdc5c1241e89d3fee498c6f1692280d7,climateglobalchange_tempestremap
185,460302f38f9a52195453c79e071e498a31484447,climateglobalchange_tempestremap
186,46c4723f0d6008d30aaf5c32335575e68411d30d,climateglobalchange_tempestremap
187,46cc58c43fe41a974f9d72793fd64e24e7dc1fae,climateglobalchange_tempestremap
188,471ca3e34051f77c42353e68f7bc5cf8463beb8d,climateglobalchange_tempestremap
189,47b7baccd38cff13226462df32fda61ef9d19dc2,climateglobalchange_tempestremap
190,47ccb64901c8b7e1cbf81240174172abdafe6359,climateglobalchange_tempestremap
191,48898bee90155db0b6707ba736bccd5a6499bbfb,climateglobalchange_tempestremap
192,49aa6ec2d550f6b3d9685ad35cf7df859d6a9955,climateglobalchange_tempestremap
193,4aadd945afd2cfbf5addf414fdb5e86ad68b5505,climateglobalchange_tempestremap
194,4b400eb67bab278e6c3d1229feccfc480a233634,climateglobalchange_tempestremap
195,4bc5981874dd73372bc7d21f9a0f9969756dfe30,climateglobalchange_tempestremap
196,4beed283614b7f1e895563822b93d217ef71a532,climateglobalchange_tempestremap
197,4c1a86d3e0941465ef0f4e8f803a56311ba68e87,climateglobalchange_tempestremap
198,4cbd6a28b9383f5ab27f7ffb65dfdc3b7e506b12,climateglobalchange_tempestremap
199,4d1ebf936d99fa169b8fec0f7d734293c6662589,climateglobalchange_tempestremap
200,4d2db8da5092364dfb91e4b1d787b1e94bd4dde3,climateglobalchange_tempestremap
201,4dbe004ae15f6ebfafb3c6d52be97f4e8ad0435a,climateglobalchange_tempestremap
202,4f5b1d89b7c71a09831e070ee11d06d263d500d9,climateglobalchange_tempestremap
203,4fb043202500bedaecfcb7f8204bb8a8b6c6346f,climateglobalchange_tempestremap
204,5062ff9920e695ee67641f5f2b9216dda3a9518e,climateglobalchange_tempestremap
205,508972c55b888d71e3025ab3165c493b28d29621,climateglobalchange_tempestremap
206,50b886f05f1bb728717997dca51997c3a92849dd,climateglobalchange_tempestremap
207,5168f9c771841d1a08bba5c754cfe3024faba442,climateglobalchange_tempestremap
208,52978a73eb58a10f6c436e3907955b752d348500,climateglobalchange_tempestremap
209,531da6298b8924b56776ecf30cce0af60d7a8144,climateglobalchange_tempestremap
210,539dfabfb822351e86d575b6eb109c56daec0944,climateglobalchange_tempestremap
211,53adcb10e60f69222d990d7384c8648c17062baf,climateglobalchange_tempestremap
212,53dd75a249ba425a3c3221bb8c6d62e39cc73354,climateglobalchange_tempestremap
213,53e57f5262aa8d463747b02185333e4e7afd2ef7,climateglobalchange_tempestremap
214,542c3601c2b1d450be8d557a86110c2fa64f77e7,climateglobalchange_tempestremap
215,54b221b26218d67029e644144a06eebf11662524,climateglobalchange_tempestremap
216,54c9028f6f8fa5bae3792c3963ccf7178b8cea32,climateglobalchange_tempestremap
217,54cf481a04d0c6c96009ed6706e7986aeaedb6cf,climateglobalchange_tempestremap
218,557127a462b1e5ce7823da80448a538e32a58027,climateglobalchange_tempestremap
219,55f0f0ad80d172e79399886d20ce624ac477891b,climateglobalchange_tempestremap
220,55f2df1360b542bb10bd8f6014a62806f201825b,climateglobalchange_tempestremap
221,5666917dfd6b18b10a66f1069220d667c32d292b,climateglobalchange_tempestremap
222,569863e46e1ea6cc9223ba868e98d26ecdfab096,climateglobalchange_tempestremap
223,56cae05073e7791ef7c697c934627902edcaa959,climateglobalchange_tempestremap
224,56ef7e012952b61341df3a5013b0751c0c6c666f,climateglobalchange_tempestremap
225,57111d72fba84e3670821476877a6f42ae83886f,climateglobalchange_tempestremap
226,5787721b85d863db4317d014b430fec24db1ad22,climateglobalchange_tempestremap
227,57cad187eeb6ab9d42a5eeca95e1f4bb39108a9d,climateglobalchange_tempestremap
228,57d3a03e3656719ca759c3b6096d215601c669ef,climateglobalchange_tempestremap
229,58021888d02ab02bea2ccd4b26c3e6d65de40544,climateglobalchange_tempestremap
230,59e17b652876f710b388ee89d856239b9cf03e8c,climateglobalchange_tempestremap
231,5a47373e70cc5388182500171f4546126379406c,climateglobalchange_tempestremap
232,5b4561568ef4ead5c6ffe2cce5f97a9233225b1e,climateglobalchange_tempestremap
233,5ba30d85ed2911154b70a3f1c72b28e7afead08d,climateglobalchange_tempestremap
234,5bcc9ea1df55c6697145a539601c551754902401,climateglobalchange_tempestremap
235,5bf038f1325a5c42d38a702c902312fcf7d452b4,climateglobalchange_tempestremap
236,5c20bf4ef70248f8b8ec4074a488cd4aba960a10,climateglobalchange_tempestremap
237,5c29967919ff357f3f78f48766a0576ecca04ce6,climateglobalchange_tempestremap
238,5ca32b0d2e1a051bdc985e7cc3e71b1382bb9a3c,climateglobalchange_tempestremap
239,5d60dd60b17ff10366539e0920dbd29e0bf64e34,climateglobalchange_tempestremap
240,5e2299c3e288fc5849f2bd42cbaa82785466dad3,climateglobalchange_tempestremap
241,5ead8fb74481307f8becfb6bc7565d70e4365b5c,climateglobalchange_tempestremap
242,5f0319024f6ecd47e3a9eb039c06765a25bec4a7,climateglobalchange_tempestremap
243,5f2391600052c399fa55c8961c018c32936adbe0,climateglobalchange_tempestremap
244,604f1bfd48871cec887d68049a5344f753c07920,climateglobalchange_tempestremap
245,60b99cad4be24edbe1eaecab0c3a4ffd2e7c9c32,climateglobalchange_tempestremap
246,61f8b38d7517d63ecfd97f6d39dd9e4c48f31903,climateglobalchange_tempestremap
247,623c206e8f1fb823138a922c1254b967c9468d60,climateglobalchange_tempestremap
248,62a493f6e2058e9b3e2e002f933d3f4389bd92c8,climateglobalchange_tempestremap
249,62c7ee5ca8a98b552220f4cd0abc46350f20615b,climateglobalchange_tempestremap
250,62e876054b7a6b700af73d23c5bcb5472b1c0469,climateglobalchange_tempestremap
251,62ea5a073124014d1d12a3e44b64afe5f110f65c,climateglobalchange_tempestremap
252,630864a2867157e51d101c0be7d962861669c94b,climateglobalchange_tempestremap
253,63633ea2e5ec74ef563d0a41252508f29ebc4beb,climateglobalchange_tempestremap
254,63880c4b8221c78fb41c02fea1f8a5194aad0c69,climateglobalchange_tempestremap
255,63d7d9ec89aafaa45e47278c7e99a6cc530019e8,climateglobalchange_tempestremap
256,641d5b2563f0abd0ac1dda6f8525ebac80f3b0fc,climateglobalchange_tempestremap
257,6433fde82e112e14fdbd8357366e3dd9909001dd,climateglobalchange_tempestremap
258,64a8d101b0d8a775d7f8e4ab04b33043fd69a9c5,climateglobalchange_tempestremap
259,64d7450b51809c85c47a21761e1701dea5ab7b72,climateglobalchange_tempestremap
260,650f76c8efaf8e6d4c47f7a80be0a7ebfbfd2209,climateglobalchange_tempestremap
261,651646883b9f4cc05ed413daa5b57ee9b7c11209,climateglobalchange_tempestremap
262,6550e8e6d36c530c0a25da7d3fb3c3788eefaded,climateglobalchange_tempestremap
263,65f9924925a41e59f6d1b56fa7bdabbff20fd222,climateglobalchange_tempestremap
264,6694fe375f470f24fb5bb0f107c5320345eb4921,climateglobalchange_tempestremap
265,670ffe04df4b1a6339346325188a6d443af7b8a3,climateglobalchange_tempestremap
266,672564ac777e093a96f5f03c2e0682ad579f0178,climateglobalchange_tempestremap
267,67c46b164503bf11bd989a12f4aef0159c1f8784,climateglobalchange_tempestremap
268,67e87e90b5144af855c878674f4a927b6ac4131c,climateglobalchange_tempestremap
269,686403494d31158879cbabcc6e245b2db7d0fde5,climateglobalchange_tempestremap
270,68c5f924ed66fd587d237a5b88cd1682847ea344,climateglobalchange_tempestremap
271,69c1469cd48ad4e4914ada526525fb5644fb00d3,climateglobalchange_tempestremap
272,69caf99b9c14ce1db5bfb4d6042c8fe378715d8f,climateglobalchange_tempestremap
273,69ee0e6a83845ea94ea44c3a30faaa3fb7342b43,climateglobalchange_tempestremap
274,6a0b0023ac57f10a0a7ea3d2dd6b63c847781f70,climateglobalchange_tempestremap
275,6a3159e9df3557bb9a168b58d0b3666af13d4698,climateglobalchange_tempestremap
276,6a4854e1e8f17ab7e286e3a2706a92cdbca6664f,climateglobalchange_tempestremap
277,6afc436ab3dfc9801876a4ec68a7f3e95461dc7f,climateglobalchange_tempestremap
278,6b069e7a673d0fbc93b4131f05bf87a86663c126,climateglobalchange_tempestremap
279,6b9dfcbea562246c4c25748940265db285a4cac7,climateglobalchange_tempestremap
280,6bdae416d6e4cae715fe73f5732f939d27bf2ded,climateglobalchange_tempestremap
281,6c0ed1d08129e0aea050c304ae06224fcc918df0,climateglobalchange_tempestremap
282,6c171aedcf38cc646ac8695c27be1b09dab9fb06,climateglobalchange_tempestremap
283,6c1de87b3ff8654e17042adc7e6bd1c17e78d7c4,climateglobalchange_tempestremap
284,6cbeee30cb98d69311029e46328d1fe84d52059b,climateglobalchange_tempestremap
285,6cda2fe18a9b9b830c873b0eabec79748315bcae,climateglobalchange_tempestremap
286,6d54dc86c18affe20065756e40d6e270841fadc9,climateglobalchange_tempestremap
287,6d83fc5bed82171c6c93a7c703188667af2a8200,climateglobalchange_tempestremap
288,6d9f35a6581e7dfe8c4bdb2b13f0bb16a0c71d1a,climateglobalchange_tempestremap
289,6e2a49d403883d48a311e03c94833631bf7ad123,climateglobalchange_tempestremap
290,6e5554e84f1a0b99454f732e653295c9ba81ddda,climateglobalchange_tempestremap
291,6e76c6f155643aedfb01b015f74f7276b3e6f75a,climateglobalchange_tempestremap
292,6eb92192f8b83a0cb72eeb2060ee5b84f8d06c80,climateglobalchange_tempestremap
293,6f1b7839a919482606caee6ca5ffb114f2241e29,climateglobalchange_tempestremap
294,6f24ea33633fcc6a56eff36d5943343b84530156,climateglobalchange_tempestremap
295,6f74d9ce7aa86f66bc77ade001b06970a823ea47,climateglobalchange_tempestremap
296,6f8f6e0c10403a8aaadf417559a48b7d2386f499,climateglobalchange_tempestremap
297,6fb37ff4ff5ce1525068b476a7065c9abe475559,climateglobalchange_tempestremap
298,709288ec58d9d146afa14bfd8bbcecb4d75db45f,climateglobalchange_tempestremap
299,70be3a4468352fc93469854183a3e7ea656d5acc,climateglobalchange_tempestremap
300,70edc4825225c81dc46ed00afc51a05a57209b4b,climateglobalchange_tempestremap
301,70f6fb436352eb1049883b361e3aef78c6c26406,climateglobalchange_tempestremap
302,70ff872fbc3c0e97e8ec5d21405683d7ea519741,climateglobalchange_tempestremap
303,7150a09eb95bd8ca3c763418026912fd608f4fb2,climateglobalchange_tempestremap
304,723f581ee55f0e528b9cc6772a376c96a2e5e939,climateglobalchange_tempestremap
305,7247603f0e654f64e0328a7bd4074d5c2d2cea21,climateglobalchange_tempestremap
306,728147a63dcb58d48f5c0e70fcb374bdaf8b1f78,climateglobalchange_tempestremap
307,72b3c6fcd2d2210bdbf7f5216c81fb3c0ab61c8a,climateglobalchange_tempestremap
308,72b7a93fe1bbc36d1a0e3e962828d71ab66c8b2f,climateglobalchange_tempestremap
309,72df14282a2e90223654da655a3a743bff3e60b8,climateglobalchange_tempestremap
310,731eb595874efae283d0aa7be3b8a8ec9e63adcb,climateglobalchange_tempestremap
311,73c7db65843e894620e3597f0e6a5c05d39c70b5,climateglobalchange_tempestremap
312,73d0e82eebf6721bbba688397955ba88f9f4ca63,climateglobalchange_tempestremap
313,73d6bc1583340c379af8cfa80c0bf57571aa293f,climateglobalchange_tempestremap
314,73dec81bd63a48d5b0912169e95289847afd42c6,climateglobalchange_tempestremap
315,742e2bb4e07a5d23ff0de3204284dc41fa0ecc66,climateglobalchange_tempestremap
316,743e78119f8408298d50e765a9e9b0280a8c63b9,climateglobalchange_tempestremap
317,74870bd56ce78df6b378d9693c55d378fdf8969f,climateglobalchange_tempestremap
318,748c469530655418a8f4cf11c07ff970ea51ea62,climateglobalchange_tempestremap
319,7542c93fcac0590899fb20228594034166b3b03d,climateglobalchange_tempestremap
320,757acd1f12d4be24c6f8d8b07e9df8d725aa49b0,climateglobalchange_tempestremap
321,758790dad1c18736dd30327fb2f8155bc45a0db7,climateglobalchange_tempestremap
322,75ac6b1a6805e21bc8fc1c54138f231685ea17fa,climateglobalchange_tempestremap
323,75f1755dfb1db0dd63e482e95ba972760d3b9c0c,climateglobalchange_tempestremap
324,778d73e0b0354f9b405e200406e9fa21d004692b,climateglobalchange_tempestremap
325,77b05b04814629b90c4a6e17148b5db9c5083f5f,climateglobalchange_tempestremap
326,7812f5faba6c41eece7bbf4be38056d2ae05bc6f,climateglobalchange_tempestremap
327,7832eb0e31418c5bf78a66f2eddc4cff605bf5a5,climateglobalchange_tempestremap
328,7840f1882f59c2d46cca35dfd5e1a3c75bb4ad31,climateglobalchange_tempestremap
329,78aeade3f5cfde891d768abeb6edfa7f1b56a4c9,climateglobalchange_tempestremap
330,795289a491ee2dcebf1351a5086d9e22ee4c65d0,climateglobalchange_tempestremap
331,79a0ebff9a94d34c1b88d3700af332635691faed,climateglobalchange_tempestremap
332,79e72ab203b7fd0049ee6543181e3c204c16a167,climateglobalchange_tempestremap
333,7a1ef12154bc8c1e6044c9cf46b7e7b160e4d0b9,climateglobalchange_tempestremap
334,7a49a7e68ffe9b2f220237d12599552ce24a0c38,climateglobalchange_tempestremap
335,7a9fef39b9115bb20c72f49b83a3ff18d6ffe6e9,climateglobalchange_tempestremap
336,7b165db537b9b978b3bc5e22071628786b0d6bca,climateglobalchange_tempestremap
337,7b19658c99f69f8545bad8a573df540d755c1fc0,climateglobalchange_tempestremap
338,7c00ba5bf9dea1e02972ea9f3c72c251a223f755,climateglobalchange_tempestremap
339,7cd8296959bb65ae26c0641beefe7d69acf5d658,climateglobalchange_tempestremap
340,7cdbee41302053654a3b44c7277025ea53283505,climateglobalchange_tempestremap
341,7d3e78d55de6345d3a31932cf242adfce50ac1e4,climateglobalchange_tempestremap
342,7d42844b393daf1cc551dc8f1ae73b3ef45b9aa1,climateglobalchange_tempestremap
343,7d776867a1fca3b8c8edb009ecb892092ac81711,climateglobalchange_tempestremap
344,7d9a9de05f0a97bad71d12be09d6710c53fd7a64,climateglobalchange_tempestremap
345,7de9deefac804614700e0cfc6c13bf31592d4766,climateglobalchange_tempestremap
346,7e2f44414fbb2e3db32e17c85f0d7323080b6c44,climateglobalchange_tempestremap
347,7e4f5e267a8997d76b811a6e9f0904b65dd27996,climateglobalchange_tempestremap
348,7e619d1e8ca59502a64d44cc234ebce5be35a2d6,climateglobalchange_tempestremap
349,7e89cbc44eb8210ce4e7ddc19c46d23991608197,climateglobalchange_tempestremap
350,7ebb24bc4e43295421829b0c210795cc83f2947b,climateglobalchange_tempestremap
351,7f46605b2bd7260f01a927b5b7da5dac35460651,climateglobalchange_tempestremap
352,7f9cd409c4168afbb3fa3606bacd4969d2ef8c91,climateglobalchange_tempestremap
353,7fa87ce840b25ba6d07db7be26b7e75c7f008486,climateglobalchange_tempestremap
354,8022c5d596609e9a9e84e63aaa423f7d8942c469,climateglobalchange_tempestremap
355,8107ab83d1fb8ea56fbae20003073521f3d5243a,climateglobalchange_tempestremap
356,81121b7e70b3f0fdbfc3c41d3c0a24d86976fe54,climateglobalchange_tempestremap
357,814156ba2640a29cfc701ff2c9ebbd140c96fd38,climateglobalchange_tempestremap
358,816dcb7a008692423ea58c09cd8de98139f81543,climateglobalchange_tempestremap
359,81b83ed56561b4eb99204f2584043ff00472c1dd,climateglobalchange_tempestremap
360,825d7d8075bb2b8b303d1e9732c213a043a62396,climateglobalchange_tempestremap
361,83b67dbcaed5f172332f87d55e24f13674ca6aa0,climateglobalchange_tempestremap
362,83bc28e287fe81e8dd0dd0d04496a99e8bfb7cff,climateglobalchange_tempestremap
363,8403ef1223b9562dbd6a792116ae4ef32eaf116a,climateglobalchange_tempestremap
364,851078fa591eecd09e6ee5cca4284821be0d7a04,climateglobalchange_tempestremap
365,85fd59e859cc012caf7f6077f828d9c9f4c962b4,climateglobalchange_tempestremap
366,861240f12f64d6ec9c6326db7b420c260283d9cd,climateglobalchange_tempestremap
367,864bc57d71bb458d944bd2b5a6f470888db8bd6d,climateglobalchange_tempestremap
368,868378a798ac267f2ca1b0e14dfb8678f7fc2796,climateglobalchange_tempestremap
369,86d98a64a7d636c36895e4b18f1a727a96073c7f,climateglobalchange_tempestremap
370,86e513de5591b47b767a7f020572b813cc0e7755,climateglobalchange_tempestremap
371,873b8af313163b29a03e2fa50a711ca57a4b5a9c,climateglobalchange_tempestremap
372,87a5ae8bb97fc0a5d4fb6e64d1a760654b7eb9db,climateglobalchange_tempestremap
373,87ab167fd8159b98ed9e7585c9b6a4b14fbc4094,climateglobalchange_tempestremap
374,87cc2323eef45b1b8f1bde38d62c701eab363ee7,climateglobalchange_tempestremap
375,8800deb3a17be7985e899e0f7ce24e0ad8b723fc,climateglobalchange_tempestremap
376,882008c08e05308a4bf387588b34856e2fbe3e0f,climateglobalchange_tempestremap
377,890eec52ad87b248e52d873a93bd94465439247e,climateglobalchange_tempestremap
378,8a258d5566ccc3b611c7bebef8cc1fc23b651ec0,climateglobalchange_tempestremap
379,8a51be575d83fbe86ef3406b7a138698facadd2f,climateglobalchange_tempestremap
380,8aa9e5b4a411601862409da629e4aba989d90437,climateglobalchange_tempestremap
381,8ab4c1f117500d58f5bf25222be2ac3d0443b6f5,climateglobalchange_tempestremap
382,8b91800db35bd8321198286946d1231bfe8e8971,climateglobalchange_tempestremap
383,8c149326a7cb08b27ab9594e3a4e7e946b0b64a7,climateglobalchange_tempestremap
384,8c1f31d0fb0e72bea3f73ba31842c3bf9b701a13,climateglobalchange_tempestremap
385,8c536200a5edec8c5fed517e7dd775323300e166,climateglobalchange_tempestremap
386,8c70096855038182f28745cc446a87367f6ef1a1,climateglobalchange_tempestremap
387,8c8b63471d6c1c6d9a67dbb76bd9a5e4003ca3d0,climateglobalchange_tempestremap
388,8ceb81ae13e61137867d180c56cf42c328b1b4d1,climateglobalchange_tempestremap
389,8cf41ee51882ffba842bbafe6f4cd55eafb88547,climateglobalchange_tempestremap
390,8d35dcd7c8a8a7f19e470598ddc9d6cc3cdbd7f0,climateglobalchange_tempestremap
391,8d908d7f2263f09e61a2f4b6abd955d8d2f5f99f,climateglobalchange_tempestremap
392,8dfdbc4bfc8e29e96e90ea966efd5e24aec4af3c,climateglobalchange_tempestremap
393,8e1b020f46e658bb80734340bd1d5d6948b5ef69,climateglobalchange_tempestremap
394,8e32519811e9dc5306023a5181f04570c4967911,climateglobalchange_tempestremap
395,8f4d41dcb12b71a770cf9c04c40df3f1eeb2ba87,climateglobalchange_tempestremap
396,8f7524b43a389ae8e8408e8cefb65ecce6d4c0a4,climateglobalchange_tempestremap
397,9005ac9d727718528d4b3aa3f1024978fa9b5398,climateglobalchange_tempestremap
398,9036fe286d95f7dd76093a105e7d26424417f172,climateglobalchange_tempestremap
399,904d35de884d1f7a251df53a7bfe838bab9bd340,climateglobalchange_tempestremap
400,9087150ca801b205071cea6fe235ded92ed27ac6,climateglobalchange_tempestremap
401,90eb4f251051cac6c11235660a233abd57eefed4,climateglobalchange_tempestremap
402,9113a0e3159a14394d7275ecf60ffdaf47abc528,climateglobalchange_tempestremap
403,918e7e55f3b1cd2b8c2e52db17ba2fc84ba40ebd,climateglobalchange_tempestremap
404,91bbc3e55a678d04024be762684b9a5ee3b24eb5,climateglobalchange_tempestremap
405,91e19894843da881ed882a09c326a22d39835f16,climateglobalchange_tempestremap
406,92bbe9c7ceef62669d3374ed82328a468b001e41,climateglobalchange_tempestremap
407,9311c75f72c8b432d2550c1eae7528245efa8457,climateglobalchange_tempestremap
408,932c3d10ec4f78fd954ede56f21cd62bf4be0975,climateglobalchange_tempestremap
409,936106b934d6c4d0635f974a4eb9e7cc261732d5,climateglobalchange_tempestremap
410,93884b2e0e831c984850d144840c4c015e7f477d,climateglobalchange_tempestremap
411,939480763266968cc61975e310dfd3d5a68e5d62,climateglobalchange_tempestremap
412,93ab86399f044b19eaf8a8fa2241f773c2d6faee,climateglobalchange_tempestremap
413,93c59eea2a8d78baa9266921f8040d25a741e1c0,climateglobalchange_tempestremap
414,93eec24998c2bad9f46940fcd69b1f123a473d06,climateglobalchange_tempestremap
415,944716e4c2092c9615fec59291230938d55fbc72,climateglobalchange_tempestremap
416,94fbd7289f81231274c6d7a20e56ad24e144a736,climateglobalchange_tempestremap
417,95460acfe5b1cf950de40e964bb41282449a711f,climateglobalchange_tempestremap
418,9586d822ee0aacede1d23e6e03a879f9580d8b2a,climateglobalchange_tempestremap
419,961f06247e6ab0e191c5fcd5dc0fd5a9cc97f83a,climateglobalchange_tempestremap
420,96214fb9cebf47ab4f3cef1a18447b741c030e69,climateglobalchange_tempestremap
421,96a6ff740154f1353e67a4c93efef7080b91cd45,climateglobalchange_tempestremap
422,972dc4bbbb96e24690b9855f768eea68c316bfcc,climateglobalchange_tempestremap
423,9747ff9291e950703dcebc50c670bed75d49af6d,climateglobalchange_tempestremap
424,976631a04070fc3fa8cad038268b76b601085065,climateglobalchange_tempestremap
425,981d3a2ce71fdc5e2f53c35839228165b8c95a5f,climateglobalchange_tempestremap
426,983676d25b72139ebb1904137d9f75fe3ee0c3bd,climateglobalchange_tempestremap
427,98470b4579db430985fe9bb2a503281e9ae39b39,climateglobalchange_tempestremap
428,9890de82da2d3820f4fdfa706892e85a020c9b7d,climateglobalchange_tempestremap
429,989d637e879a1d31a8ad3479ba2f35a56faa6933,climateglobalchange_tempestremap
430,98cc63da8a241143b7b8f89d0dc9950caeb3a07a,climateglobalchange_tempestremap
431,992f45827602ea309db2b98522a8be5878e563bd,climateglobalchange_tempestremap
432,99c9bbdc07804dce0b4221173cd9b25105c5c0e9,climateglobalchange_tempestremap
433,99e398b7c9c9db9fc0b69d65f316f43a0f8d4382,climateglobalchange_tempestremap
434,99fe6d748afab06b78f61029c9b7374879018624,climateglobalchange_tempestremap
435,9a926146a4bef75467c2a7232f09818bf1416f61,climateglobalchange_tempestremap
436,9b327edd82dc1e19ff1451b177c960587537e667,climateglobalchange_tempestremap
437,9b417a88d49a9a1d6d84d8a95fb3ae65f242681f,climateglobalchange_tempestremap
438,9bbaa54aa48dfaa1373568a2706acc5f117f59a8,climateglobalchange_tempestremap
439,9bdb83b1335450866a200ac56d64e94abb986af4,climateglobalchange_tempestremap
440,9c4cdf8332e4578a9b70d813c70bf8d7e9dfcf0f,climateglobalchange_tempestremap
441,9c6d2ea1387a9857bee7958f87060fd1f9c157b5,climateglobalchange_tempestremap
442,9c845b6443507648f536a3312195d7aa9f92c541,climateglobalchange_tempestremap
443,9d01dfce76adaec922ac63fa38a8a89325fa3522,climateglobalchange_tempestremap
444,9e3b4037f8d9a23c98c19da8d347ff1d895a8d50,climateglobalchange_tempestremap
445,9e82453059cb1aee0ea1373a59eb1d1fbe605f1c,climateglobalchange_tempestremap
446,9eae87023e1d6a533240424bb08940a3762fd237,climateglobalchange_tempestremap
447,9eb828633c57bfd09193f66afa102617870e9364,climateglobalchange_tempestremap
448,9ef99b9af12224fbde2f6bc994dd09285e9309a9,climateglobalchange_tempestremap
449,9f04d107db78d35e466030b699a663ef022fbda3,climateglobalchange_tempestremap
450,9f5fc2d0b13492ac053cd4bbe5bfc94f69b56d67,climateglobalchange_tempestremap
451,9f806ff098b5e812465e1968a5059bf59b0595c9,climateglobalchange_tempestremap
452,9f9b44b5fc02fa9a7e188013490a61481f1beddc,climateglobalchange_tempestremap
453,9fa41e1f85cd36b48eb182ca5ab6d6b7e9473aa4,climateglobalchange_tempestremap
454,9ffc7c49e51b6a2a4e1216daa5a0b7adfef6eaf1,climateglobalchange_tempestremap
455,a03cfb4e9a3682842e45472cf205a5eda5fb7928,climateglobalchange_tempestremap
456,a0c685af0c75f5c7038a5d9e343ac07fa905b8ea,climateglobalchange_tempestremap
457,a1fb19dc0fa6cc72eefe5bb70253a70aa06efca2,climateglobalchange_tempestremap
458,a24051df4335453b13cdb5ef61d530bbd550d0a9,climateglobalchange_tempestremap
459,a24b0afeb17a3d93afbdecf46f6fe63558013a45,climateglobalchange_tempestremap
460,a33eacbf9eb7a2a03ae903fe844b1e7a664187a6,climateglobalchange_tempestremap
461,a33fc68f80c9d5c4bce9e29c8d4dedf25ecbe10f,climateglobalchange_tempestremap
462,a449a20cab60097c0d42162aa932f5ec8f60bf83,climateglobalchange_tempestremap
463,a506ab17303df5ad24cace79cd0b8308529f4a5f,climateglobalchange_tempestremap
464,a53f6a9441b7fb4b88706f9d342efb0f34bf03b3,climateglobalchange_tempestremap
465,a56ddb66318eff4adafb30b76fc3adb8abdbb8d6,climateglobalchange_tempestremap
466,a5c4ec60c6b5d2080f6dd26c7295551a04a90086,climateglobalchange_tempestremap
467,a61989910edd9d9fcbcef6614e0a949c0a0ffbbb,climateglobalchange_tempestremap
468,a64b3784f0f5893bc9d44effa9454660f91f0a49,climateglobalchange_tempestremap
469,a69fdc7aea40a913d2c415322bf70e751c24d486,climateglobalchange_tempestremap
470,a6ef253411a99f9da2a63cbe1216c9495032188c,climateglobalchange_tempestremap
471,a73a3669d9f0128d6157952a44b13037482b48d8,climateglobalchange_tempestremap
472,a7c7eb41dfe074295f0af5785990e188924cc725,climateglobalchange_tempestremap
473,a7d8cab655fe771366113e729a442e6e8c80a749,climateglobalchange_tempestremap
474,a96c3ec4e9b71f43f817648be997561e6725adbb,climateglobalchange_tempestremap
475,a995c919638bd298b5d038a6d1454c43ade7f128,climateglobalchange_tempestremap
476,a9b4f93bb26f2e57a09852b004263e6f1345f4b0,climateglobalchange_tempestremap
477,a9d542249aff335a0c25ba35ff5d475016476d21,climateglobalchange_tempestremap
478,aa2d182abdba39cfa36b042e49c970990fdac689,climateglobalchange_tempestremap
479,aa66ee96bb09a8b5be4babf73f1d765cea0306d4,climateglobalchange_tempestremap
480,aa9f71d9e84df6f565afcb4631e825be1fcabe3e,climateglobalchange_tempestremap
481,aac754ca08acda873ba0a4930e4bc49427e588e9,climateglobalchange_tempestremap
482,abb830dc8bf8a1d092496fd4533bf12e651bb210,climateglobalchange_tempestremap
483,abc520dc226cfeb82de04651fc1471febea40a3f,climateglobalchange_tempestremap
484,ac2eda8c2aaddff25ebf6a27396f7304356922d9,climateglobalchange_tempestremap
485,ac70feeda28a18e8b401cee2ef3cbe2836a84fe8,climateglobalchange_tempestremap
486,acd6d3b9e29e74680534cbd227888a0de3b376c2,climateglobalchange_tempestremap
487,ace2275392a12459a096de373037661fa3a3ee22,climateglobalchange_tempestremap
488,ace8dd45503a5d70b6d6393b1fb82c6b920d1485,climateglobalchange_tempestremap
489,ad723a382b5079fb2dda2cfd09d7413a5dd5c49d,climateglobalchange_tempestremap
490,adbc07bfd4ebf03584e0c4a02e7aca484f7217e0,climateglobalchange_tempestremap
491,ae55e37c7cf5573c06f34be8823879072a8885ad,climateglobalchange_tempestremap
492,ae65ccc249036ce13ae4c40ef394c03a18c5eb95,climateglobalchange_tempestremap
493,aeb0805230994acfe5df9a6cae961c55c3db8f1e,climateglobalchange_tempestremap
494,b082e4baace22d96fb34eb7e2af9f8c213de2f38,climateglobalchange_tempestremap
495,b118cd2288c42a4cefc3d976a1039da963b16bb6,climateglobalchange_tempestremap
496,b12be824ab1cc6b87efb2998d7a6fc3ab7c8a124,climateglobalchange_tempestremap
497,b1d01941faf4c21779936ab48c57946c0f7063af,climateglobalchange_tempestremap
498,b27ef99650bfbdb2f5fd82c90dc5533eea961c33,climateglobalchange_tempestremap
499,b2a1b44f103c2eb802c6ac26cf75beea341d146f,climateglobalchange_tempestremap
500,b2b6fe5377f79e05eade7a9a899b4866445f7a38,climateglobalchange_tempestremap
501,b2ecd877427e81f373c64e7c907de7ac25b03c54,climateglobalchange_tempestremap
502,b312ce0076d0515a5f3ac2a7d7a603138ab1f147,climateglobalchange_tempestremap
503,b3ed6296682cbc397e7a05c620dacf3652f9c824,climateglobalchange_tempestremap
504,b42dc64fa624599f9f3156a818432778fc6359cd,climateglobalchange_tempestremap
505,b49649ca0e1283bdbace1b339d9d72c3a996a173,climateglobalchange_tempestremap
506,b499e0075e8d658b7390f8f5ad2f1769c07bc13f,climateglobalchange_tempestremap
507,b4b51ceaed02da14cade0e5b6fbbf7977b8eb956,climateglobalchange_tempestremap
508,b57f5a436ac7f30f45987e23d43bb7793ac4f545,climateglobalchange_tempestremap
509,b594d71ddf7749763309b7019e23346751d5e34d,climateglobalchange_tempestremap
510,b622790cc993998dff93e038af38d17b786c98b7,climateglobalchange_tempestremap
511,b6562701e978edefcb8c0765e7656e1f980fdabe,climateglobalchange_tempestremap
512,b71e9c5c9102cb6ba2f07bd9ddd6b9fb092e8da8,climateglobalchange_tempestremap
513,b773055dd265ef2a03b3ec2bcec8d2dee7c9955d,climateglobalchange_tempestremap
514,b7bd32f656d5b833b16010a16043f1530888a5b1,climateglobalchange_tempestremap
515,b7d1e56b9805fa380e1c434526977d62648d2591,climateglobalchange_tempestremap
516,b8b414676168126381e93eca9877d8c1e163add2,climateglobalchange_tempestremap
517,b8d30a9744d015035d5126cd3404fcaae00b6c0d,climateglobalchange_tempestremap
518,b936c94aae9ed5effff42577ca99dbeeb364aa25,climateglobalchange_tempestremap
519,b9c8c60c0ef162b18c9030653455b2f94ef45a25,climateglobalchange_tempestremap
520,b9e2984d921591c56d80a93ffc7eab63561d12f4,climateglobalchange_tempestremap
521,b9fee9423baf4408c6382a23380ff968b5a001cd,climateglobalchange_tempestremap
522,ba7f0c5e7a357ad998a29f8e43cb9d6465106c9a,climateglobalchange_tempestremap
523,bb3e861616a4281acde132ff4aa3022341a6acf5,climateglobalchange_tempestremap
524,bbbdcf2611569e06d2baaede2a83aae0a6d53536,climateglobalchange_tempestremap
525,bc7314899cd3d33f134625393e8976f1fc19f9f9,climateglobalchange_tempestremap
526,bc8f3f5b5500cf981788bc511c50faff602b465a,climateglobalchange_tempestremap
527,bcdc3d331386eb2dc439a01cb94864dff3dd30a4,climateglobalchange_tempestremap
528,bcdc4f1d865b43b7b96c77dde2f9adff5f6fda13,climateglobalchange_tempestremap
529,bd83e211208f9d77ff9015d2c74641f57df6afae,climateglobalchange_tempestremap
530,bdd14c5de1af1144e468ccbc4f7f6056d1ee3a3b,climateglobalchange_tempestremap
531,bdeab6302fb80be51874d6c72edcbcfbba340ab4,climateglobalchange_tempestremap
532,be54585a1c396939a7c93668bce6903c46671c16,climateglobalchange_tempestremap
533,be579d5d642a5d8b0060978cc9e139f08ff1684d,climateglobalchange_tempestremap
534,be7a6f2f2e3798afb48516923c5464c23f2bd3d9,climateglobalchange_tempestremap
535,be7d0753766680b3a1166c81790a7e14cb4e149a,climateglobalchange_tempestremap
536,bef79a3bfe9d01c9c9e3fdc4d47d7490cba3543c,climateglobalchange_tempestremap
537,bf9e4de4894067bb7120c5601d72a64cf0d06d18,climateglobalchange_tempestremap
538,bfe5cf1f04ae117c8422d9b78c6d948da6d7495d,climateglobalchange_tempestremap
539,c04fd7c87f6acffee85f10a8a000fded06927820,climateglobalchange_tempestremap
540,c06920bd5dbc71a5817b06d9876a7ae2ea3100ee,climateglobalchange_tempestremap
541,c09166260a81c1c013fd95a2ca41809946999c31,climateglobalchange_tempestremap
542,c0a5a804ddc0bdbed355df931cd4e19f13ca4840,climateglobalchange_tempestremap
543,c11e3476846370c1c0945564bbee66bc5c5baa94,climateglobalchange_tempestremap
544,c121ed4075a9bb1334a2111b247ec9bf5d152a56,climateglobalchange_tempestremap
545,c1279350af47e96a2d003e8ec672f30727e04011,climateglobalchange_tempestremap
546,c190a1492b1bc5b78649363e52f398a0f49ce13a,climateglobalchange_tempestremap
547,c1c85f700a1ea20005f26697f4f605858d81ce77,climateglobalchange_tempestremap
548,c1e11ad9650fbe54160aa12098be71f689bc74d3,climateglobalchange_tempestremap
549,c207f623a608eb1855be29f3d9ed6939a055e0a8,climateglobalchange_tempestremap
550,c300bd2fa2cb09b598531330926d269f1f4efa39,climateglobalchange_tempestremap
551,c3cc49a62ff6de341d5d94e85abfb98a9fa9b4cc,climateglobalchange_tempestremap
552,c3e183a778f0e61264931482db7c9fb27643e81e,climateglobalchange_tempestremap
553,c4609d90e2d203208ea76b28bec444664bec780e,climateglobalchange_tempestremap
554,c4e426d3696bc67e3a5063fc74c01de44a03d7d1,climateglobalchange_tempestremap
555,c56bfdcf735a7d126208ce06f3021b55a451cdd6,climateglobalchange_tempestremap
556,c5ec5d43a884745ca579c27cf75c2dbf2d2d2f28,climateglobalchange_tempestremap
557,c5fa841c6fab5f1a6a8e86da1592ff356bddfcfa,climateglobalchange_tempestremap
558,c63b3eff42341da6e9998df66cb77e0b8f50c31a,climateglobalchange_tempestremap
559,c66c6edc0afd8bb65b11ef604aa6a86f4b5f5678,climateglobalchange_tempestremap
560,c7033c5352dd78e619c68b5c20079903b15c7e45,climateglobalchange_tempestremap
561,c7542aa531dc5970815f3a9dc32c38d73e4c0b64,climateglobalchange_tempestremap
562,c78d4bdd1528cc0cd170c6c78a461fd84375a50b,climateglobalchange_tempestremap
563,c7f27b8fae7f1cd678777e6e77339b975832aacb,climateglobalchange_tempestremap
564,c80858c3624df07ae55a8a9ff2af62b3df9190c8,climateglobalchange_tempestremap
565,c870b2e1f329acb4b68a9ad5179ed87f2babfb71,climateglobalchange_tempestremap
566,c93dfbebe18f7eb6944055ee93f0d2a4da9a3a6c,climateglobalchange_tempestremap
567,c9612e8a6ebbe8f5660bcb6be51180d45d28e525,climateglobalchange_tempestremap
568,c97585937c84ecdc4e5cd0f59b322b324635bd63,climateglobalchange_tempestremap
569,c9c5373f178f90e41bc415fdf8be1b8656e2cace,climateglobalchange_tempestremap
570,c9f46c1e99b5744b612a33d030854f679086daf4,climateglobalchange_tempestremap
571,ca461dad8604cdf5335ceaf10eed00a90af36d28,climateglobalchange_tempestremap
572,ca7f10cd38cef461c75adb77e7cac658ad27905e,climateglobalchange_tempestremap
573,cb03b3708aa1de0b5d129bef4f23472b9beb097b,climateglobalchange_tempestremap
574,cb5f8d7e1cfba7b376603f308354479e738e76cf,climateglobalchange_tempestremap
575,cb89e0bfba025ab5721125c0e7f9dfd02513888f,climateglobalchange_tempestremap
576,ccdcad236c36e76f97133248a6813f57e8e831a5,climateglobalchange_tempestremap
577,cce73e4260ccccf68ea8085ce1056141f473e874,climateglobalchange_tempestremap
578,cd0fb6f3a1e48c9a7d1bf13395bd09985225f906,climateglobalchange_tempestremap
579,ce1a1e0aac3fa0bed695548bb96d7c2a1fffd395,climateglobalchange_tempestremap
580,ce4716d421bfa34adc221b3364ea7aa7e2553679,climateglobalchange_tempestremap
581,ce92a4474600adf4053248ed8e5bd61d20258a0f,climateglobalchange_tempestremap
582,cef2a0d52c5c6078f93716c411e8fe62f78d2ee1,climateglobalchange_tempestremap
583,cf0d4fe9c4ae8654688515b8ca78976b0af9297d,climateglobalchange_tempestremap
584,cf111a4e278bccf65798b6280a1835a82ad9854f,climateglobalchange_tempestremap
585,cf2720fe2f3f974ab409795f1e3b2c204af1bdc8,climateglobalchange_tempestremap
586,cf58f2ac009c2089373c58ecf9c17b347e46a893,climateglobalchange_tempestremap
587,cf64a7ca62311bca7df506c7a2d312378e0c77f4,climateglobalchange_tempestremap
588,cf778be0b6a8fbe4c676bbe022d2d7ef791bd3f3,climateglobalchange_tempestremap
589,d0205bfcf00667ce46edf5c6510347663f6ca79c,climateglobalchange_tempestremap
590,d046e41d5cdc915a34fdf59d721fc38abcddd12e,climateglobalchange_tempestremap
591,d0d96ebd55956583379ab568cc7e366a4bf41d20,climateglobalchange_tempestremap
592,d2603029b1b7c5d18f29c47849bf2a36ffec4438,climateglobalchange_tempestremap
593,d275dee9bad879f163097ab1647e58f4f89460b9,climateglobalchange_tempestremap
594,d29375d39224f17459b07fa0cd59990fed5fa2dc,climateglobalchange_tempestremap
595,d2e0bc4318140778348791113dd5ac4f9306990d,climateglobalchange_tempestremap
596,d2f7746dd2c8407d464e2385c181af22029a6d4a,climateglobalchange_tempestremap
597,d32279c980cefb8b882c8ae5a89e02685a0b2314,climateglobalchange_tempestremap
598,d3732dd39fe794babfd73b4b97882e2ef339701d,climateglobalchange_tempestremap
599,d3f233666178371857c406534d95f114f70089fa,climateglobalchange_tempestremap
600,d4619f4f0af53cc0c3a875c83099e8d56d608fd3,climateglobalchange_tempestremap
601,d4769b679d344d772d546e22c13bfdd560835828,climateglobalchange_tempestremap
602,d4b5a56a36aed42e10ea3f2c02ba81fc8d4c8eaf,climateglobalchange_tempestremap
603,d4c1761276f7f51103e619ae7b9d357b616e0275,climateglobalchange_tempestremap
604,d4d88db94e1fd3d0b60e6ea83bd8ca1264ccdd84,climateglobalchange_tempestremap
605,d544fc64c25dee0727d0c270a47287023a4c9997,climateglobalchange_tempestremap
606,d55ff45afc98426c18421a9bda6bf459fe40591e,climateglobalchange_tempestremap
607,d5f699e442cbff8aaa4df633807793be1aacbdde,climateglobalchange_tempestremap
608,d69de6a6a0914f63e5e6c7828fabae761212af62,climateglobalchange_tempestremap
609,d74e24f2efc82941cd420840a32eb4e5d3cfaa28,climateglobalchange_tempestremap
610,d8cfa282e81b98dc66fba8f1987bee4da77138d6,climateglobalchange_tempestremap
611,d907f58e4e84121cca1ca242f8ddcb94c2d09769,climateglobalchange_tempestremap
612,d9d37b801ab4a956731b9bf7a573439a4c003ddc,climateglobalchange_tempestremap
613,da0fd9762b647eeac2470152a816c270f95cb346,climateglobalchange_tempestremap
614,db415a32086d1d7c656cfeea99e48c8fc08e93e5,climateglobalchange_tempestremap
615,dc29ecb857183b6b1c86a5c9931565be7f5fc1c0,climateglobalchange_tempestremap
616,dc37a67afa26a2ec742d2fdd359bce4fb7ebb173,climateglobalchange_tempestremap
617,dcef78b5aa4c3cf345729e8cfdac90dd4c6fe439,climateglobalchange_tempestremap
618,dd050751c14976cb360e38ccd79f8135412ea716,climateglobalchange_tempestremap
619,dd336b26cec83613c24ca09e021c32dd7e01519c,climateglobalchange_tempestremap
620,dd9e5367b808963c4d6f57ec725dce60154fa8ef,climateglobalchange_tempestremap
621,ddaa047f917fe3a377dcc2b28b1f773bd57bcfb3,climateglobalchange_tempestremap
622,dde3c07ff2e0eb26743431c066d410b1b5da311f,climateglobalchange_tempestremap
623,ddee889eacf4635c19abb3468bdc5d884e2c190c,climateglobalchange_tempestremap
624,de0f7f0cd2d73ed1a98bc9d540c8a7e02b12777c,climateglobalchange_tempestremap
625,de4860303ca02ef96bec6c7a6e2b078702be7afd,climateglobalchange_tempestremap
626,de633eb71924dc0d09e41e57b83313f14d5ed009,climateglobalchange_tempestremap
627,de9b9746e833afd649d80752875b2512c4c476a2,climateglobalchange_tempestremap
628,deec3b00a63ad94f7a5891b15c0841fadf3e6cd1,climateglobalchange_tempestremap
629,df304793f11eb7a666b532605ac1eb50ad740585,climateglobalchange_tempestremap
630,df70f2bc85e08761f1c88289594218cb725ff9d0,climateglobalchange_tempestremap
631,e06fbd0c4ca93f98dd92b64c48a7d29add1dcdb4,climateglobalchange_tempestremap
632,e0cf98dcb0a0131bc40567340bf9b58631d33313,climateglobalchange_tempestremap
633,e172f47b5c6aad906a0dfbc30565f09fd425bdc2,climateglobalchange_tempestremap
634,e1ed59a14bf17d556fc15c627ffe627b3e588550,climateglobalchange_tempestremap
635,e2b28bbb6e5e716aeb94db67e2f2aa258d060223,climateglobalchange_tempestremap
636,e30694a11afb45a2f7237c5be1f561d89b7a0745,climateglobalchange_tempestremap
637,e37d4bf806c73942bfb173f8ead89884dc5d4cf3,climateglobalchange_tempestremap
638,e3a020e270fa5857497d56b3378dbe66fd5a37c5,climateglobalchange_tempestremap
639,e3cbf3136a930270fcde4e9902333583f0562ab6,climateglobalchange_tempestremap
640,e424d987584140daaed38b5048e52d6e25e05d71,climateglobalchange_tempestremap
641,e43422f45369b4099eadc618321f69ce9be271af,climateglobalchange_tempestremap
642,e450cad6489df6b8a387d69cda216ae3f9ade408,climateglobalchange_tempestremap
643,e465636bc86fcb2b13ee449ad94b8332fc160854,climateglobalchange_tempestremap
644,e4acaf768a86e68c85190ab4391ebd4715a1bcce,climateglobalchange_tempestremap
645,e512fec2e75caccb477e8479fc3e20ba113158a1,climateglobalchange_tempestremap
646,e546a6856651be5ee9e831c0b64dfb06bd28a407,climateglobalchange_tempestremap
647,e6945f61d6541cbfad2aacdfafadf6872b1e5d59,climateglobalchange_tempestremap
648,e6b5d233c0a39bfc4df4746f20b73dcb46c43c3e,climateglobalchange_tempestremap
649,e6fdfa668aff122ce04aa68883daccf794dd327a,climateglobalchange_tempestremap
650,e708937455b8f165cacd125d0f70c42728c76737,climateglobalchange_tempestremap
651,e73a7ffd674baac86a15d5b9fa91d3c12e08155a,climateglobalchange_tempestremap
652,e7b6a62d4abf4adae79f567c546bbbec661305ed,climateglobalchange_tempestremap
653,e86f85057742997af1cae084ef3c389022793e3a,climateglobalchange_tempestremap
654,e8b6a641d45b5177dd6bf073e9c6c5b90fd6b4b4,climateglobalchange_tempestremap
655,e8d85b5ef6927c10ca44c1f3c7e9de8f2523250d,climateglobalchange_tempestremap
656,e901661aaa23a997841eb0e03945032d2b1a8573,climateglobalchange_tempestremap
657,e9564ee5950b6932bca773391ba75a00d5dcddfb,climateglobalchange_tempestremap
658,ea44061b87d265ddb691bad1fb234ecbaf27ee66,climateglobalchange_tempestremap
659,eaa60eef0b377301ce013afc3e2edffd1b578a75,climateglobalchange_tempestremap
660,eb958f6f9e951d4b1fe50ebd2f3a8107ee57371d,climateglobalchange_tempestremap
661,eb997c28e0642210ed6316b006bb5014e51a4a00,climateglobalchange_tempestremap
662,ec8887ee5ff24d3b9782a2ab5072a0b399454a01,climateglobalchange_tempestremap
663,ecad04ce14f9b59bae0d7b887f3a401d3d62576a,climateglobalchange_tempestremap
664,ed39d3d497c123404dce8fdb8516f63b57b26109,climateglobalchange_tempestremap
665,edd093621b5140f30704ce6c14a9b319a304a90d,climateglobalchange_tempestremap
666,ee13d0e4b15361fcb82fed4b313dded1cfd699ef,climateglobalchange_tempestremap
667,ee181bba80d416bf6e2e5ffce2109650fab7ec17,climateglobalchange_tempestremap
668,eebadbc57a02560adc3349e7ff1fd6933e218fb8,climateglobalchange_tempestremap
669,eedaa996c62779c72e2708a12fa48a0448af87e9,climateglobalchange_tempestremap
670,eeee509bb7a8a2c48f3750daafd899ce4783dfca,climateglobalchange_tempestremap
671,ef08aeeceb710f9dd2c85b5c3de6fb19d9795e9d,climateglobalchange_tempestremap
672,ef56801ddc62da5a394fd5553cce0c5d06380e3d,climateglobalchange_tempestremap
673,efa67d05dc406d1c7f77c7b2df08eca98f69e060,climateglobalchange_tempestremap
674,f0d21a4336904a88ae4c13a68943e170601ec04e,climateglobalchange_tempestremap
675,f12ff854c35adc80651b09874aa7723c147ef7be,climateglobalchange_tempestremap
676,f14e968e877a8c43c93eb5627336f3e9230479b8,climateglobalchange_tempestremap
677,f1510b706d52024f0b65a5866174ea8d80dc706f,climateglobalchange_tempestremap
678,f17b894573df0f610f4bd6d1ba937c523fc4f93b,climateglobalchange_tempestremap
679,f19cb08378eeca658b6357e13a5eca131a82eafc,climateglobalchange_tempestremap
680,f1ef900ff5eeb2c2069a244fec20bede314a8047,climateglobalchange_tempestremap
681,f20a57761e8d7abda5401de8831f1fa780a301ba,climateglobalchange_tempestremap
682,f25d26ab3b2f3542a0db09e993081219f4c13d97,climateglobalchange_tempestremap
683,f29ab219a91404456b3a15459415426f97349607,climateglobalchange_tempestremap
684,f29d5eb560f644f867a2d9a73a75f20c953c702f,climateglobalchange_tempestremap
685,f3bdb074bd6b8762d30ffbb171f3b968fd378a62,climateglobalchange_tempestremap
686,f454ec1b7261f07fd566f46faa1796f0b60878cb,climateglobalchange_tempestremap
687,f48dcda9c9352b93c99761609c1bd63a599cf0f0,climateglobalchange_tempestremap
688,f5cb14caca48cee226ff99ef1a61d4fdcdbee420,climateglobalchange_tempestremap
689,f5f56bd6be182d5bdae6941799c81acc99b7320d,climateglobalchange_tempestremap
690,f68a0cd06e573fb692463fa4e47d8e0598a3f00e,climateglobalchange_tempestremap
691,f69bc436f3e40391ca1bd2d32271e4319c17aee5,climateglobalchange_tempestremap
692,f7047e69b062f51d35e77faacb9014266dd3fe09,climateglobalchange_tempestremap
693,f7146b6ad0c4d593512b049e2caf553152fe4414,climateglobalchange_tempestremap
694,f7768c7b6fedd46837d37258da6f7c56d19f0021,climateglobalchange_tempestremap
695,f7ab7e13fe3cd4a4f09952e9eb045d13cd5ecece,climateglobalchange_tempestremap
696,f7beb2cf4658597c0e17a9e4df434d48ef5dc977,climateglobalchange_tempestremap
697,f7c45d82b9fd5b498961fc0812f26277544632bc,climateglobalchange_tempestremap
698,f8513bcdf05b43ef9e512a8529a3d28f1ea20635,climateglobalchange_tempestremap
699,f8596566902665d179f3a7c5bfcfb929ad5077f3,climateglobalchange_tempestremap
700,f885c906220e22b195fd01a92b80fd4d7e32c5e5,climateglobalchange_tempestremap
701,f94dabce47f3de8a4ec2ae82555eefa033845c1e,climateglobalchange_tempestremap
702,f9666936948b75f39877b22b8e50eb7ae67f7bf6,climateglobalchange_tempestremap
703,f9a17de6f5c706bf9dd9d0b473a3648c164f1c11,climateglobalchange_tempestremap
704,f9d80ec29ca6ab5df1ab53703f518e683f02a2f7,climateglobalchange_tempestremap
705,fa68e0154992b44c60e6d9346858e3b110e872fa,climateglobalchange_tempestremap
706,fa824b270684bde6cb7375561c38115774519d2d,climateglobalchange_tempestremap
707,fa9dc00803d833e03358d585e4dfbffc61109e56,climateglobalchange_tempestremap
708,fab8144744299610b6ae26043da6960c3f0de74b,climateglobalchange_tempestremap
709,fbaef83b227a1e9ae91b0d9171b852b499fdb139,climateglobalchange_tempestremap
710,fc036cfebaf2d1d7cad25a2bf2f0dcf347692eef,climateglobalchange_tempestremap
711,fc2b88640333f25b324e6ced38ee6f316c037763,climateglobalchange_tempestremap
712,fc31e660da46eac84be75ff309dc5c87bdd2902a,climateglobalchange_tempestremap
713,fd89076386c6bf10ecd2f2e99e81e6fa3ac99706,climateglobalchange_tempestremap
714,fe5b688b3506ba7bde3936306de568e37d556f73,climateglobalchange_tempestremap
715,ff2c16cc2971dd528d4ccf17bc4f09aa3ad71869,climateglobalchange_tempestremap
716,ff2fb2bbb153ddf310ad20e45e88669de8bf23cf,climateglobalchange_tempestremap
717,ff5f3981001eef89bb306e463e514c581875d30e,climateglobalchange_tempestremap
718,fff224a8d29546761c4c28302eb1e88ff9461cf3,climateglobalchange_tempestremap
0,001c1190fa613a9e12d15b574d27b677563cd44b,miguelinux314_experiment-notebook
1,002c95069fd9482b8819a56b98e04dac7f44155d,miguelinux314_experiment-notebook
2,002f0e54a7dc840c3950f542ddbc165d555bbe0f,miguelinux314_experiment-notebook
3,003b5fb801ad4303d1a6530791c58e869617934a,miguelinux314_experiment-notebook
4,004bd894e09de9628ed2022f7c2370829b79715a,miguelinux314_experiment-notebook
5,0051dfd8bf24af8b0df2401914eb6ea36db9f3d8,miguelinux314_experiment-notebook
6,005719994ff70ef7c1b9a49bc9f717fdd5c8eb7c,miguelinux314_experiment-notebook
7,0066c7b598828276de587181eec70bb682eb90b9,miguelinux314_experiment-notebook
8,00758875d0fb0b650aad1589d26243bf38d7b29c,miguelinux314_experiment-notebook
9,0078ded360f9a54d88f41705632cc420fb09bd44,miguelinux314_experiment-notebook
10,007bf6b30953ac91ddb1c62947c46c6dba401774,miguelinux314_experiment-notebook
11,008321a78bf0ba920d685e4bf6bef7452bcdddf0,miguelinux314_experiment-notebook
12,0090b2d51f09d22c7c6d9517eda431b5757ff875,miguelinux314_experiment-notebook
13,00917184dc6eb5ec1b8e85a35cfe4102fc8da880,miguelinux314_experiment-notebook
14,0091f964939c8db4a500010d77bc618a8c29bfab,miguelinux314_experiment-notebook
15,00b74c893bba505827b128d32e3ac3577815bd55,miguelinux314_experiment-notebook
16,00efed392fd48f6e2e591f3d0904d5b67543c95b,miguelinux314_experiment-notebook
17,0104d4fb508fb4606bdcacf22b0a9a6b7b54ace0,miguelinux314_experiment-notebook
18,01134a555847411a0d6cf12b6640aea05d0a9e5b,miguelinux314_experiment-notebook
19,01293f6972e77ac50f314a6ecd3b3db73ca99cb6,miguelinux314_experiment-notebook
20,012dd48a56561a08e59d9e6a523b46abf2ea3205,miguelinux314_experiment-notebook
21,012e2eb13444d8f67ad7e927740245389cb80c9c,miguelinux314_experiment-notebook
22,012ff5e135228db4599cd8c93e6c7369ad112b8a,miguelinux314_experiment-notebook
23,0130aebc5d88b76e46a4ffa5c9d1106350ffa833,miguelinux314_experiment-notebook
24,0130ba85c392bf3d5373e2c3c88bf4de654c7901,miguelinux314_experiment-notebook
25,013c0b3745b9d0473610c0b82d799f27ef710201,miguelinux314_experiment-notebook
26,014a3c9c261c0356ef2fccff69ef55178f06d30b,miguelinux314_experiment-notebook
27,015c49975012e059624ae72fa46a337256ac98eb,miguelinux314_experiment-notebook
28,01607f975b6015275c6c5cc7736784797a6f160f,miguelinux314_experiment-notebook
29,018b1a50a3ec32bd62ced66364900e8fbcec5562,miguelinux314_experiment-notebook
30,019054ca6bfc81c041051f6938c2e1e56a50ec65,miguelinux314_experiment-notebook
31,01a61a773f31bac0725f403e80543fa244c89e53,miguelinux314_experiment-notebook
32,01aad1c22b9fd2b3088a71194e7dee7e9c24ab65,miguelinux314_experiment-notebook
33,01ab73c7c65d65307152bcadb6488b4343503198,miguelinux314_experiment-notebook
34,01b3226381953dfd4126012ecf4223d3096b2b46,miguelinux314_experiment-notebook
35,01b48ca754cdcfe377eb225627ea5a5fd963d998,miguelinux314_experiment-notebook
36,01c2fb6ac95c08b65e3cb76ebccc27109a5ba085,miguelinux314_experiment-notebook
37,01e23e58ba578610c0f8f831aa6af6fc7ad9a206,miguelinux314_experiment-notebook
38,0215768cf995bdb0b9e1130f92db3effdf44ddc0,miguelinux314_experiment-notebook
39,0226e776f644f3ab0d7e77266ab3892699b3a81e,miguelinux314_experiment-notebook
40,022c62661c0fb81911cb44ebe76235fa9314dcf7,miguelinux314_experiment-notebook
41,02315e2ca3ed10be31e0c4e3910b0aef5cabf2ec,miguelinux314_experiment-notebook
42,025c44a5b880f894c43a0b658e378e9beae72e63,miguelinux314_experiment-notebook
43,026e9c404d2c7dc0d8aedf8c736a6230bd030e11,miguelinux314_experiment-notebook
44,028f7283a935992fb3b0a6f3f9e9e8f8a05eff9f,miguelinux314_experiment-notebook
45,02a2484642fe4418f3bdbcfb3e4e44c661f2c5b2,miguelinux314_experiment-notebook
46,02c3135378e8eab2b6a7f5058fd3c56050a56593,miguelinux314_experiment-notebook
47,02c53ed340d21e525c06c3bd822eb873b2542045,miguelinux314_experiment-notebook
48,02f4d290a59cdeefb9af7beb191ebe0303b043f8,miguelinux314_experiment-notebook
49,031d9ba3ab1e17c165851a1ba544d04987ce20d6,miguelinux314_experiment-notebook
50,03203269d1ca62d4947fdead15e550bb63c5fb5e,miguelinux314_experiment-notebook
51,032a52ee50d1d4ed2a0d968ca23de474e1b326ff,miguelinux314_experiment-notebook
52,03340dadbca3cb37bfb422063065bbb4307bfd04,miguelinux314_experiment-notebook
53,033950fa49ba7881c75418b5c3a11aeb4c5c1cd8,miguelinux314_experiment-notebook
54,03438a15534d7115ce9c3c7884a315f0732bac0b,miguelinux314_experiment-notebook
55,034be1c18970a6496ed4187529253ff5318df32e,miguelinux314_experiment-notebook
56,0355e2ce61f5650afb3c3bf5d2ef8a7591b29f11,miguelinux314_experiment-notebook
57,036a1d9e68efd187b3fee4e8b999359104aec21d,miguelinux314_experiment-notebook
58,03710e39474da96113275d60a6342f8aafa50840,miguelinux314_experiment-notebook
59,037845237d98ae9584b24be76f4b3ff0ff028eea,miguelinux314_experiment-notebook
60,038df8a67372feb4057df859e9901dac9bbfe33e,miguelinux314_experiment-notebook
61,03931f069ec332a95bc4ee9426f861ce413c407e,miguelinux314_experiment-notebook
62,039a0c6678e9e67f85036ddd2cf0799b902bc714,miguelinux314_experiment-notebook
63,039ab6f207abf1510f9feb678fd5786593cf39da,miguelinux314_experiment-notebook
64,03a9065a413f9aefcf65d29f66be67b294078c4f,miguelinux314_experiment-notebook
65,03c9f3b32348d601e6bcd34a99063aa06a5f0eb2,miguelinux314_experiment-notebook
66,03cb80266706154c6b23b1fa1b5f35cd01e77871,miguelinux314_experiment-notebook
67,03e67b48df6bc21a7a378b2e971b7940691a679c,miguelinux314_experiment-notebook
68,03e6ba676743f492110ed8ab60622e68729d14c9,miguelinux314_experiment-notebook
69,03e6f62fbb18a5caaec0594794fb305fa2a0d2ad,miguelinux314_experiment-notebook
70,03e95d84c89ad77974dbd8b73852de3cdc9ec2b6,miguelinux314_experiment-notebook
71,03f48bb6bd36a1b573f8ef00b826101d00249369,miguelinux314_experiment-notebook
72,040682aee8062e1751e2e815fab5a7bab9c03787,miguelinux314_experiment-notebook
73,041bf87b5ed8bccdd1f594f8d46cd4e0cefbe44b,miguelinux314_experiment-notebook
74,043f2e510fb31c65055fec7941ed334c1e0b180e,miguelinux314_experiment-notebook
75,0442778bcc7e945461b1759a689b7f46e1acdfdd,miguelinux314_experiment-notebook
76,044ab39d8211513cef17555a8b8a2f1c70d0a543,miguelinux314_experiment-notebook
77,045080d6f1e79cf8ee38e610cebfc838286675dd,miguelinux314_experiment-notebook
78,04642b7fdb325956199b269e119638eec592b63e,miguelinux314_experiment-notebook
79,046a8c77c40fe87ec4a9da4f14011bb5ae48e2e1,miguelinux314_experiment-notebook
80,046ea2b5fb4e399b3ffeccc86bd5413af719b7e6,miguelinux314_experiment-notebook
81,0473ad25464d29f0db2b39945f5e740d324bd49b,miguelinux314_experiment-notebook
82,0486412ac3731d2c1043ec1a9f85729d5df9aa24,miguelinux314_experiment-notebook
83,048fecee16baff647deb80d6ee06d80b1d013fb2,miguelinux314_experiment-notebook
84,04bc0094cc201e086343520a8d198bdf0b48cb6f,miguelinux314_experiment-notebook
85,04bc99417bad6ea9ea1080706355b3ca90a37651,miguelinux314_experiment-notebook
86,04bf3396a013a24e1fdd75248fbb6a51a99e5031,miguelinux314_experiment-notebook
87,04c38365598f27cac11064dea3c939d95f5a6c92,miguelinux314_experiment-notebook
88,04c47e95cbca79eac60b5235f157c5a0b57c1ffa,miguelinux314_experiment-notebook
89,04ca17f5b66db2d079c2bc811f9c573c2a42580c,miguelinux314_experiment-notebook
90,04d5b39c32717a7ba2d0a3ea35296d84a4f0b922,miguelinux314_experiment-notebook
91,04f3b83d605a224277699aea29a493f725295024,miguelinux314_experiment-notebook
92,05192a90cfb701720c15c90600d4909f4990d53e,miguelinux314_experiment-notebook
93,051a9f3e0b88b898bc46512fb21b23e2df3a41ef,miguelinux314_experiment-notebook
94,0526dbc8907e6a3e7f78d982154349eb919cfb07,miguelinux314_experiment-notebook
95,05485d04604937add144b15cb80ab177b19c4d4f,miguelinux314_experiment-notebook
96,05bc6b9b855677a2ea76b60a7e99b073269964d8,miguelinux314_experiment-notebook
97,05d755202a917ac488dc4a5aa8132215a963e30a,miguelinux314_experiment-notebook
98,05e6f3ec0ce5a95369d82e544782ac96e532903c,miguelinux314_experiment-notebook
99,0624ae002afaaf0c3fddc3172cbd5df025dfa42d,miguelinux314_experiment-notebook
100,062865a433ab6de6a2681acf91a336ecf6ad20dc,miguelinux314_experiment-notebook
101,06293e799b83e4166bc7e3768346c3c4cf9c5d02,miguelinux314_experiment-notebook
102,063250697570e9ad146501347c8ca569275a9e7f,miguelinux314_experiment-notebook
103,065748eecf904a00aac5d28488e186eb8078adc9,miguelinux314_experiment-notebook
104,06806628adc0a6c421a9497a9a78e10b48778f07,miguelinux314_experiment-notebook
105,069d396b1d663aea950db5ff47f5336ff95a2a64,miguelinux314_experiment-notebook
106,069e1c1493394b04cf0bbc783cb51b855bd1a279,miguelinux314_experiment-notebook
107,06a5cc0b7220c775a2a7bb22a24b237cb9a31b3c,miguelinux314_experiment-notebook
108,06b1511360210cabeebaa90d228f8af7f35ef4ad,miguelinux314_experiment-notebook
109,06b579d68f95f81f7d76b221f60aa35559b3a015,miguelinux314_experiment-notebook
110,06e4eb2a4da193cea7983008a19102178ea1b238,miguelinux314_experiment-notebook
111,06e6f1ab54f4271a25783b34a313dab28fe8bd06,miguelinux314_experiment-notebook
112,06e82eeae9ed5a994608a54120ff0c708b0854ff,miguelinux314_experiment-notebook
113,0715e53986048e39ae4d163c76f345502a96759c,miguelinux314_experiment-notebook
114,071ff2a345c843bfabcd662eba88242a87ecaa3a,miguelinux314_experiment-notebook
115,072552508872e4b692554bcad111504ebcace2cf,miguelinux314_experiment-notebook
116,072f7a3ba586d1f083aa648af993aea065c6addf,miguelinux314_experiment-notebook
117,07459a9e4871da030306aa995be4ff5c603b7b63,miguelinux314_experiment-notebook
118,0745cd3b48ac18670e818314219dedd2164684c4,miguelinux314_experiment-notebook
119,07742f1ad6da38245cf09b3e486b370cffe0e9bb,miguelinux314_experiment-notebook
120,078075943ad73162a02620280df7ec443680948e,miguelinux314_experiment-notebook
121,078ce3c56daba96b40fc13d99a74bfd372e304cc,miguelinux314_experiment-notebook
122,079946d16d15181b9861e8eb8a128b2e85a2838d,miguelinux314_experiment-notebook
123,079a14ba7b6a75c55b034a296224185eab667a0a,miguelinux314_experiment-notebook
124,07a1dfcc0a795c05d39401aa8fb97c1f20aaf06e,miguelinux314_experiment-notebook
125,07aed77364a07eb922cc10080a07ac1744fd7e56,miguelinux314_experiment-notebook
126,07b3a8c8b9e1594e596d028b7b95b55fb28a41ce,miguelinux314_experiment-notebook
127,07c9b950d7bc9e54e7e8c78c054203ccdefc6254,miguelinux314_experiment-notebook
128,07d69eb6dc5cccbebecd4ced0c5d5e86c68ab27a,miguelinux314_experiment-notebook
129,07dd8cf88aa78819fb47c394866c2d2d9b4e144f,miguelinux314_experiment-notebook
130,07e49e3e1f6f69353f056bda5633302a37f68d0d,miguelinux314_experiment-notebook
131,07ef462ed2915fe48e754d4bf38dd902192b6fb3,miguelinux314_experiment-notebook
132,080e0281a643e4a96888837f84f390873c1e5326,miguelinux314_experiment-notebook
133,081345150004bf4614bfd3792032c5042deb39cf,miguelinux314_experiment-notebook
134,081408c6debe5b6f495468dc7dd6d6156d15eb53,miguelinux314_experiment-notebook
135,081f31cd56517a490e3a1a59aed61e7709595192,miguelinux314_experiment-notebook
136,08304dbeecd518bb2e05677ad7eaa23afcc730c0,miguelinux314_experiment-notebook
137,083b376a1ba8abdde17aed405c1e228cdafebfe1,miguelinux314_experiment-notebook
138,084379701623d8cd4ac3279eba8c5804d5db63f0,miguelinux314_experiment-notebook
139,084496c5235611212cba95919fab45d841c44796,miguelinux314_experiment-notebook
140,0846a2d2ca03a15af99148adad6748d5db8b65fb,miguelinux314_experiment-notebook
141,08639e868ffa7353133207f106f591de541f5175,miguelinux314_experiment-notebook
142,086c7c3d7addaf1a7ed051ff605d27cee7780d33,miguelinux314_experiment-notebook
143,0870dd38a73d05fbf45d412d68c2c8cab3d2c356,miguelinux314_experiment-notebook
144,08f518ed81a9521003953c0cba2d275231612cd1,miguelinux314_experiment-notebook
145,090dbb7efe8b8f84db30f2a998c5fe780c7e6105,miguelinux314_experiment-notebook
146,091ad9d15b0479fc9fccf60bbe107e1d6b94202a,miguelinux314_experiment-notebook
147,092dcd441d4cab15435b4730803d1b322c23f83b,miguelinux314_experiment-notebook
148,093b7ee186451dca49303fe5c86fc37d5039c922,miguelinux314_experiment-notebook
149,09524c3890d48c01fc0fae1a20db3c9bdb0e8db8,miguelinux314_experiment-notebook
150,097009e053b1c4a1a6dae34d3a578d5ed982684c,miguelinux314_experiment-notebook
151,09a0f86821360e62aecdb0b77e26da375d8323df,miguelinux314_experiment-notebook
152,09a6883fd383eb9eff24a5cb2d77749ddd75b166,miguelinux314_experiment-notebook
153,09ad3c8632cd2b4ca907c54c793cfbb72d1f62c9,miguelinux314_experiment-notebook
154,09c9e1e942ad7e7b0e84a5a1f915158f2ce6a97d,miguelinux314_experiment-notebook
155,09e23da23b221ca39807b58aaba47a1c16547d4a,miguelinux314_experiment-notebook
156,09f2a6a290bbd9e0225838ac42f249d8f82d5b44,miguelinux314_experiment-notebook
157,09f3a77ca2c0b2eef5f08efa4c4c5ccabdf2deab,miguelinux314_experiment-notebook
158,09f9a398f2474a8dffe8e62f39db99a2409bf909,miguelinux314_experiment-notebook
159,09fd51ffeff525cce9f24da97bfc3c905ae53e41,miguelinux314_experiment-notebook
160,0a0ed5dd9f4b314410017faa8b9c09252dc510f2,miguelinux314_experiment-notebook
161,0a15bcc145fe5508f09864922c3295d8a11f105b,miguelinux314_experiment-notebook
162,0a213102a1e073d3147b275ee9a24a7bc4469528,miguelinux314_experiment-notebook
163,0a40ed16b23c1b6eac0c1b616088472c2a7e832f,miguelinux314_experiment-notebook
164,0a51117d6dde5e44543cc6a9778563e1563118ab,miguelinux314_experiment-notebook
165,0a5158b44e5fecf549d44ee1a73bd6b326b09d9f,miguelinux314_experiment-notebook
166,0a5e1ad14d2198a80ed1615b5663f2d6157af355,miguelinux314_experiment-notebook
167,0a60fe87cf889bff18d267b8ad0da9a4dd353a57,miguelinux314_experiment-notebook
168,0a6d26fb15667f91e947ed9424793b8f1aab1b5f,miguelinux314_experiment-notebook
169,0a768acab3da3d188ce1a096284598008e877c1a,miguelinux314_experiment-notebook
170,0a7efc823af3274177c7cefc9f9e148fe54c37c1,miguelinux314_experiment-notebook
171,0a825907b2d6a78e7ea6dda986c15bc81e0288c9,miguelinux314_experiment-notebook
172,0aa0aa76defef1c859117d5406f7e736f28d7727,miguelinux314_experiment-notebook
173,0ae182081a3258a22161eacf17f50d449fb7a04a,miguelinux314_experiment-notebook
174,0aefa99911c0ac56dcf5c1d530618519d46350a5,miguelinux314_experiment-notebook
175,0af71fc4f19008c60fc5fdc193b96690c1c4dfdb,miguelinux314_experiment-notebook
176,0b21c8f2c1008d766d528421af75f195c6613878,miguelinux314_experiment-notebook
177,0b241c5e114c4495c72e990c4651ff4c76fcb989,miguelinux314_experiment-notebook
178,0b31160e38099e063546a5179832f6671b277539,miguelinux314_experiment-notebook
179,0b514a7f9f2a2001e6568e83dd5fbcc3073c3d49,miguelinux314_experiment-notebook
180,0b70c138e72acd0392e138ea7d4028a670ca06aa,miguelinux314_experiment-notebook
181,0b7eed2567981533dd1c779ef5f400f1a5e57a0b,miguelinux314_experiment-notebook
182,0babd81f5454c6ee68a358ffba406a4ef113538a,miguelinux314_experiment-notebook
183,0bb21ebb28379d4fadbbd760d5a204adeeea0196,miguelinux314_experiment-notebook
184,0bcdc80182ba7c0b6b405f1291ad0a3d61d6c5d4,miguelinux314_experiment-notebook
185,0bd340bc4486a3159468c4e2a796aa6074184e59,miguelinux314_experiment-notebook
186,0bf1511c32af278f2df966e44cde853247ce3007,miguelinux314_experiment-notebook
187,0c3a6ea1a93522f26295ba3089b31f7d718b3193,miguelinux314_experiment-notebook
188,0c4b887a3bbe7c10238a3d804addf750abe83fd1,miguelinux314_experiment-notebook
189,0c535002000819d2889d909d8b8eb522e44d756d,miguelinux314_experiment-notebook
190,0c5aa036f25f7185066d3d52c12fad3ac98a7f3d,miguelinux314_experiment-notebook
191,0c5dc9fef61bd8a8952d7c478660ea56834ebd5e,miguelinux314_experiment-notebook
192,0c61a5cd76df7762db9a6d2c04c808bcc3127c47,miguelinux314_experiment-notebook
193,0c7df94179b6e4670b14b6420a908a52df145736,miguelinux314_experiment-notebook
194,0c837a891284e764f0fe6bb17a15cb2e4a77cec3,miguelinux314_experiment-notebook
195,0ca39bb190279dacffaf5b494042c8739c0df373,miguelinux314_experiment-notebook
196,0caa58dfd84b6e04c303ebf4a5d1949aed8355d5,miguelinux314_experiment-notebook
197,0cc0f193985f4fd7daba05624797cc5664c8ac06,miguelinux314_experiment-notebook
198,0cc36b5e790cea3995c3dc8a2682ac7fdae8d0fe,miguelinux314_experiment-notebook
199,0cc60bec86f985776770d45b9daa80d1035ca6e5,miguelinux314_experiment-notebook
200,0ccb1a9fc94ff4f788783868cc3f5ca47168710e,miguelinux314_experiment-notebook
201,0cd8be062a8602ebdd6a37cc0b4f88dff91c34fe,miguelinux314_experiment-notebook
202,0cd8cc1b8f7a6ade91f9848df4828cff8d6a2e78,miguelinux314_experiment-notebook
203,0cde55952ae95e04fe17237c5a6ba68f2efca31f,miguelinux314_experiment-notebook
204,0cf2b511301e8f7dd8be8f845ed8a3874fc09156,miguelinux314_experiment-notebook
205,0cf6f070486383dbe8308fed31d77129d4ad3a49,miguelinux314_experiment-notebook
206,0d203e090d3c176a43e33ea43545421f76b16c06,miguelinux314_experiment-notebook
207,0d28fa4152ad1f608d5d2559dca46b7a509eb24e,miguelinux314_experiment-notebook
208,0d39ac2afef9f11e88ffc4b5e2749d4237db39ae,miguelinux314_experiment-notebook
209,0d3aefaba0fa128b4c3295a4944361b0a5445b45,miguelinux314_experiment-notebook
210,0d4b84099db05bcfcbf563f6a5e5c0fdaf6be9e0,miguelinux314_experiment-notebook
211,0d4e9c0bf0ee4577acebf8824b96a7159845d000,miguelinux314_experiment-notebook
212,0d696d1f56dc6d6e70cae0f50474ba0fbd4d8d8d,miguelinux314_experiment-notebook
213,0d73741ecae07a0b80adce5eef52d52398271d41,miguelinux314_experiment-notebook
214,0d75ef98cc1ec28895e51b979e8d9d41b8df1e84,miguelinux314_experiment-notebook
215,0d7705c6eeb6220173a707f9cd6f6c3da73c866a,miguelinux314_experiment-notebook
216,0d7c021e1db6107fe19735482691cd79df1df332,miguelinux314_experiment-notebook
217,0d89ba526b5a4b0ca1a3c94246b077072be04ba4,miguelinux314_experiment-notebook
218,0d9458d3f0c9c9fc7f2a8a2bd688ae7ff69f2457,miguelinux314_experiment-notebook
219,0d9846d78f5bc855bee383bea9bc3ec64f7f6184,miguelinux314_experiment-notebook
220,0da1c6489aa507dd8f99b0ad193f4558a5ca1345,miguelinux314_experiment-notebook
221,0da67dbc285c13676f6052ff7867c4815ab211e7,miguelinux314_experiment-notebook
222,0daeed475f49f9be582353e6ed82e5c327ff283b,miguelinux314_experiment-notebook
223,0db791ee7581992a26b36ddbe6beafe4b0b90216,miguelinux314_experiment-notebook
224,0dd4bb30e03224ae8de8e87884e4a0d9c3d575ea,miguelinux314_experiment-notebook
225,0de09d7dc63c9285ab659038529af5c9072fa340,miguelinux314_experiment-notebook
226,0de823c5731a1ed9fb2c6dada6a0dcbd725be7be,miguelinux314_experiment-notebook
227,0de95ee2431b0c0ced5e5067ba4b7a3f737b2d79,miguelinux314_experiment-notebook
228,0e0a5fe0d3b921d4497c6fdd80c56bbd2eb93e00,miguelinux314_experiment-notebook
229,0e18aeada7ddb73540df43d18f92227d8d2ed00c,miguelinux314_experiment-notebook
230,0e22811e1059a3b29ef03593cc8169aa7fc557d7,miguelinux314_experiment-notebook
231,0e490603121f105415d4525b362f8b0d59de1a70,miguelinux314_experiment-notebook
232,0e4e54d45d8c6f1884a6caba5f2884043155cb82,miguelinux314_experiment-notebook
233,0e629bd6b868ec41d7057c542b5c1d852a50e330,miguelinux314_experiment-notebook
234,0e660b839b535b10860f6a80e9c3621c5f9d9d1a,miguelinux314_experiment-notebook
235,0eaa451ffd117b95fb2fa4616738df3dbce3bbeb,miguelinux314_experiment-notebook
236,0ebe9ba360d4fd46f6576c8170a70894840e4d62,miguelinux314_experiment-notebook
237,0ec17f86fa0f8e78eae0bcbcff4052f6277b21b8,miguelinux314_experiment-notebook
238,0ec40f9b0056856778a8795f34830bf6774bc5e9,miguelinux314_experiment-notebook
239,0edbeca5f98717ac567ad995b846eea5cd852996,miguelinux314_experiment-notebook
240,0ef8ef7af87cdb564ee880a233d29e15812688cb,miguelinux314_experiment-notebook
241,0efe79151ace57d91ca7a4415cd572f94679d955,miguelinux314_experiment-notebook
242,0f0dc1b8fcc265e76b20e5cf28090af934430dca,miguelinux314_experiment-notebook
243,0f120c19fb21e00e8df99521d6b6c86e77fd8b1c,miguelinux314_experiment-notebook
244,0f3b104f098419f0d98b66be258b8be65e339502,miguelinux314_experiment-notebook
245,0f4fd9ee5b220209a5d9eda34bb99c0e0b60cd27,miguelinux314_experiment-notebook
246,0f6f96f78e3769ac6cbeb2e1dc4d466a80597fcd,miguelinux314_experiment-notebook
247,0f907647e565dde549193c33d33fdf37fb9a532c,miguelinux314_experiment-notebook
248,0f92efe47f0eb26f6112701264f19722215ec4df,miguelinux314_experiment-notebook
249,0fa6732797b60e8dc99538fd2df071ba24a4b9b9,miguelinux314_experiment-notebook
250,0fb47d82d8867209b8316a39a03e43d4e28fb1c1,miguelinux314_experiment-notebook
251,0fb9e90607e33501d2bb5e1171b3fca54023abd9,miguelinux314_experiment-notebook
252,0fbb542d8cd12614950c778e3226b276bb2c5bad,miguelinux314_experiment-notebook
253,0fc562e3e98326ac6a431920c9539c963a514e55,miguelinux314_experiment-notebook
254,0fdfb10fcead3250d465301d974b0de308b0aeaf,miguelinux314_experiment-notebook
255,0fe5d55731fca53b8de9d93581a4b037137570bd,miguelinux314_experiment-notebook
256,100e609ae014cb2c51282af1053238cec6c469c7,miguelinux314_experiment-notebook
257,101e8a382fce8f86f386c3cff911ec50f0777a3f,miguelinux314_experiment-notebook
258,103f3676b2c86931f75ac8cd1670d85f6c96eb55,miguelinux314_experiment-notebook
259,104dfc0f065e5b9499f824433365215ec5254687,miguelinux314_experiment-notebook
260,10500c265e7b48c0766236189076ab54dcbf4741,miguelinux314_experiment-notebook
261,10605a514f0c18ba0d9c4c39486036e957b30548,miguelinux314_experiment-notebook
262,106de606b544808173c80c59e201184dafd91501,miguelinux314_experiment-notebook
263,108c969bb355cebae3b48978c4de1b175ef60f3f,miguelinux314_experiment-notebook
264,10be834409094c312bebf594ed556aac033e80a6,miguelinux314_experiment-notebook
265,10c4dba5c6620974aef93d3ebb78d84cae261f86,miguelinux314_experiment-notebook
266,10cf6fbc0d004a38f8550c29124de156314985d7,miguelinux314_experiment-notebook
267,10cfb29b7c701dc2df20db72f67c894139586069,miguelinux314_experiment-notebook
268,10e071abc6252dd38dbee87d18d88de883d2f772,miguelinux314_experiment-notebook
269,10e3e7b699713d1052a8610126af173386709518,miguelinux314_experiment-notebook
270,10e604d2b59cba2718a3c2903621397b7e9a3253,miguelinux314_experiment-notebook
271,10eb43d271c71ebaf3ef366654bc08c17338469a,miguelinux314_experiment-notebook
272,11064f330414de0259a6e3a0dd1d2789ff7edd8b,miguelinux314_experiment-notebook
273,1106a1502fd05ef34fbf720c68fcbc3e42842850,miguelinux314_experiment-notebook
274,111c2eaac27b9233160d2b9274cff4b9d6b7251a,miguelinux314_experiment-notebook
275,1140983b1e6297579b35da4764bdfdbd2139e68a,miguelinux314_experiment-notebook
276,1144b60a27f678340e1303cc9fa08981fd789fb2,miguelinux314_experiment-notebook
277,11454ffc1349af0b0e57dec45e5265a6a19a84a3,miguelinux314_experiment-notebook
278,1159343b971f8893b99b00b9de6597e41123c2ce,miguelinux314_experiment-notebook
279,115e250b3f87b0f65c5160353d8b72123e37da6e,miguelinux314_experiment-notebook
280,11686e7dcfbf1689247e3ee3aa43766c6ef17499,miguelinux314_experiment-notebook
281,116998de603d6acc87bda7cf66b4d588b8d9a19a,miguelinux314_experiment-notebook
282,116f70503da92b5356983c3f73751338b0180253,miguelinux314_experiment-notebook
283,117cea00cb5b5c5b0e605bd07404326aa624989c,miguelinux314_experiment-notebook
284,117f43d3214e1c80f0601bd210adad77cec1b38e,miguelinux314_experiment-notebook
285,1188ba2db664e640097e207ba3d87ad12b19ae68,miguelinux314_experiment-notebook
286,119530406d9c5fe0d94b9eb8a28e956802570f8f,miguelinux314_experiment-notebook
287,11b73db6a381919d4df6b15c515f213dcd09bc0d,miguelinux314_experiment-notebook
288,11ce99b9acc864cf72260e61137390f69f3bc5e7,miguelinux314_experiment-notebook
289,11febeab9b5837b80688a67853187b742f000b05,miguelinux314_experiment-notebook
290,11ff25490a04e1149f07a933ffcd29be433e8bf3,miguelinux314_experiment-notebook
291,121c436a7d1c7039fad601337f761f34d7c4a7c5,miguelinux314_experiment-notebook
292,1221c8d6dba5fc944bb12669d23527e430c30931,miguelinux314_experiment-notebook
293,122c053dcf4d0e99c0535a7f6bf4a678fa626cfc,miguelinux314_experiment-notebook
294,1235bf065d4d9396314b86656d37a63cb8f78d29,miguelinux314_experiment-notebook
295,124f313e68b044d218748092f1af259eec15be56,miguelinux314_experiment-notebook
296,12555b462a2475f1a10840f5e91ed22ff4968225,miguelinux314_experiment-notebook
297,125a2fda17b5aac487c0be513b2955272e91107f,miguelinux314_experiment-notebook
298,125d2b5f8f68338d5aab414511040aee18e6ebc2,miguelinux314_experiment-notebook
299,12612d2aaf9ba981c2c80deb73d0144c7358a0c0,miguelinux314_experiment-notebook
300,12698a264b506f8f30d9f5a7a1da85fe23a95bcf,miguelinux314_experiment-notebook
301,12782e0573e153dc7b716405a9582dc2da59eac6,miguelinux314_experiment-notebook
302,127c86def474ad646389deec62de97e1d0c7515e,miguelinux314_experiment-notebook
303,127fc313c5bed15db656acebccac0f12fc1db567,miguelinux314_experiment-notebook
304,12848dfb8470cbbd97fc060ecc853bd190644b41,miguelinux314_experiment-notebook
305,12952870e1036a480a56c3abbef6bda19dcba5e2,miguelinux314_experiment-notebook
306,1299826fd9f8a149f5da5f93d19a972ab20a2b7c,miguelinux314_experiment-notebook
307,12a3b226c1e32bcb86ca49ae6fd3d845a89f7ab9,miguelinux314_experiment-notebook
308,12a9733fe98c877a6467b6604332796135d9eda9,miguelinux314_experiment-notebook
309,12b77d811bc485461304c1609f4c7885708ee853,miguelinux314_experiment-notebook
310,12b8862046139d0835fc249a62f2eb3f48360290,miguelinux314_experiment-notebook
311,12c2791dcabaf756f57aa68fffaa167b409855e6,miguelinux314_experiment-notebook
312,12c4496583e2d3c016d9199e3fbfc1807d1af3db,miguelinux314_experiment-notebook
313,13111591a8aef508c373c0e9400d3abfa167803a,miguelinux314_experiment-notebook
314,13140a0955a40f192b796dba09dfc5ba50eebc04,miguelinux314_experiment-notebook
315,1317b5f57a16249ca0fe6bd43885c247518e75bc,miguelinux314_experiment-notebook
316,132a7e521f0282a21df8515efef90b0d3638330f,miguelinux314_experiment-notebook
317,133734fc7fc352fbe67b293e625c8b4b8fb10fc2,miguelinux314_experiment-notebook
318,134099f5b3c16e2045428532786e8ffe12dd8e72,miguelinux314_experiment-notebook
319,1342370b22a4dd59b7522477b69a7ac76d627de0,miguelinux314_experiment-notebook
320,134b37832e3effe90eb76e7dc7af25f5bb7b5b3c,miguelinux314_experiment-notebook
321,134b7619eb880b3a38a66d1a372dbe3668c5fd7a,miguelinux314_experiment-notebook
322,1358038ee06b27c5e3476483f17cf69651ab47e8,miguelinux314_experiment-notebook
323,135bf2eda99cb437f71814110e419367fd33d8d0,miguelinux314_experiment-notebook
324,1366c4ed2869cf3790bb4840aadb88788e6910fe,miguelinux314_experiment-notebook
325,136823c061d9a467428b56c34a23e7cddfdb3528,miguelinux314_experiment-notebook
326,137277a5b563cb5c85861f20e93041a9d3c36bd1,miguelinux314_experiment-notebook
327,137374f99e1280571f9e8238ac10a3ac2230bac6,miguelinux314_experiment-notebook
328,13980460e3d473aa1ce7de6efac78d3bc4abbf97,miguelinux314_experiment-notebook
329,1398809074eaf2ce267243429789379b920d2926,miguelinux314_experiment-notebook
330,139a19d67cf44ce58dfc597cc1bed9314560d5fa,miguelinux314_experiment-notebook
331,13c5d5c2c97e54135818245d42b152ce103d6f1e,miguelinux314_experiment-notebook
332,13cb7e14e54d651908dbfadddc443b73c1c83524,miguelinux314_experiment-notebook
333,13e81d342bc35bc9f404b3e81b1fd93d15203613,miguelinux314_experiment-notebook
334,13f14bc8b7c1589dc1df48265b972e0cd2c49aec,miguelinux314_experiment-notebook
335,13fd500edba7529c34bedab74915d9b65c4521cc,miguelinux314_experiment-notebook
336,140921dfd0c9c7abf1062b46130ba15c263a988a,miguelinux314_experiment-notebook
337,141a6e9bfd663bd50f74d61e4d1f02ec92a60799,miguelinux314_experiment-notebook
338,1425d37fa7e6f1dd92f3a90e921d024a794d6f27,miguelinux314_experiment-notebook
339,1429067a648944d697dec7455cae96da6ede8e62,miguelinux314_experiment-notebook
340,143704b4a2e6cf84bdaddd78c56e586f6b928614,miguelinux314_experiment-notebook
341,143a71f3957439c6eee34c096c8202bb4b2d45d9,miguelinux314_experiment-notebook
342,14494d27c33b30baebeac28b8f6e986f8b1b9b06,miguelinux314_experiment-notebook
343,14511f241b7d514005c9f4326c3bb5d712029cfb,miguelinux314_experiment-notebook
344,1459218bb10a6558b25f127f4a9b5974299edc48,miguelinux314_experiment-notebook
345,1459249e4de81899e8ed42152b32e158f33f748b,miguelinux314_experiment-notebook
346,1462de9881d26b6885511e6479aef014d2626276,miguelinux314_experiment-notebook
347,1476196e7fddc6a718551a9526da8db9d09c3180,miguelinux314_experiment-notebook
348,147f938274d7df9a6abf8b92126dadfb077d2f09,miguelinux314_experiment-notebook
349,14987d2ddd6fedd27431a0d2b7f50221c9b5f257,miguelinux314_experiment-notebook
350,14b7c42a87c5eef7eae4bf0cddd6bd307fc6658c,miguelinux314_experiment-notebook
351,14e0863ea54178010b6239034a7f4429a41197bb,miguelinux314_experiment-notebook
352,15131e0fe31b584f0a2f367773ba72c7c01c9cf4,miguelinux314_experiment-notebook
353,156eafa607d95d25d40f954e0461dff0e946cb0f,miguelinux314_experiment-notebook
354,15b21cc9152938d45eedc1acef00232b1b561dd2,miguelinux314_experiment-notebook
355,15b89ce78888914159efb39344960527bc131404,miguelinux314_experiment-notebook
356,15c12df0bb9111cc6abf3d3c10ce33b0d391a3d3,miguelinux314_experiment-notebook
357,15e07b94d81a04ef18a70be51cc19f251ecaa0be,miguelinux314_experiment-notebook
358,15e7d42b543a17deab7fd45e3111706623b01d20,miguelinux314_experiment-notebook
359,15ed0d903560c10780cdd43bfbf6a058fa64309d,miguelinux314_experiment-notebook
360,15f51624da5ecb9d5938e5283251e11345daac1c,miguelinux314_experiment-notebook
361,1603e0b8eac3adbb3fb4bf39704d2a02c5ed4096,miguelinux314_experiment-notebook
362,162491168c387346244ed097b5f5b0b324e657e5,miguelinux314_experiment-notebook
363,16369cd47eb7f748bc28f718074a57c48d0a1386,miguelinux314_experiment-notebook
364,1653978a509f7d4904efc1fef3673e66756084aa,miguelinux314_experiment-notebook
365,165cd6598d0b0a8c305bfeb4887aa32e45713b90,miguelinux314_experiment-notebook
366,165d8f6f3112ed91e538f23f2393b763ac4548b0,miguelinux314_experiment-notebook
367,16691adbabbac5f68e8f8d36afc3b634363ea70c,miguelinux314_experiment-notebook
368,169d61bd84b16aa6aba3a4ffd9e2ef93e2650cf6,miguelinux314_experiment-notebook
369,16b3bb59e9982ab7f398df7b42f4d750c19862cb,miguelinux314_experiment-notebook
370,16beb63fe6a4804edefbd78cb35daa0f6b3f1721,miguelinux314_experiment-notebook
371,16cee6f9252f38d97389c37ed3033107eb1c560b,miguelinux314_experiment-notebook
372,16dd4aa12d3807034e24bf1942b823b174a5770d,miguelinux314_experiment-notebook
373,16e335ad992289908773c5dedf17e6d39a4fdc8e,miguelinux314_experiment-notebook
374,16e397d61e8154a045910cf2788ab7731e257dce,miguelinux314_experiment-notebook
375,16fa071686412f236ae2b541679de53edb4a6c17,miguelinux314_experiment-notebook
376,170aa799a4e50a8196f778e94dcbdd137a381fb5,miguelinux314_experiment-notebook
377,170dbd94e3201141e02a9a8ac495227eccd14d98,miguelinux314_experiment-notebook
378,1712b9dd6fb02db554b7d61dba7bec110123ef95,miguelinux314_experiment-notebook
379,17258991cf26efbc24412e7c1573a5f4bd0aa1b7,miguelinux314_experiment-notebook
380,173a4ded3a687bcfbaf709b4bb162fe412111f5c,miguelinux314_experiment-notebook
381,173b98efce4bb1ed77933dd9db243891cfc0bd1e,miguelinux314_experiment-notebook
382,174ca86f6030fb5f516d4f40fdcaa6aa884cab76,miguelinux314_experiment-notebook
383,177359960de3c216b700ce2f4c2c62a5fb34e019,miguelinux314_experiment-notebook
384,178bb743147446d2d5871467bfb7d40ea6d36afe,miguelinux314_experiment-notebook
385,178dced95bd5dec4692e2a6379fd9d176305e05b,miguelinux314_experiment-notebook
386,17a1ca697008903542073100a762ba87b52cccbd,miguelinux314_experiment-notebook
387,17a89265d58198a4c177d924eee7361825e46535,miguelinux314_experiment-notebook
388,17b1e1d7d2ae090e2f81abc3ef8f8d2e201b0e53,miguelinux314_experiment-notebook
389,17c7d4d18902925f01911a613f633ca27ad383a0,miguelinux314_experiment-notebook
390,17d395254a6ce173d1c7982da602d7061400c1c1,miguelinux314_experiment-notebook
391,17ff164211bc4fdbaf07ad52a5ebadcb01687b6d,miguelinux314_experiment-notebook
392,1807303fbe73227e069b2a14d47a0ec55ed5f7e4,miguelinux314_experiment-notebook
393,181042685682919890ef029f416b99eea5142243,miguelinux314_experiment-notebook
394,1822f883f4d1d09149c99e7e44253acdb7bae75a,miguelinux314_experiment-notebook
395,1828863c862a1ece109ff9ae84ad313f6d52d2b3,miguelinux314_experiment-notebook
396,182a9e608631f972518f06195fd775e5b0b4a050,miguelinux314_experiment-notebook
397,182f8c0843f9ba80dc944071b6d40868a1901ff9,miguelinux314_experiment-notebook
398,1831f7073e9acaa4cb0cfcada18b714c126a16e9,miguelinux314_experiment-notebook
399,184cfeebdaa8140e38b0fcf420fff90a7d680b5c,miguelinux314_experiment-notebook
400,18571c8be09bfcd9b2949c0ef7516ecf77991976,miguelinux314_experiment-notebook
401,1859735d1c42a1e7a04d90c698b2c184cd1985d3,miguelinux314_experiment-notebook
402,185eb4b580a8211461baf5b97676cd20a9209ab4,miguelinux314_experiment-notebook
403,1866d11578a425a078f98e5472a551465f47f490,miguelinux314_experiment-notebook
404,187123eec0c1071e0dd6cd31e456947fde30da4c,miguelinux314_experiment-notebook
405,18867a1f5c010d7aa72d647f8e2a8d23a3c3be58,miguelinux314_experiment-notebook
406,188fa48c4629945afab2c56db81c6e5299d42724,miguelinux314_experiment-notebook
407,1893b61e3cf6175fcfadcb6d0f1ceb45d0857918,miguelinux314_experiment-notebook
408,18abd3dda77de5340cba68380ef1d2b25c1918ca,miguelinux314_experiment-notebook
409,18c40959893420c1e277d3d099fb33ba4953751f,miguelinux314_experiment-notebook
410,18ca18ee038d6dffc0821e347f68663c72ef1c0c,miguelinux314_experiment-notebook
411,18e28766d4946abfc8e00d76e4dcae8a39c41760,miguelinux314_experiment-notebook
412,18e63aa18cbed79643b82f58f2cb2aa7a820ff46,miguelinux314_experiment-notebook
413,18f525312592ccd2a0dd5bed3fcb61da6df9bc4d,miguelinux314_experiment-notebook
414,18f6bab36b34d0ec6854f2cfcbaef7c3074f3cdd,miguelinux314_experiment-notebook
415,18ff7e3b8bcbdbec2e2058f1e3f66d0d1213b80c,miguelinux314_experiment-notebook
416,19059119c2ccc6b018da7aa86b179e91357d0297,miguelinux314_experiment-notebook
417,191ad02534dca5e785db636f5ed7e486319d95f2,miguelinux314_experiment-notebook
418,1936ee8f27b1cfe3a64c2345c48b57162e22541d,miguelinux314_experiment-notebook
419,1952be15659e9ecd8c8806321ab05e07da46cf8f,miguelinux314_experiment-notebook
420,19628da0b01ce1255621843ad492c52b580d775c,miguelinux314_experiment-notebook
421,196b4cfae7503d3cdfd4d0cb8c9ed5ba66bd1ca3,miguelinux314_experiment-notebook
422,196d683fe21716b2e513ac7d6be8d4406da9d3bb,miguelinux314_experiment-notebook
423,1988c06048fce5491b10fb9fdda12198f428095e,miguelinux314_experiment-notebook
424,198c6e1fbde0d503b1f7e6ff16f27d185ac63f69,miguelinux314_experiment-notebook
425,198ca02b8a6674e024b062d71e346c6daf2ba3cc,miguelinux314_experiment-notebook
426,19951351b97cc5885f6bb190084a9696b4b9b38b,miguelinux314_experiment-notebook
427,199835770a83bf44f9d91eba4dbbea1045f6e624,miguelinux314_experiment-notebook
428,199ee4fcfc76b0f030a3f3364229f913ceb53952,miguelinux314_experiment-notebook
429,19a100472c0863c8027c76ff353af171f8ebcf78,miguelinux314_experiment-notebook
430,19ad0f8c188d0e49547da92588e8c869a1b4d349,miguelinux314_experiment-notebook
431,19b703fa9a440435e1431887e844ea6af20e60f8,miguelinux314_experiment-notebook
432,19bf7ceb7600900552ff0fc4e502bb0466836589,miguelinux314_experiment-notebook
433,19c6c600024daa70a8886302a771d8cb48384396,miguelinux314_experiment-notebook
434,19d0fd8747b8f6f5c790692b5ec35f4ed6646c1e,miguelinux314_experiment-notebook
435,1a02d99de1820f69f615191b1f77b218159359ee,miguelinux314_experiment-notebook
436,1a126eb23fc954bc0768462ce9463909fdc87544,miguelinux314_experiment-notebook
437,1a1c93f47fcece7679140dca6b6516ead0223a03,miguelinux314_experiment-notebook
438,1a3da3380e5595bac8450d833fba2609b981b151,miguelinux314_experiment-notebook
439,1a44f036d523bb47510eb0fe2c39511b26ae7159,miguelinux314_experiment-notebook
440,1a46624915402013db1652a9632a728de8a0e188,miguelinux314_experiment-notebook
441,1a61e368d155602fb9676dc713552600a1391636,miguelinux314_experiment-notebook
442,1a678107091cb72982c0c283f57c81b0b37be672,miguelinux314_experiment-notebook
443,1a76227b3a93d25f89b3e92a034b9dcfcf151903,miguelinux314_experiment-notebook
444,1a81260634da999303d7055db54f820df4875e27,miguelinux314_experiment-notebook
445,1a8faef4bc57d903ce7ab8739ae7833a6c19d88f,miguelinux314_experiment-notebook
446,1a9a892ca0052d0a8a5d5221a2e15024f7fd3555,miguelinux314_experiment-notebook
447,1aa4448844c936c2103b0acd9a4a3e2d9bfa0c2e,miguelinux314_experiment-notebook
448,1ac3f1608cac49ee4ae64da74ff161a5eaa5fe12,miguelinux314_experiment-notebook
449,1ac84ad96ad582c129f4e516ee41d8d8b6cc7ebc,miguelinux314_experiment-notebook
450,1ad6f2d9df9a577d4a7d3b22a41cc15ab88e7c57,miguelinux314_experiment-notebook
451,1af8b90767c6e82a597179f5d5ca6aafa2574bd2,miguelinux314_experiment-notebook
452,1afbf8ec78e22353fdefedd016e0383db386f663,miguelinux314_experiment-notebook
453,1affe5348880d8ae874c28c2b164f1e5aaa41c62,miguelinux314_experiment-notebook
454,1b039b93afbad5f73595ea5b8fd8c10dfb29d580,miguelinux314_experiment-notebook
455,1b1365269ec2cbba5726100afa7cb1899d3fe7a6,miguelinux314_experiment-notebook
456,1b1ccd0a9fb54d5f9993fac0098421388464014e,miguelinux314_experiment-notebook
457,1b2d9d67fa5cfab53a23d34ac9486b63265ec1ca,miguelinux314_experiment-notebook
458,1b3943ade41b45496f0825d817ca46d0a1bf46c1,miguelinux314_experiment-notebook
459,1b608ad1410581dd48053cc391202b2ac13a0b96,miguelinux314_experiment-notebook
460,1b720b78ee9e3bd99e50daaf0d58cf10d413353e,miguelinux314_experiment-notebook
461,1ba6af6bddab6fc0403905bcbed00fc895b3ae63,miguelinux314_experiment-notebook
462,1bb588f388ac1fdc217229a6665ce88e6c99cc99,miguelinux314_experiment-notebook
463,1bbc60aa2d8095d262febd844c435d340bb9b7bf,miguelinux314_experiment-notebook
464,1bd8e4d64ae795f294d89fec1ddf42b261db99cf,miguelinux314_experiment-notebook
465,1bda9ec2fdf3ad6054453f44969e5f1522cc1110,miguelinux314_experiment-notebook
466,1bdefb7591e6bb1fdf717e6137bf48e66fbe5e74,miguelinux314_experiment-notebook
467,1bf279aed0aa620535ba1883847439774fd57f2c,miguelinux314_experiment-notebook
468,1bfd7480e6a52a6fb351b4ad5464e8c76cb275db,miguelinux314_experiment-notebook
469,1c03da28cf64771532e7b2b2cd39b3c782161d80,miguelinux314_experiment-notebook
470,1c1ba92ff8e3da7f9301afa6f537c25f0d2ed67f,miguelinux314_experiment-notebook
471,1c3f8161a2025bba11673b1031fd21030dfc70a3,miguelinux314_experiment-notebook
472,1c45b8c274f0f7fe189b0a9ab9ea5c2bcfaa6458,miguelinux314_experiment-notebook
473,1c55283021336ce705d2c5e1023e2ab088408525,miguelinux314_experiment-notebook
474,1c7838c2c29823114270704c2571ad5261745b31,miguelinux314_experiment-notebook
475,1c82c98adfadcf77080d9feeb4ace723383c08e4,miguelinux314_experiment-notebook
476,1c84a8a1fd63cf3d6495b6bca4dba366c074f4f3,miguelinux314_experiment-notebook
477,1c96687408731b7bfd4f404588af1e4206fc687c,miguelinux314_experiment-notebook
478,1c9c7c267f61469c9a0f5fe0e968b6f79bfdb4b9,miguelinux314_experiment-notebook
479,1c9e6aff7d7e0483cd146ac6351ffc126f4cf3e7,miguelinux314_experiment-notebook
480,1c9f175d84d155421b05973cb93ddff98aab7b9d,miguelinux314_experiment-notebook
481,1c9fef980d3c6b619f10081877b95685bcb2fe94,miguelinux314_experiment-notebook
482,1cac092d638cba0511b824e7231c82ea32654b68,miguelinux314_experiment-notebook
483,1caeb14a80e6e44a89d74ad01e0bbd60d626ee98,miguelinux314_experiment-notebook
484,1cb05fe5c526da19180c8331e2660e8448b81e1b,miguelinux314_experiment-notebook
485,1cb203fd88f18d4de589e9754e087c64735fba91,miguelinux314_experiment-notebook
486,1cd587424b21dcbdb8072bb23271dbf29a1384f8,miguelinux314_experiment-notebook
487,1cd83bd2fdbee1427dcb747431837c585e7347ea,miguelinux314_experiment-notebook
488,1ce3301059d40015b3c58807dc163c05d844b41f,miguelinux314_experiment-notebook
489,1ce9e73c2c58c793bc1147f8fc5fb5731faa1c09,miguelinux314_experiment-notebook
490,1d06998b34057f1cd1be7e7fb0df8789c4c7a2ec,miguelinux314_experiment-notebook
491,1d1d739ac9af975989d95336a73b07b043511adb,miguelinux314_experiment-notebook
492,1d2d751d1b3a7917e8768e59fe7bb5b7e9513378,miguelinux314_experiment-notebook
493,1d2f8ec86565cbe951b6300040a949963b6a198d,miguelinux314_experiment-notebook
494,1d3c57f6e52fbe9ade89e8390cab7972a32e1eaa,miguelinux314_experiment-notebook
495,1d5cfc944b4f83bdac8c217e5e66b6a9c87e18e3,miguelinux314_experiment-notebook
496,1d727735a236a1a1b7e6877c1961da1379bce6a4,miguelinux314_experiment-notebook
497,1d7dfbd2299f6edfb332f880bed8e5a5470c986c,miguelinux314_experiment-notebook
498,1d8f4af40515e5acd2239dad5c5e8af495afc74a,miguelinux314_experiment-notebook
499,1d93e74fe479934789f04065a15220a28960cb78,miguelinux314_experiment-notebook
500,1db83b636651a92f8c34fc86ed1f627342e591fe,miguelinux314_experiment-notebook
501,1dc2cd13981f7022d6128bb104c64ca19b928d94,miguelinux314_experiment-notebook
502,1dd5a87ab22c799112de66fb498e7dfb81edb19a,miguelinux314_experiment-notebook
503,1dd8ed56e3365b35b8534ed638615fbcbfdcf2dc,miguelinux314_experiment-notebook
504,1df2d00db4c9981ba6eab750bab32f26285f162a,miguelinux314_experiment-notebook
505,1dfa48a4f49e86180ee652f973964aff45f543f7,miguelinux314_experiment-notebook
506,1dfb93ea51b9d8f68e9d5d5b4adcfd847e0be754,miguelinux314_experiment-notebook
507,1e19d71eb78e094584268e52e89c254bb3df56f4,miguelinux314_experiment-notebook
508,1e2217115cc31f24eba152ad7bbd3830301f4578,miguelinux314_experiment-notebook
509,1e52bd2b922a14f3cdb68517f50800dd8a266a8c,miguelinux314_experiment-notebook
510,1e6306a55225436d425a343cebe714720dcb5e70,miguelinux314_experiment-notebook
511,1e6d056cae2fd9cd4eecf148cefcf07624712de0,miguelinux314_experiment-notebook
512,1e7a5fed82b9ee2c5078ab6fcb0fec649d8c7cd2,miguelinux314_experiment-notebook
513,1e80fb562aa7cf9dca43adfbaf23d1f6556dc48f,miguelinux314_experiment-notebook
514,1e85d240c725b198a3bb39613aa15282e068cfdc,miguelinux314_experiment-notebook
515,1e93575b24d68bb1ee42d15f1e9dbe0b9c787468,miguelinux314_experiment-notebook
516,1ea0c3b992227cb0608898113d7a38aa78b19a7a,miguelinux314_experiment-notebook
517,1eacaa7a222a326a29d697a95303c5d42c84f18a,miguelinux314_experiment-notebook
518,1eafacf287a6530fa57d33d74fd08bf12d9aa9b3,miguelinux314_experiment-notebook
519,1eb0e33d76ce19197eef873f7e6eca3cd528d5e8,miguelinux314_experiment-notebook
520,1eb50045d0b81ef1808e581f71dfb3f36d04fe22,miguelinux314_experiment-notebook
521,1eba91202cc983a049923830a4c4db3133cb3dc2,miguelinux314_experiment-notebook
522,1ebe1e79746787ad6f903fd733907d8a8122dc73,miguelinux314_experiment-notebook
523,1ec092570b9e09b7f7ea01fab586f48ad437164f,miguelinux314_experiment-notebook
524,1ee53a4a649666a13ac18ca7f6d04a0c362c0e29,miguelinux314_experiment-notebook
525,1f01e31a422d68b0faacd3c286bc38d78b168c07,miguelinux314_experiment-notebook
526,1f069ffc56534c864c3e15c0e4db1409f67467de,miguelinux314_experiment-notebook
527,1f1a5f52c8ea0da2cc44632934c424a9c2989f55,miguelinux314_experiment-notebook
528,1f3a1e5cf6aec8ad2bd41121fd06f7f35f33954c,miguelinux314_experiment-notebook
529,1f3cc0891cf6dfebe7e6acfeba8d95b3111d58ca,miguelinux314_experiment-notebook
530,1f3eadc2755911cd96f32d56d3744e45aff8c97c,miguelinux314_experiment-notebook
531,1f7bfd7d6acc3ed586f25d0e701dea1846e55786,miguelinux314_experiment-notebook
532,1f7d0804ccbbd9a5bbd08667df5c147b1fa250fa,miguelinux314_experiment-notebook
533,1f846675957e5c7d6af1c31db35b42239612b457,miguelinux314_experiment-notebook
534,1fbdf51a343260711fc42c35128975b830e526aa,miguelinux314_experiment-notebook
535,1fc82a6aab3b0f7d7dad0384546b77b54d691b57,miguelinux314_experiment-notebook
536,1fca52d01b1c599cd2fbe8655cd86d3f1fca88e4,miguelinux314_experiment-notebook
537,1fe021ede44b92092e257d4ea5ff8f653c0181f4,miguelinux314_experiment-notebook
538,1fe0f672dfc05887a1c227572832c83047a320bb,miguelinux314_experiment-notebook
539,1fffe6a63547606a977cb461c51c2f13b5cf970b,miguelinux314_experiment-notebook
540,2019f880ed439c92cbdda65e9aa3a358029e9ca7,miguelinux314_experiment-notebook
541,202f616bbc62f44cfbf4aa470affb6cfef37385e,miguelinux314_experiment-notebook
542,20308e5ad882bc8edfb65b4c323c0fef5925cb89,miguelinux314_experiment-notebook
543,203525a29e988d11734ac420774f17ac76df2eb9,miguelinux314_experiment-notebook
544,20376dff0ff6b22187dfd4cb0889b0639138fb88,miguelinux314_experiment-notebook
545,20392d0dc2dc7ce2912c65f750a4ca8cef1829b7,miguelinux314_experiment-notebook
546,204216196cc3e7c0763bd251cfead3ad35458782,miguelinux314_experiment-notebook
547,204443d3fa5e5eb5a739c223c5913caff9014296,miguelinux314_experiment-notebook
548,2050a4659492be659f78e2e19a4ed4438b82ab69,miguelinux314_experiment-notebook
549,206255c19db0d6372ef6d573b683ebd5c885fd69,miguelinux314_experiment-notebook
550,2067d7e025818f0944926ff7308a2e5d0282308e,miguelinux314_experiment-notebook
551,2078365051943edc229914dd9a3ecc31cec772a8,miguelinux314_experiment-notebook
552,208c2174446596a58ae4e1af9bbe44461ef7fb88,miguelinux314_experiment-notebook
553,20992872d66fcd93acc5e2d5afc13d863b3e0292,miguelinux314_experiment-notebook
554,209d5db3f23d27730345e6c1dc2f602ec9babd22,miguelinux314_experiment-notebook
555,209dfa44e75a9bba7bdb3cd34becc9865a96962c,miguelinux314_experiment-notebook
556,20d57d35e4fa743b0af5fba3a215daf14b9e220f,miguelinux314_experiment-notebook
557,20dff275ddc248d7032f7c8a6b71570baa80665f,miguelinux314_experiment-notebook
558,20e26334fac0c10369328a602d2ac702ffb687d5,miguelinux314_experiment-notebook
559,20e3104f6ba44ef3e095017548c00d22c67a07d1,miguelinux314_experiment-notebook
560,20e631e9f00c999b6cc4c133910380479a75ca15,miguelinux314_experiment-notebook
561,20f7c587e9dad5188fed02c460691f5f2429ba59,miguelinux314_experiment-notebook
562,210f31cfebbe094ccb05b79fd41b6161bf2691e0,miguelinux314_experiment-notebook
563,2119b40723fcaa86e914867cbdbb16364ac070bc,miguelinux314_experiment-notebook
564,2130da6bbce5425fdbff214155e541ec93706ad4,miguelinux314_experiment-notebook
565,2135a796b486b1262d8a9906761caa6f83d1f90c,miguelinux314_experiment-notebook
566,21444a09f27a9d6e6bee97fd5b2395aa0afd73ac,miguelinux314_experiment-notebook
567,2162b28fbc122fbe0c584119e8afa9779bccbac8,miguelinux314_experiment-notebook
568,21665e134e1878e4a14c19e9374c8220db9486be,miguelinux314_experiment-notebook
569,21799fa357a3001c0d34bec0adad6aeb403ef3ba,miguelinux314_experiment-notebook
570,217a09848360611fa0048e3704373efaede2ba17,miguelinux314_experiment-notebook
571,21949e6233076f4c6c6b735ff8f567cdd3045e19,miguelinux314_experiment-notebook
572,21a45cfd5d286ec8bd357ca63b2c7aaab5502f0d,miguelinux314_experiment-notebook
573,21a8158728597e809dbc120724f33db9db155932,miguelinux314_experiment-notebook
574,21b2e54df3726b168eb4278bb291ccb3cd581cfd,miguelinux314_experiment-notebook
575,21cd62bd83aa05238c80a83ef76cffd1fe60b984,miguelinux314_experiment-notebook
576,21db27d1b2537c067798774e670cd9ebd8e94549,miguelinux314_experiment-notebook
577,21f11995bf1f59a146d14d335899b3d411307435,miguelinux314_experiment-notebook
578,21f614c53ebc68a4347528fec00774f9dfe4d644,miguelinux314_experiment-notebook
579,21f72051db95d6cb8b8076aa5b0da17bf9d50f7c,miguelinux314_experiment-notebook
580,22026d8282f67e4ff726f6f58a9c8ccbc5c2b150,miguelinux314_experiment-notebook
581,22084ed2aa62e83fd037d0e4338272df1b2ef648,miguelinux314_experiment-notebook
582,22113bce0cbd592c543dcce96848ee299d25bdff,miguelinux314_experiment-notebook
583,2211501c71ee35a08a0280464697c46e01ba49c2,miguelinux314_experiment-notebook
584,222b09d271616152886cbbb26423bf615412518f,miguelinux314_experiment-notebook
585,222ba102bef2f4f057d1e724996466f12191abc8,miguelinux314_experiment-notebook
586,22401db53c3a2632d7f64bb1699bafde1491d9e0,miguelinux314_experiment-notebook
587,22704323e46adaf0928fe771e35c97a09e0ba507,miguelinux314_experiment-notebook
588,22745d1272ce383b6947fa95eeb74e5a3c3c672f,miguelinux314_experiment-notebook
589,2283ffd3d0430b2fc047b747d831e90d8dd9befc,miguelinux314_experiment-notebook
590,229f1dbed76e65500b7fd51a0da71eb4b48f868b,miguelinux314_experiment-notebook
591,22bd661e385d8ca6a7d1a5305b42533653947ace,miguelinux314_experiment-notebook
592,22c51777187925c982651b538b2701a076063fb6,miguelinux314_experiment-notebook
593,22cf40571cdb400103775f2345da759a2f68b5f1,miguelinux314_experiment-notebook
594,22f516e023f688d21aa52e9764adb88fce7d7f00,miguelinux314_experiment-notebook
595,22f8f5903f69c45c58285590348204954121a39b,miguelinux314_experiment-notebook
596,22fb3d2840cdcf2c17c3643ae0274ccfa0de5619,miguelinux314_experiment-notebook
597,2325ff4c71963e09e58fd9d0e08e531b895b0e06,miguelinux314_experiment-notebook
598,234141b41e42a6c4eebae1a19e6ebc7b02900a45,miguelinux314_experiment-notebook
599,235b320e01c9001eb93ab3d9e1f29c5798993165,miguelinux314_experiment-notebook
600,235cd48eecbabb29f253acb54be3e1fba3f99b55,miguelinux314_experiment-notebook
601,23865d5e30fcf1b7bcac46d7dc6fca1f91ab357d,miguelinux314_experiment-notebook
602,238c1bee02e06f28a3f6afedb8559053f11a8019,miguelinux314_experiment-notebook
603,23a3c09b8eef5f63a5bd8fe445f4e890fdeec259,miguelinux314_experiment-notebook
604,23a6e6e2947814eb0f682bcc23e9688e4b8292f5,miguelinux314_experiment-notebook
605,23bc59d3a56d860c65547278ffebcbe0c9bc85e5,miguelinux314_experiment-notebook
606,23cd655a6b6a30f51876cbaf56894c369148827a,miguelinux314_experiment-notebook
607,23d3ad1a7cd9e7b11da731e6cbef0f6b6a121a7f,miguelinux314_experiment-notebook
608,23f6eeabf8eb4095d21f2edb8aa649de9570976a,miguelinux314_experiment-notebook
609,24130e32783d28ca080c0beb03e0e1bde738eb2f,miguelinux314_experiment-notebook
610,24370706b0c69f2e51ae0c27fa6b8d4f557b22f7,miguelinux314_experiment-notebook
611,249c4cf7655603a7138e3e6d6ebe12760a728493,miguelinux314_experiment-notebook
612,24e44bc7717c26498ab4d5991ce250c7479da730,miguelinux314_experiment-notebook
613,24fb1270a8395d7c49209bdbe3005cad87b650c4,miguelinux314_experiment-notebook
614,2517838e92d546cf68822b517dce24ec2fb18839,miguelinux314_experiment-notebook
615,2520591976b417ddabfbf796327243f03598a4a2,miguelinux314_experiment-notebook
616,252f3d599d868b27eb317c55b6bb1820b8a385a8,miguelinux314_experiment-notebook
617,254cac223b34aa7cc38133003589f3757248a718,miguelinux314_experiment-notebook
618,258b2b781038bf2f0838bc95a810a1ebf61cb0c3,miguelinux314_experiment-notebook
619,2595a16eaec7b12e4dc5117ced88bc80093def65,miguelinux314_experiment-notebook
620,259e8480cf073029c1ff7e437d3b979832927a1e,miguelinux314_experiment-notebook
621,25b88502d4a034321f9e6f3cbf8ae6e1dc9c17d6,miguelinux314_experiment-notebook
622,25bbd4678213d75dd3f6c698c611d7b1e7ee759e,miguelinux314_experiment-notebook
623,25c1c7d425e9edc24e16890894c30d99c818f2d5,miguelinux314_experiment-notebook
624,25dcabca69ff3b23684c97eef577cd3bd6a0744c,miguelinux314_experiment-notebook
625,25dcfde0df71981d81d8d2218819876f6e924aa5,miguelinux314_experiment-notebook
626,25f4279910d657fed6e3ad5e6dc19d64e2ce59bf,miguelinux314_experiment-notebook
627,25f4c812b76ccf2bce9b847b2648766cb2f2cecc,miguelinux314_experiment-notebook
628,26038883652dd940c185798b22eca7935830f408,miguelinux314_experiment-notebook
629,260856ad2c1c27bbd53c72ae14cc0aff11fccf3d,miguelinux314_experiment-notebook
630,260c7555c224742a375b121cc04f927da4cf0a52,miguelinux314_experiment-notebook
631,26193d47b476eb2d7231d245625cef3317bb0585,miguelinux314_experiment-notebook
632,261a52322bf65bd6a1fd823fac7bd824a5c89b4b,miguelinux314_experiment-notebook
633,261f3e67acddb6f37267ff85aac8a7774fc3a68e,miguelinux314_experiment-notebook
634,262f6f6736642d074539c57418194deb7d9a1ad1,miguelinux314_experiment-notebook
635,2644c3f090282d0002746dae030ec204a88c5465,miguelinux314_experiment-notebook
636,264827797c4568994ea324238788cc199ad2b2f4,miguelinux314_experiment-notebook
637,26489f511446927956552f8cb831939b2c063d0b,miguelinux314_experiment-notebook
638,264d5fd6dedc41cce0e9f046550ad3337086440a,miguelinux314_experiment-notebook
639,2650dc2eb28934e8b5d2594283ef7c4b32f1fa91,miguelinux314_experiment-notebook
640,26695508e28f08fc9bc22907d3e04e8ad5245ee6,miguelinux314_experiment-notebook
641,2674d7f8002ac5cbd5b18222b850a79296968f4c,miguelinux314_experiment-notebook
642,267a9a62c7cf08f4a02336918592da40f08dd2a9,miguelinux314_experiment-notebook
643,2688a3ee463410f75dd1eba2887084aa5a1b598f,miguelinux314_experiment-notebook
644,2689da87108f36e8f3856376f6ee8236553fedb8,miguelinux314_experiment-notebook
645,269cb9791ee2f92368aeb6a87e752140f8ba1b2f,miguelinux314_experiment-notebook
646,26aa837d3fc4166723b77cd0bd4436ea80ca397b,miguelinux314_experiment-notebook
647,26b856c9f4f952cc9aefb3387bba9cabad4484c9,miguelinux314_experiment-notebook
648,26c22b65c8902a950c21a8b028c5a85d32eb1cc4,miguelinux314_experiment-notebook
649,26c5e06b3aa60d9602b14c67f987a82ff481ad55,miguelinux314_experiment-notebook
650,26d73103b37d0057fc9644f656dc57a686813f19,miguelinux314_experiment-notebook
651,26df79d0666cada3e3f096736c352b3e943c2786,miguelinux314_experiment-notebook
652,26e466533024aa448171efafb175618354f6e4fc,miguelinux314_experiment-notebook
653,26e639bd52a80460a009272910506519f5e57ec8,miguelinux314_experiment-notebook
654,27630fc646e38642705aaca8c42e6423d7015d0a,miguelinux314_experiment-notebook
655,276838540408a2777944f64fd38c634348edee9f,miguelinux314_experiment-notebook
656,27683efd0542e6092944dd68db84c18360f9ed94,miguelinux314_experiment-notebook
657,276a76dc8f37207e4eb90489f7444b2fd8b50175,miguelinux314_experiment-notebook
658,276a9c7ea30acbe13a25c080be682294a7aef022,miguelinux314_experiment-notebook
659,276acd051bf58362245748d95cf86dda0ea7136b,miguelinux314_experiment-notebook
660,27b3d3488f1e3ba9a50480303f267d95cd465f9d,miguelinux314_experiment-notebook
661,27bffcfbebf66c3d8e3f686428e093720250efa4,miguelinux314_experiment-notebook
662,27d2f0e1c9c0119c444f5440c7d9f07131be5ca7,miguelinux314_experiment-notebook
663,27f451ac0e9683a84b23c875a66e5071179ee847,miguelinux314_experiment-notebook
664,27f4e1aeb8127cf7f9749b1cf49f9323478796f1,miguelinux314_experiment-notebook
665,280464a1692353b492a8e549e201c816095ad554,miguelinux314_experiment-notebook
666,2809999914484f1d2d1faecac6e97beb8fc2a2d2,miguelinux314_experiment-notebook
667,28104cbe4670d08d902cd7cb95a5f36710cfa305,miguelinux314_experiment-notebook
668,2826524d349ee54fd43b407babe8adf734c9eb26,miguelinux314_experiment-notebook
669,28435374558c3ceb8cbeddec13ce3e795d42bbd6,miguelinux314_experiment-notebook
670,285221aa3c86d3644c2bb7b944a32d2b6f4e3c0c,miguelinux314_experiment-notebook
671,2852d87748ceb933429f6f425232e5060e055e86,miguelinux314_experiment-notebook
672,28718c1eec84158ff57d87204fc8d2cb4c36d528,miguelinux314_experiment-notebook
673,28773bd71bf2fc59168e94e1c50f7a1b04cb9ea7,miguelinux314_experiment-notebook
674,28883d04ec1ae974ebcf7c931318a29594915866,miguelinux314_experiment-notebook
675,289aaf93dc5651dbebbe959bc163fce37733ee64,miguelinux314_experiment-notebook
676,28a8af8bc85af48338cadbd5d93bd400f8ac763f,miguelinux314_experiment-notebook
677,28b0734e643aa87177802ff4b46419f9e9614701,miguelinux314_experiment-notebook
678,28ea7ec196b0721022e5fa058597a93974d73f30,miguelinux314_experiment-notebook
679,28ed91e31030141f1cc9daa914a84d836b0c24cd,miguelinux314_experiment-notebook
680,29178ad454c338825ea0ee32425ec9be8688daf0,miguelinux314_experiment-notebook
681,2918f5732684e6b4668259947d0a91b4fe364ca2,miguelinux314_experiment-notebook
682,2942358e3f8e01f431b30f3f59028844033ce3a4,miguelinux314_experiment-notebook
683,2951921fb7e35a25087c7f02c64afa38a9f02587,miguelinux314_experiment-notebook
684,295454d6152b84215d8b0408c73f614c1b0f79ca,miguelinux314_experiment-notebook
685,29861f7311e8cae454bd23908c1f7ddbc14c1b38,miguelinux314_experiment-notebook
686,29964ea9cf6d3590290fffd2666d320a46c8383a,miguelinux314_experiment-notebook
687,29985bfe6129ae8065f97d7403b3c0c7793b8d45,miguelinux314_experiment-notebook
688,29a3fa0490132681016bd7744ae7bfbf4cc3a038,miguelinux314_experiment-notebook
689,29af9d69fbb9418d51cef190444ebdaa396ace4a,miguelinux314_experiment-notebook
690,29bbbe983dde10e0602b698cbc02e6ce9f5306db,miguelinux314_experiment-notebook
691,29d139602b6a288063045c0efa1df5c8bcf24429,miguelinux314_experiment-notebook
692,29e8e288215df97c8cf2b095d407f49704b26903,miguelinux314_experiment-notebook
693,2a016b6a1c79592ae51389dd11f3755f3dc97d28,miguelinux314_experiment-notebook
694,2a12ed671690266eb421602306b393bd75861192,miguelinux314_experiment-notebook
695,2a172953bba0ae560918d16ee9823cc392301d86,miguelinux314_experiment-notebook
696,2a2d9cb695f878f14b0cb21a92628bf28867e104,miguelinux314_experiment-notebook
697,2a3d16838d7ee2bf7225b47a73773a0d73f70fdb,miguelinux314_experiment-notebook
698,2a4f0c9ad611b89a62030ca82a6a96de7103fced,miguelinux314_experiment-notebook
699,2a820bb1bd9d80adc7c30acc5f5a8471f96693ce,miguelinux314_experiment-notebook
700,2abbadf797a7b621b002c1acf9b46a315e007394,miguelinux314_experiment-notebook
701,2ac048159efcf66bddacd30f05a2c6d7318226d3,miguelinux314_experiment-notebook
702,2adc0beced0353e79497907b398276fbe6f65e1c,miguelinux314_experiment-notebook
703,2ae4135ce024fb0c1e759930b637e21180988c33,miguelinux314_experiment-notebook
704,2b0141a55946147dbfb8b8eab907c8d24e9af269,miguelinux314_experiment-notebook
705,2b0daa3dba1dc832719b369498daf5980d1e40de,miguelinux314_experiment-notebook
706,2b0eda52ec814947862f75ad2d6c4f7572776b4f,miguelinux314_experiment-notebook
707,2b13e71ff96dd0097c18d7dc607ffd9a69d8bbd7,miguelinux314_experiment-notebook
708,2b20808303558d7c897073dd8ea22bd8fa795643,miguelinux314_experiment-notebook
709,2b2fa6c96f3cf1f072fa15f1ef395d901d04b5f5,miguelinux314_experiment-notebook
710,2b376040c2c15ece47857f4d6c8f969682f7628f,miguelinux314_experiment-notebook
711,2b3c7236f654f572e0731f2a8b410ad4b93f017d,miguelinux314_experiment-notebook
712,2b48c77afa0396d11c7c80ef5dbc6eb6bbbf39d6,miguelinux314_experiment-notebook
713,2b5651748c72e8339545d55824c96ccc633af52e,miguelinux314_experiment-notebook
714,2b58094e786d1e3c928890e3fb145450c55c188d,miguelinux314_experiment-notebook
715,2b5ce78e8c310a6970b77134336c0c2420221ff3,miguelinux314_experiment-notebook
716,2b617ba410de7832432f5b8bc69b0a58e0cfb280,miguelinux314_experiment-notebook
717,2b782941c70dbba9344b81b618521957074abc91,miguelinux314_experiment-notebook
718,2b7ff5442ff06bc137d16f4f2302ac90b0a34959,miguelinux314_experiment-notebook
719,2b8b500229d3d66da9a198d5a0fb94804fe61941,miguelinux314_experiment-notebook
720,2bc2e7934507d80401a503c756da91adf558e5f4,miguelinux314_experiment-notebook
721,2c0372a8b8db4792037a2af9325f639728a63c4c,miguelinux314_experiment-notebook
722,2c0665042ccf5556db5ff0b1967f2bd5c381cbcd,miguelinux314_experiment-notebook
723,2c0af62fe2c6a1a644ff121dd02cf3b155136914,miguelinux314_experiment-notebook
724,2c276c30da899bf3eaf9047aa8d82b7590286c59,miguelinux314_experiment-notebook
725,2c2f0d1be1390088adf62c682dfed68406d8cfdc,miguelinux314_experiment-notebook
726,2c30164accd3e2eed4b6e8ce8e1d90fc35e4ecc1,miguelinux314_experiment-notebook
727,2c305a0b24debf18ea42d44d0056838786aed8da,miguelinux314_experiment-notebook
728,2c4249bcec060b1dbf77b9a1416dc598b2ea99a7,miguelinux314_experiment-notebook
729,2c5e218aa57f3238ea0978d4314f8f70c2dfaa95,miguelinux314_experiment-notebook
730,2c6210e0a7e68f9876ca3e9fcde3f8287e8ff6b2,miguelinux314_experiment-notebook
731,2c720aa67d436ac67552e579ca0b35eaf978f83d,miguelinux314_experiment-notebook
732,2c82a99d12e9b63c7ef3319d67e238f6a187008d,miguelinux314_experiment-notebook
733,2c84743e5e8b8fedf7209e8c2b4ed84c01922c14,miguelinux314_experiment-notebook
734,2c89443ae94dadf7ba97384c49cc77d87f2cfb08,miguelinux314_experiment-notebook
735,2c8ba702852317477f5d660e5986042f2d1643ec,miguelinux314_experiment-notebook
736,2c9121ae2e4821ebb2caf86dee32d3462bc07a95,miguelinux314_experiment-notebook
737,2ca2239c2bf9ffa4b839f6171fb62e82b3470589,miguelinux314_experiment-notebook
738,2ca746c26c4f48335842d56bdcdf245d9f318dce,miguelinux314_experiment-notebook
739,2ca9e4eb33bb7c336ddcf60e407c6ac669d27057,miguelinux314_experiment-notebook
740,2cc3b9a6c485da88a11c89f4d6f4680b89e6ae6f,miguelinux314_experiment-notebook
741,2ccf09f4faa06590ac6eabef454f527b85462fcb,miguelinux314_experiment-notebook
742,2cd24fe26a8d322a482c57b1d4997b8714f1ef03,miguelinux314_experiment-notebook
743,2cdab8a6cb6dff4f68fc5c9873f78b2314e446ff,miguelinux314_experiment-notebook
744,2cf683c8b5db97f07889f14b3dc76eb0a6c59019,miguelinux314_experiment-notebook
745,2d039df7447760da9e07226e181ed869e77c1323,miguelinux314_experiment-notebook
746,2d0b12aa23d29b7a11f86d71ea8480ab07dad8a6,miguelinux314_experiment-notebook
747,2d15aaf76fa93fcc19bc95516f088ad88ee04526,miguelinux314_experiment-notebook
748,2d406c62c45185a24a72484403562c177e2b5d53,miguelinux314_experiment-notebook
749,2d6396f858d429f05c854b2e749242b1edd53df9,miguelinux314_experiment-notebook
750,2d700a3e813da02dbcc9de0068c5c24d2ee992d6,miguelinux314_experiment-notebook
751,2d80f5708b10c56022ee992172a3774593c1af24,miguelinux314_experiment-notebook
752,2d9542399a5d6e1d8655fcd922192c08a066b3bc,miguelinux314_experiment-notebook
753,2dd19cf66464bb40f7fe7d54e62523fa9e3c947a,miguelinux314_experiment-notebook
754,2de841a51f05b0793d015ba05939f3205a10752e,miguelinux314_experiment-notebook
755,2de86f050187e34587f1d246e016a0c837e81cac,miguelinux314_experiment-notebook
756,2defde035dd7aa3b5ce46b6961ae50a9adfaac58,miguelinux314_experiment-notebook
757,2dfc3918f4b728e686a00da70a64802ed050acdc,miguelinux314_experiment-notebook
758,2dff1bf81e8ba9ff6bb4f1980784b0bf326192f7,miguelinux314_experiment-notebook
759,2e43d36368885f647d66067a42a39e9adea35028,miguelinux314_experiment-notebook
760,2e4b0cf4186e4f29f775faedddf1167e4e612041,miguelinux314_experiment-notebook
761,2e675dc3111e1964e2f05ec17eeb53c76cd28503,miguelinux314_experiment-notebook
762,2e7d0cb6d2d5ceabc400a3b0b32218a5bcb7b709,miguelinux314_experiment-notebook
763,2e870ed62885561b120c35522dc804b0a6d5648b,miguelinux314_experiment-notebook
764,2e9a6e8f9662635921d36e852367cfd1749d2328,miguelinux314_experiment-notebook
765,2e9c5260fc5f1753ad4ee1a8774eb2a5ce30da7b,miguelinux314_experiment-notebook
766,2eb048487260f776a0c3616118e7ce275879e0c0,miguelinux314_experiment-notebook
767,2ecf4c1ebeabc5f120081891b1bd6655c7917dcf,miguelinux314_experiment-notebook
768,2edd6036cb618412cb3f91f65646a01a23a67dc3,miguelinux314_experiment-notebook
769,2eebf722d81218e04cc473343bc9eca320aa8fc5,miguelinux314_experiment-notebook
770,2efa0e1073549370a8a3741fbfcaef1ffd073d3c,miguelinux314_experiment-notebook
771,2f091efed43e74f8577ead295abc9cdda9a5a92d,miguelinux314_experiment-notebook
772,2f1506fe6af60a164e3f6f53641fd11bc8490a60,miguelinux314_experiment-notebook
773,2f1a45dbfe315e96ba0196a756bcf227e7c52bfd,miguelinux314_experiment-notebook
774,2f20b332c1261f26b3f440c6e2ce1d62e6246487,miguelinux314_experiment-notebook
775,2f2aad1692ea2742d9a73cff0e3755ba36b8eb98,miguelinux314_experiment-notebook
776,2f5a4cabe11bb2b60d237c20ffdeae773934223b,miguelinux314_experiment-notebook
777,2f5f10117351fb3d98ee1da5d0f0467c297308e6,miguelinux314_experiment-notebook
778,2f5ffb7d52087f7487f418d3f89a1b1e10a1e5c8,miguelinux314_experiment-notebook
779,2f6882df9241f1fdf1f238a20c721a44986faf46,miguelinux314_experiment-notebook
780,2f85aa66715d14465b95778f39442b9a5ab25fdd,miguelinux314_experiment-notebook
781,2f9cc6ad0f9ff1aa68114fc6bf5ca2d3472974b5,miguelinux314_experiment-notebook
782,2fa79ae90412e58b4c869cc71ba6c1d26c84be7a,miguelinux314_experiment-notebook
783,2fac46fcb3ba2245bddd6329dd1179333786bfaf,miguelinux314_experiment-notebook
784,2fbb3cfea5f622dd6cc9bf5920fe49f29355135f,miguelinux314_experiment-notebook
785,2fbc6967a50fe176ded6922e13963f799a7f613b,miguelinux314_experiment-notebook
786,2fc920040728011b11a01816a055dec8a1313915,miguelinux314_experiment-notebook
787,2fd35e3b36c060401e67d0fe02244f1af8c3f9a7,miguelinux314_experiment-notebook
788,2fded1dd9369af03f19ae50bba52408e53474467,miguelinux314_experiment-notebook
789,2fe366274d6b67c9b895c47586e508d9cc0e88d7,miguelinux314_experiment-notebook
790,2fed43d11dc397708df80c696d423cff0a81cb57,miguelinux314_experiment-notebook
791,2fef11145ae9a69b9b21d98217694545e3707776,miguelinux314_experiment-notebook
792,30169c59d5c12799a297f947cd6fc7f7e0778d9b,miguelinux314_experiment-notebook
793,3017d73df4df33d38fdb0b75a9db270119faf451,miguelinux314_experiment-notebook
794,30224c0952cb7e02b9a68b18ab7febebfa7e34f1,miguelinux314_experiment-notebook
795,3036a09570b77aec6cc5a014c1acc959bb0dd114,miguelinux314_experiment-notebook
796,304b194104591c58278cc2334341e9a142ca44b4,miguelinux314_experiment-notebook
797,305228a8b8ebc98636fba37c4bfa703c3948df60,miguelinux314_experiment-notebook
798,3058e492e0a0724328bf7bfd8bf0e02a34cb90df,miguelinux314_experiment-notebook
799,3084b65bf02ceecc1c8b1cbc7c7eb61268e721fc,miguelinux314_experiment-notebook
800,30a078e793ad66e86abbb62bc2f812132b59b7c8,miguelinux314_experiment-notebook
801,30ab6ee7574eeb65979d32c68e0e5797ed160414,miguelinux314_experiment-notebook
802,30c7442f43e7b64a6c7ef7bf99caccfb79f8e00b,miguelinux314_experiment-notebook
803,30cc6bb84d6a3f58a229e0893de54500cae8aa35,miguelinux314_experiment-notebook
804,30e40e7e26045c66f9b7c93bc01a912c7bb83791,miguelinux314_experiment-notebook
805,30e421dc3bee2e4b4ecf1e7127a788124bfd9ada,miguelinux314_experiment-notebook
806,31014372246cb29150ef3c082dc47d8d453ecee7,miguelinux314_experiment-notebook
807,3105b98e43c4eac19237c45c72da4ead4aa2ab0b,miguelinux314_experiment-notebook
808,310e9ebdeabcb0bedb5a3f20cb386c0eec64552b,miguelinux314_experiment-notebook
809,310f0d848d878ed81430fc3c3c6da8752e5ee3a7,miguelinux314_experiment-notebook
810,3111776d16afe4656f60132e55b3d4a0f9561a07,miguelinux314_experiment-notebook
811,3125e2cf8a69871de86aec0d6629f9c4f5eb00cf,miguelinux314_experiment-notebook
812,312c2dfcfacc9c6265005a3aba2fbda87401f991,miguelinux314_experiment-notebook
813,314697dcd006cc356145c75f8137b965c946c043,miguelinux314_experiment-notebook
814,3158e708a5b1d2dc9f0a706ecb8aa23815027f3e,miguelinux314_experiment-notebook
815,315a2c4916b37d85d855f91926236b68880c1d41,miguelinux314_experiment-notebook
816,315cabe6db39484e2e20e08d0078820cd28a067f,miguelinux314_experiment-notebook
817,315e8e3766eb9ab9937e2f69a7434d10460bb639,miguelinux314_experiment-notebook
818,315f624508a3106e725729594d727793c1892924,miguelinux314_experiment-notebook
819,31664be3a3aa41108c2f6a666f93914e56fb356a,miguelinux314_experiment-notebook
820,316d3d9cfade7e8702fc8c0da816d7bb11bf3305,miguelinux314_experiment-notebook
821,3187a6e77e89ed4b55eef9cb2c98ff5b61167692,miguelinux314_experiment-notebook
822,3198c5aff8a75b1167e51a69676b4209ebf42706,miguelinux314_experiment-notebook
823,31a9d98c4e1a4e9a74394cc82c45abe21e2534fd,miguelinux314_experiment-notebook
824,31bdf2cde39a8e68b1745ff295ceff0b53b35088,miguelinux314_experiment-notebook
825,31d27965f42ff2e9ffd9f49e04f1aee4f3dfaf9e,miguelinux314_experiment-notebook
826,31dc143190d8ebdbb075aadc506ebb6613c7e084,miguelinux314_experiment-notebook
827,31e81df146873ec9c8ae3da57b8dc9c85fb95772,miguelinux314_experiment-notebook
828,31e8a06fe06b4a79e60b56cac5c4e61710cc841f,miguelinux314_experiment-notebook
829,31ec6817c8f876ca86dd780bdd0078f9f4d724e4,miguelinux314_experiment-notebook
830,31ee135cb4c263fdec649fa6d92e06f2341e1ddb,miguelinux314_experiment-notebook
831,3205fe7df8e94126f79ad2d1302740eaf7af9261,miguelinux314_experiment-notebook
832,320695ad2cc30eb00a7fdcc6d97b315b62ec58e0,miguelinux314_experiment-notebook
833,3215aff638a8c64c9b3b28e855e877ef2f932557,miguelinux314_experiment-notebook
834,321b47f96b876a08c7c0acc3d9e7e13e876370c1,miguelinux314_experiment-notebook
835,3220529a5c73dd9eed26a3ea37add3235fba9df5,miguelinux314_experiment-notebook
836,323ca1fee542cbf408ddce06d2034440c2efc619,miguelinux314_experiment-notebook
837,328a1aff3fb1c8ccc9a5df28abcba70f2c5dd87a,miguelinux314_experiment-notebook
838,328fa2be0d9ecbaaf1fb9fb99afdf13b8aa527c0,miguelinux314_experiment-notebook
839,329ef359f497a2607357620506a1a0cd87622027,miguelinux314_experiment-notebook
840,32bbd16e4dbf811678e78eeed7d7c30e9667854f,miguelinux314_experiment-notebook
841,32c9457e2048b4c9f2957b6c445389c20eb60676,miguelinux314_experiment-notebook
842,32d71903e9ed1ddac9bb888297e7d10a7bc2130a,miguelinux314_experiment-notebook
843,32dfdad37af40af3ae082102b83fd2b1d4bd4275,miguelinux314_experiment-notebook
844,32f0f6805be807ab42f070928ff876ec77b6a178,miguelinux314_experiment-notebook
845,33031b7d1322c79664ee55250a55a31640d8cc99,miguelinux314_experiment-notebook
846,330d8bdcbb2154e0d2155bd58de751e53d93ddfe,miguelinux314_experiment-notebook
847,3312874a8c9b9fa9e3e24a62f2b757c9fa3ff00e,miguelinux314_experiment-notebook
848,331f42575337ee4caf199ece03b01a7a33048bd4,miguelinux314_experiment-notebook
849,3326e7afc50009dbbbf93d61aaa5aa09bf9e9827,miguelinux314_experiment-notebook
850,3327d7142c86794c4a2175749a271f9ddf150028,miguelinux314_experiment-notebook
851,3328123a2ae6966ce36c09e63ec420965d826c7a,miguelinux314_experiment-notebook
852,333ecf238ec5ec8e8edd9cbb2798c7a8e98a6a2f,miguelinux314_experiment-notebook
853,33457da13d253f55499a3677e6549418eb2514b4,miguelinux314_experiment-notebook
854,33489e6de27cf030d0b2da491b6a564004b8790e,miguelinux314_experiment-notebook
855,336a713d33e1e2bbebdade8d71e646812d9b7d06,miguelinux314_experiment-notebook
856,33c01adfcd6a09db13165d80dac6c602be2fec1f,miguelinux314_experiment-notebook
857,33c11a84c95cee72aaf9f4ad7ee5d56e79e8b8ac,miguelinux314_experiment-notebook
858,33cb938122cbcde66f529d7e8b56d540c460fe29,miguelinux314_experiment-notebook
859,33d4336d455adae0ca5ec96c54708b9b5d72046d,miguelinux314_experiment-notebook
860,33df244a204435ba193a577ef2e6942fc0f2da44,miguelinux314_experiment-notebook
861,33e64f8e5695ef3f8cfa4246a89edddb23e3c39a,miguelinux314_experiment-notebook
862,34026ff31215438b7489bccbbe370332c87749fd,miguelinux314_experiment-notebook
863,341a72e46d3fdcfd771a03ec7cee213c55e3bb72,miguelinux314_experiment-notebook
864,342289b0a9417ab764ae5d39fc24a9ee60b5848e,miguelinux314_experiment-notebook
865,342f23e1d83218966ced66a621c8f7732394f675,miguelinux314_experiment-notebook
866,343571006ed43629b5c627a791c8ddbba68a86dd,miguelinux314_experiment-notebook
867,34381c9345b9504bbd92b6cddcd6bb1118507665,miguelinux314_experiment-notebook
868,346093678184b5591db1ea3fcbeba1583d3ba71d,miguelinux314_experiment-notebook
869,346fb585277cb5dd04588015a7a93abac27dc78f,miguelinux314_experiment-notebook
870,34791932950317f55122d2db2a06ac709ba704d8,miguelinux314_experiment-notebook
871,348838d3c13ef305f972766f589ca66f0ba28170,miguelinux314_experiment-notebook
872,348ad21648f851d53f56644f07d2943ac43a693c,miguelinux314_experiment-notebook
873,348e4317f100b040da556fe49521e6c85d688051,miguelinux314_experiment-notebook
874,34ab1cf00164e2a285c9fca95d08871ab5c6ab4e,miguelinux314_experiment-notebook
875,34b06efb42f8d9bb2f80d5b5330760928b965d10,miguelinux314_experiment-notebook
876,34d3a107f96ffa591dc4d15bc941985f19edeb0c,miguelinux314_experiment-notebook
877,34dd919c63eb36f790f5aab8bffd38549cc7d39e,miguelinux314_experiment-notebook
878,34e845b96bfeb218189112c61ae76f90dd5ebc0f,miguelinux314_experiment-notebook
879,34f98b462703340b0f06d11160fffdd07c2010d9,miguelinux314_experiment-notebook
880,350c2da8833e669701b99409bda9e9a96c48c5fd,miguelinux314_experiment-notebook
881,351b4ac6dcacbbe980f1d470c51cb4db9b860d68,miguelinux314_experiment-notebook
882,35242cdc467027d2781b3e4a0e086fef21cc3802,miguelinux314_experiment-notebook
883,35296bcd1472e1185bd9705142a9a1b6b553c938,miguelinux314_experiment-notebook
884,353b2404f3ccbed5dde5dd0d8e581e10a2568bbb,miguelinux314_experiment-notebook
885,353cf34ba0b27e6e116eae3051f56ae1837ed57c,miguelinux314_experiment-notebook
886,353fdf1a5445e733ce2592651282facde0e7bfea,miguelinux314_experiment-notebook
887,356936a0a713d3ad50265756a571eecde95c64e3,miguelinux314_experiment-notebook
888,35802457bca948bb76e39969525a4f51dbc162c3,miguelinux314_experiment-notebook
889,358d0d50c02effb76a5a1102ed1d7151a490d407,miguelinux314_experiment-notebook
890,358f8a4c9e0f17d968839a771c53872d1b79a88c,miguelinux314_experiment-notebook
891,3593cd249c3f59e62b519a4f19a4812262ed5e1d,miguelinux314_experiment-notebook
892,35acd8e4ee6f61bb4a2cdb653a5ed218bb379929,miguelinux314_experiment-notebook
893,35afef57cd2ae46b0faa781b7098aef8bc51c741,miguelinux314_experiment-notebook
894,35b49a170b809143ae11f522cf11f48405dd97e0,miguelinux314_experiment-notebook
895,35c5404c174f536c29f0f2910c65c5e07dfd1e3c,miguelinux314_experiment-notebook
896,35e8e4927734ca4c76620deaff30c18f4e8d157f,miguelinux314_experiment-notebook
897,35ea452dcbb7be3ca446184ec0aeb2103a34a5d2,miguelinux314_experiment-notebook
898,35f888e952bb32c07445d419093f16922983720d,miguelinux314_experiment-notebook
899,3616ccd9b25a56f49cf47e59fa2cb0ef5afe7699,miguelinux314_experiment-notebook
900,3634c13a1cf17c20d029b4870786ef5470573955,miguelinux314_experiment-notebook
901,365614687dab269bd8685ffb0a427d754dc2da28,miguelinux314_experiment-notebook
902,365bf1860a9512665b1e4a80b3b621c0453b6b25,miguelinux314_experiment-notebook
903,36622e241dfab6be641a9d2cbb153df9676c011e,miguelinux314_experiment-notebook
904,3665a73d0a8cebf83fbdbf4c91f9ff0592ef3369,miguelinux314_experiment-notebook
905,367b3da4a25d2126a167f5aafb79716c097b525e,miguelinux314_experiment-notebook
906,3687b4b2ff9eb381822dc75ba62c4dc2c5628707,miguelinux314_experiment-notebook
907,368c7c9f085278b4bdcb2205ceddfe045a8a6e82,miguelinux314_experiment-notebook
908,36a0d4d48c85a0ae57b69a5bb769320d350b9bac,miguelinux314_experiment-notebook
909,36a2aee581d236f59098b48f5b589eab725e8acc,miguelinux314_experiment-notebook
910,36b2e37be17f8da5ae846417402573a7a80c8900,miguelinux314_experiment-notebook
911,36c3d8f86aefe0e24a64a82255529058d7bed8a0,miguelinux314_experiment-notebook
912,36c659718a7cdf2bb2fe6eb41fee085c952889bb,miguelinux314_experiment-notebook
913,36d2163c9fa586e77deb5f7eed59ae3a4995e529,miguelinux314_experiment-notebook
914,36d3982c5b177687804d6fd9df8223a40a39bdd7,miguelinux314_experiment-notebook
915,36f6fd75c213fbc43933f4053c89056d6899f8a6,miguelinux314_experiment-notebook
916,36f7d70898f4dae688f64f774e754d5bf50c3d6c,miguelinux314_experiment-notebook
917,36fe2c6f00614f9516cab33498dd9fef0e37a070,miguelinux314_experiment-notebook
918,370209373a0c7ad34248f15187e21b3a88c26277,miguelinux314_experiment-notebook
919,371b9252aa5178fb6b1f1bbad71c6926559b951d,miguelinux314_experiment-notebook
920,37256b45c04ad3447a28f5defbc5a24408847b92,miguelinux314_experiment-notebook
921,372c868d9616d90596848eee855dd331dd2714ad,miguelinux314_experiment-notebook
922,37484d7bb1971e9dcac30ca1997fff61aec407f4,miguelinux314_experiment-notebook
923,37572533e11bde5543d824da68883025d9ccb300,miguelinux314_experiment-notebook
924,375742017782efd581780472e7eac567ddf6f39e,miguelinux314_experiment-notebook
925,3759cee089644d8a188b5df98e4c5265a74a00dc,miguelinux314_experiment-notebook
926,376fbc4e52a85d67d4cc0c10f807336339a7642f,miguelinux314_experiment-notebook
927,377eed9e261dfd882563b54ede6317200c6fe49f,miguelinux314_experiment-notebook
928,377ef19d11576483524bcb9eb6e4b85e6a15d975,miguelinux314_experiment-notebook
929,378d26015286090bc38c96e24ae443abe37ea0ee,miguelinux314_experiment-notebook
930,37df2b87f6c483922aed09e258d9cd61bf3af851,miguelinux314_experiment-notebook
931,37f03b436facb3117b2cf83637801e42e582c84f,miguelinux314_experiment-notebook
932,37f4aa2429228a234183b2ed9dde6aeccccdb5d8,miguelinux314_experiment-notebook
933,37f68029a67e19e58599d52fa3704a4462e5e4c8,miguelinux314_experiment-notebook
934,37f7840a339f2cce5e239c481be7e849396876cd,miguelinux314_experiment-notebook
935,37facdc5426768ab51003b07fd5fc80f7b32226d,miguelinux314_experiment-notebook
936,37fdd13b9624327d53f84d09f375cef926562dc2,miguelinux314_experiment-notebook
937,3829ada377912b73f81663841e80625b5d3f9e73,miguelinux314_experiment-notebook
938,3833b95f2573f95c70dced94a6576159df3705b5,miguelinux314_experiment-notebook
939,384986f8185e875d2383ccee3752c77b8fedc181,miguelinux314_experiment-notebook
940,384b5d61ad1bd264a23760d356fffd4c90bd4f46,miguelinux314_experiment-notebook
941,385a82e2fa28126e98ba581f45f51e7f501a0ee4,miguelinux314_experiment-notebook
942,386fb08dc41599b16075ba300def3ea6ea17810b,miguelinux314_experiment-notebook
943,388085f1e7473020f2c40d185d971d53c0660a41,miguelinux314_experiment-notebook
944,38823a6a72bb7c5543754d6de503656fe3aff3bf,miguelinux314_experiment-notebook
945,388452d784b3340903516ad283b199ba49ead575,miguelinux314_experiment-notebook
946,3893a04312df263f4fdb88149cd4b27fe9546551,miguelinux314_experiment-notebook
947,389615777c270365cc76d7abcb221083e9aa2d68,miguelinux314_experiment-notebook
948,3898569ccc5b5613e5471c05fda8e37de0a25194,miguelinux314_experiment-notebook
949,389e7c68804f2d1fb34bf5d3c39d25071d70fef5,miguelinux314_experiment-notebook
950,38b082b79d096dbc354d1039a9f8a8ec9c84af7c,miguelinux314_experiment-notebook
951,38de13f2618db2cdab9f91208518edb755448166,miguelinux314_experiment-notebook
952,38df00cedd028cd2b83840c9d0b6a87a027c1a7c,miguelinux314_experiment-notebook
953,38e57221c1c52ba538033795f716f72452c71856,miguelinux314_experiment-notebook
954,38edb84748c6b21c9d5f7e96a52398881927acc2,miguelinux314_experiment-notebook
955,38fafaf66bd92b8ec0d6b633eeb136a883cb527b,miguelinux314_experiment-notebook
956,39112f1a9ad8e72b81d45902a0c02b32668b694b,miguelinux314_experiment-notebook
957,392342e42968a9d9e049ecf44c0a003f4ba324b9,miguelinux314_experiment-notebook
958,39257c405bf62641935895209c7b3769cc1cd228,miguelinux314_experiment-notebook
959,392a291e96479cf033c21ae4e2888bd21327f129,miguelinux314_experiment-notebook
960,392c0f484d07f0f53207b06ed0ad731f48083fa6,miguelinux314_experiment-notebook
961,392f34f26a1b53dbb425b89ba1ae156fe8c8dba8,miguelinux314_experiment-notebook
962,3935f37d33f137fbdaf11ab4a8b7b699af780851,miguelinux314_experiment-notebook
963,39403250f2919bf629419acbebbd0d416ec16692,miguelinux314_experiment-notebook
964,3947e389f0df99903c4c99aaedf6fd95b73fedc5,miguelinux314_experiment-notebook
965,39522bed5fde7f5effd082836e28c37fd469c772,miguelinux314_experiment-notebook
966,395b1799377e06576589cf43357c7d06d00b7752,miguelinux314_experiment-notebook
967,3970c23acd933879594f4d1c820aa6cf45d3e4e1,miguelinux314_experiment-notebook
968,397fea25c66c6e837f441bdf96e562d27df2a13f,miguelinux314_experiment-notebook
969,398832acf73c31edb97c3c5055a6394d89ed96a3,miguelinux314_experiment-notebook
970,3995c6ac85e49dd73c383ce8b391329c00f8519c,miguelinux314_experiment-notebook
971,39979862143b9dccaac1daf5cf209793ea7ff800,miguelinux314_experiment-notebook
972,39a00b710d8c108d1c80eed79d6ff9d543624857,miguelinux314_experiment-notebook
973,39af932e808881689bb80893b9959c5eae871ae7,miguelinux314_experiment-notebook
974,39b1954421af6925a9895c52cfef658353e56293,miguelinux314_experiment-notebook
975,39c2e9140679405d3fc11a0814a29683af67a66f,miguelinux314_experiment-notebook
976,39d84c9cb97a76411a1f6c6975f9055d8bda40ab,miguelinux314_experiment-notebook
977,39db1dcf100a32a0cbe0297d71bac02691cd9e29,miguelinux314_experiment-notebook
978,39de66a6d83143943a3183a3ebe663055189d5dc,miguelinux314_experiment-notebook
979,39e39ccfe8e1987a0688e72ef538ef6ed7b36a1d,miguelinux314_experiment-notebook
980,39f9e8a5a58ad75c47d8848cd507dbb74a9c2702,miguelinux314_experiment-notebook
981,39fb4a5897868a768c492d7bf015c9074b71f493,miguelinux314_experiment-notebook
982,39fd8096058174c36b36c4473758519e37bc5ede,miguelinux314_experiment-notebook
983,39fe840a116ce2c9d776ed397fcffc6c89f7be80,miguelinux314_experiment-notebook
984,3a12be55bd4345cadbe81bb5e15bda614246fc57,miguelinux314_experiment-notebook
985,3a1c4aef97ec64fd74c576109012222b1c139dd1,miguelinux314_experiment-notebook
986,3aa084c725755f5b29eede24c74c3f38c1275a3b,miguelinux314_experiment-notebook
987,3aa4d0627f4450a5c2db1141804edf0718718f26,miguelinux314_experiment-notebook
988,3acd2ddf69d2cf1e494e060dff5288ab3982c277,miguelinux314_experiment-notebook
989,3ae99c6c4dcc4d21e154511e3e96d7144fae1f35,miguelinux314_experiment-notebook
990,3aec456f406b81c190717929d9280a2cc1b0a8b4,miguelinux314_experiment-notebook
991,3b121c6344688150b91bec394e64253e96ed7299,miguelinux314_experiment-notebook
992,3b2d9a65e04952ee072d5412c7a3c7ca17f9433e,miguelinux314_experiment-notebook
993,3b31f937e235af0a7a742e8d40db1e9f8575349c,miguelinux314_experiment-notebook
994,3b45de2fd953e71e113af4d583eb3b763afee5a8,miguelinux314_experiment-notebook
995,3b5bac8099ed64d375fbbd24da2206eae0d365df,miguelinux314_experiment-notebook
996,3b6199f7c9e7ae616f9dbb1fad9a755db968af95,miguelinux314_experiment-notebook
997,3b7c9e9e3762a7f376bfe65260f643e1b14fc564,miguelinux314_experiment-notebook
998,3b8a8cc535b3bd25122eb71ad4ca5fe7970b4358,miguelinux314_experiment-notebook
999,3ba5e3076d2b7fb87d6577aecbdeca271f6c6557,miguelinux314_experiment-notebook
1000,3be569af2036373ba98613a34d458a89c27c0dbe,miguelinux314_experiment-notebook
1001,3be69dcb8f18b247d2dcd9bb779ce910008624a6,miguelinux314_experiment-notebook
1002,3bf65e9a417b5507310f0493fb5aeaa393f20bee,miguelinux314_experiment-notebook
1003,3c011559e2987745f7cc72a5b7a2c2992120303b,miguelinux314_experiment-notebook
1004,3c038085b2682d42eeaefeedc715c741a167b77a,miguelinux314_experiment-notebook
1005,3c06933e9bc845da76fa62fbc2f667329157d81c,miguelinux314_experiment-notebook
1006,3c06eef43aa8c6b9b4df709e8d31e0b2b61d3a6b,miguelinux314_experiment-notebook
1007,3c1d654ad434dbe446b2a07117d90cc29e82ff58,miguelinux314_experiment-notebook
1008,3c28c0789494ceea9311a3c11d25a2ad2bdfb9b3,miguelinux314_experiment-notebook
1009,3c3f3c0945a6a5719eae4d549221b41fcd46207f,miguelinux314_experiment-notebook
1010,3c5511a2e2e962ee3304952661ec45b2f79b8d59,miguelinux314_experiment-notebook
1011,3c6ebe519eb560b2a9f764b80f4c292a369096fd,miguelinux314_experiment-notebook
1012,3c79f8c749c99336c2574b8f4ef6fba3d6768315,miguelinux314_experiment-notebook
1013,3c7e350cd575adfa2c1877e8e766890677e446d9,miguelinux314_experiment-notebook
1014,3c7e5a1aca974f016a3a436423028b1c1efd356b,miguelinux314_experiment-notebook
1015,3c80a2b06dcea4561af11e32a1d8f71a917943c3,miguelinux314_experiment-notebook
1016,3c8746ec2388f619543c9ca02c1812aff5772f60,miguelinux314_experiment-notebook
1017,3ca1e0e6a0face91d2f748807b0c897bb792665e,miguelinux314_experiment-notebook
1018,3ca20f6953d879839909e56b0eeb047133a9a88d,miguelinux314_experiment-notebook
1019,3ca41e7be4b55be4e2ce2c6198fb78640d23db2b,miguelinux314_experiment-notebook
1020,3cab62c8f2f63103665bc37de545d09c22d30fc2,miguelinux314_experiment-notebook
1021,3cb1813e2d3f8fca14dce9eb0fdc35038cbdac00,miguelinux314_experiment-notebook
1022,3cc0d12875aaaa17e89ce704446d59a253d963fa,miguelinux314_experiment-notebook
1023,3cc45a89dac63dae8b50bb6decd5efb5f2ee3f2c,miguelinux314_experiment-notebook
1024,3ccdb890062aacd0ff52809d92e7ec1847ed92d2,miguelinux314_experiment-notebook
1025,3cd6ea26d54bde4d03ce20548f97be43a9bb75d0,miguelinux314_experiment-notebook
1026,3d00f5a2545f55a22a787c5f8b8c9066ddd4da12,miguelinux314_experiment-notebook
1027,3d0f7384f2c9879d3faa849291fba76a55586ea5,miguelinux314_experiment-notebook
1028,3d21d817844acc2fc9a9f694780ae6ef805fb132,miguelinux314_experiment-notebook
1029,3d3d81d3d2c6142abf509cac4c888986ddc0ce27,miguelinux314_experiment-notebook
1030,3d44df0c1a5d8a6bcae0417118a2dd9f8e479f77,miguelinux314_experiment-notebook
1031,3d75e282ef6f32ef350e47e72b18b6e7e6d49643,miguelinux314_experiment-notebook
1032,3d8988c937202a249aae009c42dd23aa4ece7810,miguelinux314_experiment-notebook
1033,3da76b35dcd2057a6f60a36bd2cfee06f88f7aee,miguelinux314_experiment-notebook
1034,3dc26d627dd2fe8ab55643423b83d6f658c60fc7,miguelinux314_experiment-notebook
1035,3dc9db53f7124b04beddc0f229c13841a1362ac1,miguelinux314_experiment-notebook
1036,3dcef933df0d219173b5394344906af38a0475b8,miguelinux314_experiment-notebook
1037,3de2e831809f1a3dbf986962ddebc6d16ab7b5d6,miguelinux314_experiment-notebook
1038,3e07ea987f6e5d319f07b995b7392778d5d440f1,miguelinux314_experiment-notebook
1039,3e19d851f8ca4c640074fb7c92a62ed2f6a1b338,miguelinux314_experiment-notebook
1040,3e1b9bd4ce27e50952b24cde4797102104458e49,miguelinux314_experiment-notebook
1041,3e2b31192ad1f0a866919c3ec5e3e59804e497d5,miguelinux314_experiment-notebook
1042,3e302018da8bf0e081c11f66fc1f068c0cb318ac,miguelinux314_experiment-notebook
1043,3e3966eba81f25e57952bd12e998e91943a062d3,miguelinux314_experiment-notebook
1044,3e6d544a4442540f6a0ea4c31a00b36f299d06a3,miguelinux314_experiment-notebook
1045,3e77c116edc647d7255b0e0564d2342f2df20f6f,miguelinux314_experiment-notebook
1046,3e7ab8730215348d338b91afcd983c2844c65e77,miguelinux314_experiment-notebook
1047,3e7b0b7d60736419d89d1a3d21b015101c3c1cca,miguelinux314_experiment-notebook
1048,3e9119b34660c5bda599032aa7c16be5a4534553,miguelinux314_experiment-notebook
1049,3e946649c5f0e4ee8d575ff5ccad8e5ca09a33f5,miguelinux314_experiment-notebook
1050,3e99f1d9422e794797879bff506316e390f5a876,miguelinux314_experiment-notebook
1051,3e9d7c8c5f9e17b3a5d1f36dcff0b9097806a1a6,miguelinux314_experiment-notebook
1052,3efb7e2f6f5fd278aed379364804cfb23d6befe2,miguelinux314_experiment-notebook
1053,3efb9fa1b58f24a8848b84026dfa851cfabf85a6,miguelinux314_experiment-notebook
1054,3f09d455d3e915624295639babd3a82cabd00b4c,miguelinux314_experiment-notebook
1055,3f1255ce3e97d4350512ee6e8929fce8930c5d04,miguelinux314_experiment-notebook
1056,3f14abcd8a60e30ea0d0be33890623af6b9e20ad,miguelinux314_experiment-notebook
1057,3f17fb50e2d2615fe616547df9fc6a1bf6212492,miguelinux314_experiment-notebook
1058,3f2a65b09ee53eb321487bb7627e4a092720d6a9,miguelinux314_experiment-notebook
1059,3f42ee83ce5e429661d1e826f21f9ef0903ff2f8,miguelinux314_experiment-notebook
1060,3f46e5968d599c734ee041257fcd10619af4432b,miguelinux314_experiment-notebook
1061,3f48d92c0130025741a738718773ea2ced5b9e6d,miguelinux314_experiment-notebook
1062,3f66913be4f9cf7c9bef9812ecf4b51cf3a1b8cf,miguelinux314_experiment-notebook
1063,3f88c15483088e5fedcc0a027f02d1daebe66cf2,miguelinux314_experiment-notebook
1064,3f9032e42f181d34ccf4effedc3246c88b2c34df,miguelinux314_experiment-notebook
1065,3f9c3b07ce058e18394d21ca9ec9c0b9890ccfd7,miguelinux314_experiment-notebook
1066,3fd5cc06d13980984ad748fced6360301a55e23b,miguelinux314_experiment-notebook
1067,3fdfd9c5e99d55dd064776daf3e0c406f9002686,miguelinux314_experiment-notebook
1068,3fea41f6b49d5adf93802f9c2785d90d824b29b2,miguelinux314_experiment-notebook
1069,3fec66dca9e266d8f0bccbf514af951a458d554d,miguelinux314_experiment-notebook
1070,3fee27912edf52b6f09f7326bc2b0265868f3691,miguelinux314_experiment-notebook
1071,40009dffff04a7193714ccf9265eafa6b3ae22bb,miguelinux314_experiment-notebook
1072,4016b0d1fb775f22ecb320c0b4d1a6099f1f2feb,miguelinux314_experiment-notebook
1073,405bcd1f742e14bdb2a0691a59ed63c07b471306,miguelinux314_experiment-notebook
1074,4070b14175154a4ad7c282ec705945d1295344b7,miguelinux314_experiment-notebook
1075,408db67410499d405414c5aea11af20d23a1b22c,miguelinux314_experiment-notebook
1076,409183b618655806f832c9e71ad1b78e3dae19b2,miguelinux314_experiment-notebook
1077,409e3894c2fd7e48f2d47b1a9956e6b9bdbe050e,miguelinux314_experiment-notebook
1078,40b343e04b4e26f91b1b5a585baf7f02dcb9127d,miguelinux314_experiment-notebook
1079,40c088a2d1638ec007aff47a66a5eb85984b2997,miguelinux314_experiment-notebook
1080,410227ec62330879b4676a8088bce4dd1241a057,miguelinux314_experiment-notebook
1081,41063b075099e02206ed26fff705cce3717b7c01,miguelinux314_experiment-notebook
1082,4135e9db67d6caa4defa09f956d56b9f2f045f50,miguelinux314_experiment-notebook
1083,4141e88e10bbe25013ddbfdf1e11609ac709e84a,miguelinux314_experiment-notebook
1084,414e802b38149275d724b35f461caeed1243cc56,miguelinux314_experiment-notebook
1085,416151002870092d0858691c2c18a444bcf54605,miguelinux314_experiment-notebook
1086,416bcecc56cc9137c263cb3bb8486827f68d0219,miguelinux314_experiment-notebook
1087,41851a532ec7c19ecbe2b8ad1daf5492491f01a4,miguelinux314_experiment-notebook
1088,418b6e5ad7b74b9658d6e53dc8efaffe35f1a604,miguelinux314_experiment-notebook
1089,41a8544c8538ed0d02346ab120be5c8211c5c501,miguelinux314_experiment-notebook
1090,41d30f9b6e7718d8950a0d7ed89070073378aacd,miguelinux314_experiment-notebook
1091,41ed2a585f273ef5e416538465fff77a71cb34ca,miguelinux314_experiment-notebook
1092,41f4b491b8063d1b7d2b092060c0afc18ffe6cf2,miguelinux314_experiment-notebook
1093,42066aa8a44c34b52a50134fdb5a1bd18a6ee5fa,miguelinux314_experiment-notebook
1094,420d6896158838ce9e6fe17271e94ee1c10d015f,miguelinux314_experiment-notebook
1095,4210aef109ec81ae84eeda0435ecb9589f369f48,miguelinux314_experiment-notebook
1096,4220bf9698d9f17ed151fc0e93737c11913e19cd,miguelinux314_experiment-notebook
1097,425414cf8953c7c1c94cc9df2e261acb0cb44622,miguelinux314_experiment-notebook
1098,4262dc41cdca60aaed229ac8d3c6d4e7f38ee618,miguelinux314_experiment-notebook
1099,426cc709650b4e3432d35a37e9e5d6a29d969db6,miguelinux314_experiment-notebook
1100,427058ccc0edabfd489b31065c59b19e99ff5a84,miguelinux314_experiment-notebook
1101,4276bd6fe1497f0b26ef240f8813d1d75ae63a87,miguelinux314_experiment-notebook
1102,42832243af487e7dcfbf4b3a3d42bc6c3395341e,miguelinux314_experiment-notebook
1103,42d1b00ff212946ebb8e7df704a2cb4260de95a1,miguelinux314_experiment-notebook
1104,42e4d791f35e0bc739737d6740be00d26369e1b1,miguelinux314_experiment-notebook
1105,42e5c1524e85d3a38c42b369a256f552788e802b,miguelinux314_experiment-notebook
1106,42e9a0e9166d7efab6b42f048d931903761b1c37,miguelinux314_experiment-notebook
1107,42ebcb61d982b2f314ef66ac57680490f260cecc,miguelinux314_experiment-notebook
1108,4311cffb3151bc62ac48804755caa5bea818f33f,miguelinux314_experiment-notebook
1109,4323e00264d4c11f7f3a0864987e1084ab064dfa,miguelinux314_experiment-notebook
1110,432b2c314feb91d59670ef1a39792c8a6b8934f5,miguelinux314_experiment-notebook
1111,432ec8c4ec22cffb06bce8911a3660dda4f1d87a,miguelinux314_experiment-notebook
1112,43455e93078bb2098e08095dc506732ca1cef8c8,miguelinux314_experiment-notebook
1113,435ed8639538bb192cb86e814c80fe5a3160643a,miguelinux314_experiment-notebook
1114,4374ee8732f89840e0cdf3812ce23e5b4e2afddf,miguelinux314_experiment-notebook
1115,438789ff56f3efd6aae29885ec24079988cfb735,miguelinux314_experiment-notebook
1116,43a4ff4a20fe9bc8a4123a56c60933886a1e7e66,miguelinux314_experiment-notebook
1117,43bcc00a142bcc9c1cf7085e9c862133c29bee7d,miguelinux314_experiment-notebook
1118,43be48d848c22f7cf84f6de5bcbf4fc8daea825d,miguelinux314_experiment-notebook
1119,43c7f2209db660e27ab82ecb454e24391f3f7c29,miguelinux314_experiment-notebook
1120,43d74b75f7e859c3ef0604f4eace3d318b2e3202,miguelinux314_experiment-notebook
1121,43dc927d110983c0fa59cc49de4ce8b69c2139cd,miguelinux314_experiment-notebook
1122,43dd3d496546cb72d80d75f8d13bb21329564a2f,miguelinux314_experiment-notebook
1123,43de72c05164bdd32f643c1b19557b3e8890f7c6,miguelinux314_experiment-notebook
1124,43e1eb2dcc7d08083bc51539e0f1e780c3aa037d,miguelinux314_experiment-notebook
1125,43e84a2c9c648972dba8c2ceba3349c06f988bda,miguelinux314_experiment-notebook
1126,43ef867a4bc0d0b79cf4a86653578a80bb1ab9fc,miguelinux314_experiment-notebook
1127,43fc27899d3fef3d44e50608b8d5aec8b21b7e37,miguelinux314_experiment-notebook
1128,440bd152a3fededd2f8ba3ecd4f9d5d8164aa781,miguelinux314_experiment-notebook
1129,44163ff7537619c21821d28ca0c0d49722a9b7a4,miguelinux314_experiment-notebook
1130,44306837f329aad82d2115d755b1e12eced1f97f,miguelinux314_experiment-notebook
1131,4445b485e93b51e71ae3ee31244ef48ca6844be7,miguelinux314_experiment-notebook
1132,444bef1e3018b67044ba17a5305c07417df27c6a,miguelinux314_experiment-notebook
1133,446ead339a04ca08598da469ff416d38d40b63f2,miguelinux314_experiment-notebook
1134,4474c0bcb7dc614c456f3294617eaa24d461ce16,miguelinux314_experiment-notebook
1135,447d0925ef14d78faf3b81c9ce5c8665a84f03e8,miguelinux314_experiment-notebook
1136,44a0156928ce5f866128c2fd22467bc3e228492b,miguelinux314_experiment-notebook
1137,44a4ec6084552bf7138eb2e4d7eaef07b6b52455,miguelinux314_experiment-notebook
1138,44df3d8464d35985d0bf74b7ad64d952a892e8bf,miguelinux314_experiment-notebook
1139,44f5d5062f873fee45d97d7ae0a7e32c7cb7c629,miguelinux314_experiment-notebook
1140,44fb37c516299cb788462b63e5fc5dfb6251b773,miguelinux314_experiment-notebook
1141,45105bbc1de64f71962ceb5efcbdf2502684dab9,miguelinux314_experiment-notebook
1142,452fabe91c3604d0ab696c72fa91b75dc0a9471e,miguelinux314_experiment-notebook
1143,454f20980877ff0f5b3d2795920f500eb2f9d85d,miguelinux314_experiment-notebook
1144,456683e793c8ed6fcdbbdb5ca2a5b51c05a73193,miguelinux314_experiment-notebook
1145,457076f8c017c778c17adc029a6318b69e765c5e,miguelinux314_experiment-notebook
1146,4572c5de3c7b9afa09ad39bf6a9631501a861fb2,miguelinux314_experiment-notebook
1147,459edeb33cba60e45e70bf76bb6308f6f331b147,miguelinux314_experiment-notebook
1148,45c877117f507e332f6ff778eff1f39052acab46,miguelinux314_experiment-notebook
1149,45d84ab8e95ecd0c940942e2bf3bbf763084e396,miguelinux314_experiment-notebook
1150,45dbc152fae8a2e6437ea6e150e557a8ef8bd9fb,miguelinux314_experiment-notebook
1151,460cb73baf663610e332e93ce8498331681dce56,miguelinux314_experiment-notebook
1152,460fdadb8c67eaa0238eb458343f9cc7037ff7d2,miguelinux314_experiment-notebook
1153,461d04e26c64f22adb283df5cfadf68b131c62ec,miguelinux314_experiment-notebook
1154,4626dc5ac7e3cc2356dd79fc3ce9904144fb0ea0,miguelinux314_experiment-notebook
1155,462c0588db318741e8baeb1385b016e72e282d6f,miguelinux314_experiment-notebook
1156,462e85dcc851cdda2d8d0d0252e61fcb8c4858eb,miguelinux314_experiment-notebook
1157,463f67c8ba6b5b3c60bf7d69b79cf44f531e100a,miguelinux314_experiment-notebook
1158,4645f195914fb172c8c5678fa6ddd8c87c8af92b,miguelinux314_experiment-notebook
1159,466fd1c445e65692144ede8358b69626127b92d0,miguelinux314_experiment-notebook
1160,467982f574159f6fa00acab6b2bb7f7f25c3e839,miguelinux314_experiment-notebook
1161,4684dd6a84a69f5f97c6cf97dcacb42d540aace8,miguelinux314_experiment-notebook
1162,468c359d92f78e9b77ace0a94a67ee36c8231392,miguelinux314_experiment-notebook
1163,46942c89a340c051d02c0e5a68e7d5a14ff3cd80,miguelinux314_experiment-notebook
1164,46ab4eb194a458a66d3b093a80f3114b980845a3,miguelinux314_experiment-notebook
1165,46b68d4db293f515876e9478ca2e7d32d456541c,miguelinux314_experiment-notebook
1166,46d701916636cd8940e4181782e27b8773916e5b,miguelinux314_experiment-notebook
1167,46e12996f8d1f07460807bdbc5222c1fbcdbd8ab,miguelinux314_experiment-notebook
1168,46e4e027096f02c2142ea27fc70392313a7b9aa0,miguelinux314_experiment-notebook
1169,46e5d4bb0bb20c021b12d24d2bd33bd6b25a1701,miguelinux314_experiment-notebook
1170,470e8d09363809e8fd84a22c87d601fd497841cc,miguelinux314_experiment-notebook
1171,473ea93a717ba819e633e987843c96032e0a308d,miguelinux314_experiment-notebook
1172,47473e534700bea890972085616ba19812f43f87,miguelinux314_experiment-notebook
1173,4751bbf9d703fcdde5b2bfd0bef73ace1b6746aa,miguelinux314_experiment-notebook
1174,4762e1b9615837c3e9e96819c81b3540d816474a,miguelinux314_experiment-notebook
1175,476584b5a48f6e3db839f45fcd53076e0817a887,miguelinux314_experiment-notebook
1176,476b51c5de1b418d4204ba6156252b7ba351c069,miguelinux314_experiment-notebook
1177,4782972584e1c9a58dcc7350d852e0d74a8d7c08,miguelinux314_experiment-notebook
1178,47950aa95f03d8e627fc1958bcf0485c9e7a78b6,miguelinux314_experiment-notebook
1179,47992b43a7a47c3e923dce00d286725d71320274,miguelinux314_experiment-notebook
1180,47ad202cdd870cdff21e2646c3877d833e9fa66a,miguelinux314_experiment-notebook
1181,47ca702a2de093dff94cd42ca05b8856f629abd7,miguelinux314_experiment-notebook
1182,47e579b527b6dba152d1ee23750863a7895124c9,miguelinux314_experiment-notebook
1183,4836022548c6a37c46076296f89a7b001fa854c4,miguelinux314_experiment-notebook
1184,484ff64eacb07fc07956083a01355b51a460a3e6,miguelinux314_experiment-notebook
1185,4864d20fbd7f6e7a39fc2ff07ea3c7800180cb1a,miguelinux314_experiment-notebook
1186,4866fc0fe0c270ebfeaa9debefac99b4dd8c4ced,miguelinux314_experiment-notebook
1187,48674bed423ee6bc1ba931fbb4527606f4712bea,miguelinux314_experiment-notebook
1188,486c0323371b458d05a9296766e011d22af2176f,miguelinux314_experiment-notebook
1189,48a08549c627a83c8dd666b90a1b293fbd203694,miguelinux314_experiment-notebook
1190,48a33cf9e8c36f28af9f55e23d0d2dc73d724ef8,miguelinux314_experiment-notebook
1191,48b014351fa161deb8b785d873a4acd8f08486b8,miguelinux314_experiment-notebook
1192,48c3e0d738f8fbaf7fcfbd7c86b484caeab6d638,miguelinux314_experiment-notebook
1193,48c903fd5f4ff41ca8393b90c86c93a4204166b1,miguelinux314_experiment-notebook
1194,48c95e475f6d22ba633d6fa234d93171bd036177,miguelinux314_experiment-notebook
1195,4907f5814c9dbbaceea741f834c771a2000488d8,miguelinux314_experiment-notebook
1196,4910258d3c632968a8c103e495a8824fd1a53ec5,miguelinux314_experiment-notebook
1197,4928e1187a0af06c99bb7ab207a3f123202b4d9e,miguelinux314_experiment-notebook
1198,492ba6e3ce23fd5089f7e894f436cdf197f34584,miguelinux314_experiment-notebook
1199,492c54f26be4247f3e97df9dc23eda7f149e478b,miguelinux314_experiment-notebook
1200,4936c4b54ad23388a4c8ad7a9e90cca44ec9341c,miguelinux314_experiment-notebook
1201,4939cf89c8d76fca45f4244eb238f2b48a2f4992,miguelinux314_experiment-notebook
1202,4942aefd214f43f1ccea54241e997476e07652fd,miguelinux314_experiment-notebook
1203,4945ee75f8ca9d3400be3a84ec283d9fd15360e5,miguelinux314_experiment-notebook
1204,49625c6f712df5c280f78d9fde0ddbe4264d6add,miguelinux314_experiment-notebook
1205,496995bd6da5963137b2e6fd8e65f326c5552714,miguelinux314_experiment-notebook
1206,498abad8a7bff4204743ca8729bdf591be7dc857,miguelinux314_experiment-notebook
1207,498b7c3f544c3f505363a2ca8dc3284c3d99de6c,miguelinux314_experiment-notebook
1208,49a15b7411d7fb7427b905248334ca119d8d4e5e,miguelinux314_experiment-notebook
1209,49aaebe38d0da16fae10ab8a444a7032d3ef7f78,miguelinux314_experiment-notebook
1210,49bb47ad534840cb2381170b61bf9d1ab054bc6a,miguelinux314_experiment-notebook
1211,49c2fa6c60e3634a716b8dff01b6c8b746195af8,miguelinux314_experiment-notebook
1212,49e2f89b63efd9c863c9e4b86269430e7a476b88,miguelinux314_experiment-notebook
1213,49e3603aaa79efd15696505dd5a3c16082bfe202,miguelinux314_experiment-notebook
1214,49edbcde518abc9b2dfeb566db2689dfb1385f3a,miguelinux314_experiment-notebook
1215,49ff0721f24d673ad645422e2065333230a048a7,miguelinux314_experiment-notebook
1216,4a15c0a0c98d82dedf4183a186eea3958ec5aa8e,miguelinux314_experiment-notebook
1217,4a24ec1caec407592c69ae5f6b9922fd3a486e3f,miguelinux314_experiment-notebook
1218,4a2534142d591654515129a4756a1ebf8734f424,miguelinux314_experiment-notebook
1219,4a4e27b37903d4b3f0b74a7337e772f9a8a28dda,miguelinux314_experiment-notebook
1220,4a625ebc9d50110d4d5d2fa2828130b7e38a5fda,miguelinux314_experiment-notebook
1221,4a730e160cff25efc811f6588019a8f6dc5ff566,miguelinux314_experiment-notebook
1222,4a779320f8c0d6b374ad9b5b237eb581af3a30cb,miguelinux314_experiment-notebook
1223,4a79345c7cd6ec027d4263d09d24c1acb88372ca,miguelinux314_experiment-notebook
1224,4a8fffb801877b4a3ac0d7e37b104ee14aeec7bb,miguelinux314_experiment-notebook
1225,4a93e25d07593855003a47f7c0acf5e5c364fde8,miguelinux314_experiment-notebook
1226,4a9decf31baa69c145a8c1f0390353d03fec76fa,miguelinux314_experiment-notebook
1227,4aa60886c9bb5ecbe5e6a37628db999a73cb4db4,miguelinux314_experiment-notebook
1228,4aa79bd2c946bb00ce4a87675423741d75cbf5fd,miguelinux314_experiment-notebook
1229,4ab42e90272ecd2a62cfa3c9b0795aa247196331,miguelinux314_experiment-notebook
1230,4acbd52b21b947605a9e0541e7cfcb54400ab2bf,miguelinux314_experiment-notebook
1231,4ad1e690c8591baa104213799410cce021c63758,miguelinux314_experiment-notebook
1232,4af4bb48687c7af151955bd3b51da4d04365c7b5,miguelinux314_experiment-notebook
1233,4af55b0710f705cb176e4fc824ac068877a80548,miguelinux314_experiment-notebook
1234,4b1118e6c987786bb11901464fcc894f1ab2b0fb,miguelinux314_experiment-notebook
1235,4b165d1f9021567717231424355a7e1a29ef6f22,miguelinux314_experiment-notebook
1236,4b16d05789c3f142a3a4d5ab899b5894c9e39360,miguelinux314_experiment-notebook
1237,4b180d8fa3c8db78a1b6edca8c6def91988bcbdb,miguelinux314_experiment-notebook
1238,4b1eef069d8abce5038848fd2b6d019763d1383b,miguelinux314_experiment-notebook
1239,4b24354e91b0409ca89c3b882fedb072146813d0,miguelinux314_experiment-notebook
1240,4b3906d3648cc6784c1c30302981fc380538b93a,miguelinux314_experiment-notebook
1241,4b42b67a451a2d8e0d367f860494bbaa58a1be21,miguelinux314_experiment-notebook
1242,4b50c1e92cdb67db7a6e98bff77c111379b55021,miguelinux314_experiment-notebook
1243,4b67d6c06e410cb0e1020b21a470b2e6cc4e13a4,miguelinux314_experiment-notebook
1244,4b68eafbc4c7c6cbd64240c318d885816847ddb4,miguelinux314_experiment-notebook
1245,4b71ff084e0ae77712c1935a48587c8195e60cb4,miguelinux314_experiment-notebook
1246,4b7acb9a3b8fd2af84e46ac70cc109da3dd36c47,miguelinux314_experiment-notebook
1247,4b9fea91a8b6582415b4ac1572b38b9ed9c42cbf,miguelinux314_experiment-notebook
1248,4ba58a8b78bda898b96ab82c507b28e2e3476d75,miguelinux314_experiment-notebook
1249,4bf879050551202f881161df5b38030b9a51f6e7,miguelinux314_experiment-notebook
1250,4c0204e50aba80749f8786f0f38ae7ba69ccd308,miguelinux314_experiment-notebook
1251,4c1c3bf4695be5b1a0f3c62f4909302b78534c32,miguelinux314_experiment-notebook
1252,4c331c8ef114186d05e27d58d2aa7aa7878a356d,miguelinux314_experiment-notebook
1253,4c53e4638e07b0ab001e7d9de650afd45b5153be,miguelinux314_experiment-notebook
1254,4c63eae412ba8efb62c4e8e06664fdd9b7654aa7,miguelinux314_experiment-notebook
1255,4c6b4d52afac89fb1f55d199d1b879a5aab11c40,miguelinux314_experiment-notebook
1256,4c7ae5f8963190518b445a5914dceb16486afc92,miguelinux314_experiment-notebook
1257,4c7c460e3dea904c7fa11408b7842475fcb80cab,miguelinux314_experiment-notebook
1258,4c896aeb786a2db38053017a559f98fa758da1f0,miguelinux314_experiment-notebook
1259,4c903f35b571a4083d5aac05c691945aa9221469,miguelinux314_experiment-notebook
1260,4ca2d9da8507d85249c81503fd50bebdf0c3fc91,miguelinux314_experiment-notebook
1261,4caa04bdcc9044d0194c92f2acb8f760eec0042b,miguelinux314_experiment-notebook
1262,4cada115ee4c8244daab6ff47e6b24d8814040fe,miguelinux314_experiment-notebook
1263,4cbbb9c3d5a174c46a9623b0fbed3c5d46188796,miguelinux314_experiment-notebook
1264,4ccdcdd192080701a68cfbd1f7181c9abea5238d,miguelinux314_experiment-notebook
1265,4cd6a6b2f9623069a7d51339944b156a4d239e2f,miguelinux314_experiment-notebook
1266,4cd775a6822d9ec566fd75d95010cbb5392997aa,miguelinux314_experiment-notebook
1267,4ce6d5e360a6f95d31f1293d29ae3feb38abd51a,miguelinux314_experiment-notebook
1268,4d0c6b39c301a19f9cf1549f7cf9c29b463a1aa0,miguelinux314_experiment-notebook
1269,4d1e61772a0d9407db849dace64360ce09d96bfb,miguelinux314_experiment-notebook
1270,4d2059217a30c8252ca22dbaf66deba3b121f8af,miguelinux314_experiment-notebook
1271,4d27bffc0352056f5318b1fce79830ae30391e52,miguelinux314_experiment-notebook
1272,4d2d6a1a562637a4fd7e33cb6d6bdcdc5e52060f,miguelinux314_experiment-notebook
1273,4d2e4317b7681159a190df3894ddde97ab8e1cca,miguelinux314_experiment-notebook
1274,4d3c03cc4b08a98d37612118f5720d99053c32d7,miguelinux314_experiment-notebook
1275,4d48f2520d1aa48eed1a4854cce0caffd73227c3,miguelinux314_experiment-notebook
1276,4d4d02e8846e751a5f289937cfe509ec46e4be25,miguelinux314_experiment-notebook
1277,4d52b785b7524eaa343870125377950999e3ab63,miguelinux314_experiment-notebook
1278,4d5874aae92d5af7fabbd87e701ca6659c7a30d1,miguelinux314_experiment-notebook
1279,4d5d15d17a3da6c01fd4b8f1625d4d18d7e136ad,miguelinux314_experiment-notebook
1280,4d713cabdc701acd31f7feeaf1514cd6395bc18d,miguelinux314_experiment-notebook
1281,4d73d40d150c5e7bf0ef426fda71d16fd2372db6,miguelinux314_experiment-notebook
1282,4d786f4b96769786be50374f4e3399a61b8f2cc2,miguelinux314_experiment-notebook
1283,4d7f60e61ad5317acf1995700ff78ef670bdfe45,miguelinux314_experiment-notebook
1284,4d970b520c437f541b12c6d0c81b1d4a0577f045,miguelinux314_experiment-notebook
1285,4db0d957c79c1bee14edf0edaf2c56548fbef0b5,miguelinux314_experiment-notebook
1286,4dc03398363a94c1179b3c991795c4d26b75907b,miguelinux314_experiment-notebook
1287,4ddb747cf88130789b84ea0df0c8918fd11d0ea7,miguelinux314_experiment-notebook
1288,4de7b7bf09418214079d399c43dbf739001c2d71,miguelinux314_experiment-notebook
1289,4decfd1077f2d9755c6cdf6fbbc626bfb4a79844,miguelinux314_experiment-notebook
1290,4e046c501150a4c94962abbf75313c47b2069362,miguelinux314_experiment-notebook
1291,4e08f8402154a0c2e84bc38d9589d696dc9c8894,miguelinux314_experiment-notebook
1292,4e0d13d79972aefceb23e6f271452c8e91a221b0,miguelinux314_experiment-notebook
1293,4e10fba5112bc31ff47365c3c8fa66590ae90aa8,miguelinux314_experiment-notebook
1294,4e19cfae0724097c0e4671728877b6cfce6457be,miguelinux314_experiment-notebook
1295,4e355fa9cc80edf00db7b21fe3312afc6bcfba43,miguelinux314_experiment-notebook
1296,4e43d787786110dde25b6265e0d03a8445c56f3f,miguelinux314_experiment-notebook
1297,4e4a8dd247a8898fc7412dc1a73edcc18d2b48a6,miguelinux314_experiment-notebook
1298,4e5e752969bb9ad239abd6726ab4f1ada2462d34,miguelinux314_experiment-notebook
1299,4e60e7b5d58914c4b5701322be8ce165b5091939,miguelinux314_experiment-notebook
1300,4e694fa58cdefa8543f09e300018cad60258a13d,miguelinux314_experiment-notebook
1301,4e72eb1e5c2a01bc0223db2ee96f69bf7900f436,miguelinux314_experiment-notebook
1302,4e8225da71b81e28fc5b910618732fbda098fd27,miguelinux314_experiment-notebook
1303,4e9e141e6c75683d7a3c079d64a0512b64a6b030,miguelinux314_experiment-notebook
1304,4e9e7c5a553ce0f3a9df6cdaf68c80467974f224,miguelinux314_experiment-notebook
1305,4ea3e3e53ef6b51d565827c5b4deb30fd7b8e547,miguelinux314_experiment-notebook
1306,4eac0eb6ab928330dd5977f6abc1e574c57259e9,miguelinux314_experiment-notebook
1307,4eaed6c72d614cd624ab9e109da1c4eb218e9772,miguelinux314_experiment-notebook
1308,4eaf29fd42b4a52b70bd08055c4baa6df9801a8d,miguelinux314_experiment-notebook
1309,4eba3ecb0c3c95fc79e5ea3e02db38dc63a4ad47,miguelinux314_experiment-notebook
1310,4ecf03e48379aef70810170d949d5794864f5f77,miguelinux314_experiment-notebook
1311,4efcb7196fbed0370a70a91acd89533c3d3389f9,miguelinux314_experiment-notebook
1312,4f32bbb1782f586edb50264090ce3cc4d66c8ee5,miguelinux314_experiment-notebook
1313,4f445c584417a38bf6a5c3ca31c27bdb8534ae17,miguelinux314_experiment-notebook
1314,4f55697cc5f0a731e15738e26c1f0715a1363895,miguelinux314_experiment-notebook
1315,4f6806ee52c45852c47e511698a1d11889f2e98f,miguelinux314_experiment-notebook
1316,4f802fa5444b5dc34e3affa27c7b97a7895d7ec8,miguelinux314_experiment-notebook
1317,4f923f3058a77082eb993139209a6556c3777db3,miguelinux314_experiment-notebook
1318,4fa6bde576d95febdc3eae2753630b3ed146e951,miguelinux314_experiment-notebook
1319,4fb9258e549b3d86ef71953fdd35dd4faf4b8352,miguelinux314_experiment-notebook
1320,4fc754a277228fcf55a02af9fd0e88cb505538aa,miguelinux314_experiment-notebook
1321,4fd72576a349e47dc3680deb0eab5a1d64682f21,miguelinux314_experiment-notebook
1322,50218f8ba49187f54cadce7db231a2aedd4531db,miguelinux314_experiment-notebook
1323,502254e31b11b1ba7fe161d745cbbb98e293c119,miguelinux314_experiment-notebook
1324,5029ea560259a39b875da573430cb49013073c87,miguelinux314_experiment-notebook
1325,5033efb0416535b84162d04ecf0e2e8858f55a12,miguelinux314_experiment-notebook
1326,504724336bb9a91f12d5c02a21220acc11e9d8c8,miguelinux314_experiment-notebook
1327,505199a186d33eab50fa627eb44b39b219653a95,miguelinux314_experiment-notebook
1328,5051c53a7321b4e833cb056be61b52786f554eb8,miguelinux314_experiment-notebook
1329,50559f4fafcc5431d74597d5a9d8864b3a3e5769,miguelinux314_experiment-notebook
1330,507204a1d14ee3ebe497eb71077d6213264a5591,miguelinux314_experiment-notebook
1331,507b5015b0a51a81bbeae7c0adf626c7dedd07ec,miguelinux314_experiment-notebook
1332,5083659fb696dcbf312d61060aeb0458cdba7564,miguelinux314_experiment-notebook
1333,5092259cd3da2cd12a9d63decd7c0482380b7341,miguelinux314_experiment-notebook
1334,509370533908053fb7c6748131b9ee226454f30e,miguelinux314_experiment-notebook
1335,50cd4cbb3622e953988bb6c982e64dff9f771547,miguelinux314_experiment-notebook
1336,50de2636b6326c93f878cebc972cd1b1f6177e98,miguelinux314_experiment-notebook
1337,50ecdbf8147a3059957a47afa603392e54542f98,miguelinux314_experiment-notebook
1338,50ede9df1b095299871e6f3cb4be4316e112804b,miguelinux314_experiment-notebook
1339,50f41059659953e4dfc7793c6b7c59d10c584f85,miguelinux314_experiment-notebook
1340,51197bf3889f005d2829822f68d9513382ca0a54,miguelinux314_experiment-notebook
1341,5124fe39b0ac57c62f8e9476cf92b612df02e62f,miguelinux314_experiment-notebook
1342,512c3f4a249d3c4c89211f52a3e851aa94025b65,miguelinux314_experiment-notebook
1343,512e8b130117f6462af4c82b98ba392e9ceb196d,miguelinux314_experiment-notebook
1344,513c3194086e2635f322f0222611a5e11c544ed3,miguelinux314_experiment-notebook
1345,513f553772fd288937018fa42796821396303c14,miguelinux314_experiment-notebook
1346,514301df346dab33fd72c5a9340a1c52402aae86,miguelinux314_experiment-notebook
1347,51694eb34c41a170e32b1d442a534d28e7ffcb58,miguelinux314_experiment-notebook
1348,516ec96177dfd6f24668fd66f65e72150934fe37,miguelinux314_experiment-notebook
1349,517fbba7446248f582fb025b3e1e77f75c2170b7,miguelinux314_experiment-notebook
1350,5182fd84f002edf23227c0f6446dab06fe765559,miguelinux314_experiment-notebook
1351,518ba2a57dff0a07aaac50d6abc3201b2dc262cd,miguelinux314_experiment-notebook
1352,5194108e7e5a302fc1f3a9db74edbbe4577c91c2,miguelinux314_experiment-notebook
1353,519a92f115e8f667b37c3dfff9cb1e868aaed116,miguelinux314_experiment-notebook
1354,519fa17be04d2734e77fd46186c0da55a4582338,miguelinux314_experiment-notebook
1355,51b471be1977d3fe03cfc0dbafa314bc16e45ad6,miguelinux314_experiment-notebook
1356,51d8621e8e213d5fb2204bf489eb223b0eec8765,miguelinux314_experiment-notebook
1357,51e0fb98b7b98bba7a0965f14e6b30a76d351c00,miguelinux314_experiment-notebook
1358,51e767eae15be068023e73f63b5e8a1fcc896dda,miguelinux314_experiment-notebook
1359,51f24fb1fa91c0d2125f98cdfd642adf709e45f7,miguelinux314_experiment-notebook
1360,51f2cf8c722aa7ee2015cb7bf08ddc062485296f,miguelinux314_experiment-notebook
1361,51fefff5bf64e6bcecd29f736696a9649101c6e3,miguelinux314_experiment-notebook
1362,5220ab90d15b0bf9c3fdf402f3720b5324767efb,miguelinux314_experiment-notebook
1363,5229547dada0d0d099bc9153b7725dc31f5cc86f,miguelinux314_experiment-notebook
1364,522be110da4a17ad193fa2646335761961744542,miguelinux314_experiment-notebook
1365,52708dd0a34877117f9deb80a73fda57203d9954,miguelinux314_experiment-notebook
1366,5287c763e766320aa10e65826b42152660238d24,miguelinux314_experiment-notebook
1367,528d16c20f9515dde08ede1e9a6726896bf6f26c,miguelinux314_experiment-notebook
1368,528dc81d8e7f3b8883e376272733c71c4469a7bb,miguelinux314_experiment-notebook
1369,529b0dc59b3875ef39ea03bc65b8b5b58b173092,miguelinux314_experiment-notebook
1370,52a9a6db74b42204bb2e39e1867be7394be385e2,miguelinux314_experiment-notebook
1371,52ced58be544baa96afa8d85fe314efd170ef2e7,miguelinux314_experiment-notebook
1372,52d11759010dcf586ddc09017694442b4cd63ea4,miguelinux314_experiment-notebook
1373,52d554e938acce0c695264bf66c27e818a2d6eda,miguelinux314_experiment-notebook
1374,52f5e97be85fa5f0f31b38e8cab5a7145be32235,miguelinux314_experiment-notebook
1375,52f757af1303178142c7a4b6fffa6b9355d58953,miguelinux314_experiment-notebook
1376,52fbc8af3bc2cb1aaf81f9b07cea151b078776c1,miguelinux314_experiment-notebook
1377,53022a35801442520bb07c26e7b21eefaff8ce3e,miguelinux314_experiment-notebook
1378,53936e88431a6b6c5d3c989a55d0af57017950ea,miguelinux314_experiment-notebook
1379,539c35d8dc9a1f5099e39a150c0c98cf40c605b5,miguelinux314_experiment-notebook
1380,53a38e2d894924387bacda56067f6724af241288,miguelinux314_experiment-notebook
1381,53aecc8b9acd60feed381cdd6399a283cee5de04,miguelinux314_experiment-notebook
1382,53bf62bc01a85d0b1166d3fe41fd8afb3666aae6,miguelinux314_experiment-notebook
1383,53c91c620447438774b4a20e048b2b3e21508ec3,miguelinux314_experiment-notebook
1384,53e336533187894e1f3f6f9766f914a3cbd6c048,miguelinux314_experiment-notebook
1385,53f96ab309affebcaf6424a624b6d3ecb2c8ab70,miguelinux314_experiment-notebook
1386,540feb290bf9c03655ca1aa4a73573978ebafdb2,miguelinux314_experiment-notebook
1387,541f22e515c55c4a5805b4254a449c03174a2b19,miguelinux314_experiment-notebook
1388,54237e2cf1ac08d9e256715381d4d8755f0f3bed,miguelinux314_experiment-notebook
1389,54468393e459dd3f935c170918af75244f258c40,miguelinux314_experiment-notebook
1390,5463c59dc5cd978fbb7ec796a469a065802ad0df,miguelinux314_experiment-notebook
1391,5476b18b4cca06f1540525aba913fd1db633ba82,miguelinux314_experiment-notebook
1392,548958e37b5cd093c3fb3819aa4dd1c6da942f2f,miguelinux314_experiment-notebook
1393,54a0a2908b636a97e35ddc56492afd1195c827a7,miguelinux314_experiment-notebook
1394,54c6729aabb9a143ecf4def65177f5ba124d25f7,miguelinux314_experiment-notebook
1395,54d832368bd265ec76852516d5989272c028d4f9,miguelinux314_experiment-notebook
1396,54e29d48061d03648a053ef1a87a3a6624a832d6,miguelinux314_experiment-notebook
1397,54f94cbed0a792aedea3cb540386d34d77156d9a,miguelinux314_experiment-notebook
1398,550b63f3f3918b09b78fc9962456ef291dcf29e9,miguelinux314_experiment-notebook
1399,550bc51350938f831858968da4f3272ee72c19bd,miguelinux314_experiment-notebook
1400,551014a250d9ee8464acc11ee3bbd80bcf3797e3,miguelinux314_experiment-notebook
1401,552ec11cbc7012e63fbca08d687808b15ff7e068,miguelinux314_experiment-notebook
1402,552fbb6066190d81f28240d3b6694bdacf0ff041,miguelinux314_experiment-notebook
1403,553289baf4f3df1ba1eac6fb33c88d7d116f76c0,miguelinux314_experiment-notebook
1404,55417baf6bd243ca18afa196cd15eb5b49a2f044,miguelinux314_experiment-notebook
1405,558aa9193e15276b95341b61df8a401b023fba2c,miguelinux314_experiment-notebook
1406,558e0d81c0908d9e88a6932ac1525af669810e10,miguelinux314_experiment-notebook
1407,55a619adf1f9a6f497be05aa3faf203df1616e7e,miguelinux314_experiment-notebook
1408,55ff8b250b657b844570b76e64b459f0793e1231,miguelinux314_experiment-notebook
1409,560541bb393ce1a92692336bb9c51852518758db,miguelinux314_experiment-notebook
1410,560793f4d8f1471acb202dac8012ede126e6c1bd,miguelinux314_experiment-notebook
1411,56126e341e10ebeb46c948b6b474ebe121c35675,miguelinux314_experiment-notebook
1412,561af9edd765779453326a150eea39ac7313df8d,miguelinux314_experiment-notebook
1413,562031a596964214a4978b70d62b9d6118d2b751,miguelinux314_experiment-notebook
1414,56282c77e2d2a0ef39eac765926b1a2612d4125f,miguelinux314_experiment-notebook
1415,563eccf2b433c1e58b86bcf1853223c947bd12ff,miguelinux314_experiment-notebook
1416,564698914e54ac52fcbcfea816f532bf93034dae,miguelinux314_experiment-notebook
1417,5648d213dfe197990e67af1fa2347e1d11b3a6e6,miguelinux314_experiment-notebook
1418,5652f4dd15eb3c326a81712680ac1ba4ae1b2530,miguelinux314_experiment-notebook
1419,56780b96f5a9807025e48f09d2e76d736f7717dd,miguelinux314_experiment-notebook
1420,568a177584b30aeba1e7d53e71ae41b181a04428,miguelinux314_experiment-notebook
1421,568ffe8fec4ae6bf9f2e66a78d796d741d5ebdef,miguelinux314_experiment-notebook
1422,56a26a25e8317920d0a19e0eb11b80cb18c3e1c2,miguelinux314_experiment-notebook
1423,56bd132fb6a4cbffb81683a006db871cd7c2dd97,miguelinux314_experiment-notebook
1424,56c583eddd765ff67f02a1d8c4a07492443355e0,miguelinux314_experiment-notebook
1425,56eab96dab73e679668612725b5eb2fbd0eb5e16,miguelinux314_experiment-notebook
1426,56ebb11d1045845c6e014f89fc8403d8680e11d6,miguelinux314_experiment-notebook
1427,570ba2d032383fa0f4e1901b260c22d20b20d57c,miguelinux314_experiment-notebook
1428,570dfcc4c3492fbcad3d3d7f64f44bdf528633bf,miguelinux314_experiment-notebook
1429,570fe777ac664fad657bdbd4403f025ebf61675e,miguelinux314_experiment-notebook
1430,57127f30bec5b535a05b370105b96bbe1f9e3023,miguelinux314_experiment-notebook
1431,571a328cc2ce803d0dc1897244082f13675925e9,miguelinux314_experiment-notebook
1432,573311ea4a0e29891c078be59f8eddc23abf0c1a,miguelinux314_experiment-notebook
1433,574ec2556ecd9bf98372873d1dd1aab28eac8421,miguelinux314_experiment-notebook
1434,5754920d7bd9308a8c8a66f9b0cc365c0d6edcd7,miguelinux314_experiment-notebook
1435,57587724ed5cb0b3abd760774bc73de7a697e844,miguelinux314_experiment-notebook
1436,575c2a72d1fe73afd58fbdd3ee56677c8cc58991,miguelinux314_experiment-notebook
1437,578ad20209d600dddf1faab8e14addc597011d7a,miguelinux314_experiment-notebook
1438,57ad8253367879ff2ddb6a177d646fbb943637a1,miguelinux314_experiment-notebook
1439,57d7c341c7f28a52f06c753be5c0440e983cd02b,miguelinux314_experiment-notebook
1440,57df7121a921a74e2204a6e0211ceecd2bca538e,miguelinux314_experiment-notebook
1441,57e5e01c7fb63d4d60aa31d4595aabb0db3e5253,miguelinux314_experiment-notebook
1442,57e75095851493284bdcec1ab6b4b709b53539d6,miguelinux314_experiment-notebook
1443,57fcb5a301dd21f63b6531ed12af6b5547dd2ee0,miguelinux314_experiment-notebook
1444,5809c3bd7dd11178854e098f90f0a15f3cdd3675,miguelinux314_experiment-notebook
1445,581c495b824df0e13a8a631cc09e9aaf94f1509b,miguelinux314_experiment-notebook
1446,5824258aabb1ec93be120f6eb9909d911a023d27,miguelinux314_experiment-notebook
1447,5833eb75f491f04f50a262cf223983c45215ca28,miguelinux314_experiment-notebook
1448,583d9f3e1d8107e3e2c5f0b463e5c54804876159,miguelinux314_experiment-notebook
1449,58510baf78f58c72ac293cf17d10afa82fd3b4c2,miguelinux314_experiment-notebook
1450,58587446488ab6738143836de593204275052701,miguelinux314_experiment-notebook
1451,586449fa2b9b28ccf2b4016f8f3b7f629db6a501,miguelinux314_experiment-notebook
1452,5888dc239a4364bb951fe5031eb1d2c60e9d7d0d,miguelinux314_experiment-notebook
1453,588d856485b83645517c422b0677bd9264d16e50,miguelinux314_experiment-notebook
1454,58aafc43816f8d27843eeb5c66a93cfc3ba634a1,miguelinux314_experiment-notebook
1455,58acacd963c961a36cccdec71b40f79d0409b7d4,miguelinux314_experiment-notebook
1456,58b5fe405fe070c13ec8fd310b3dc7d50e571212,miguelinux314_experiment-notebook
1457,58c46da838ebd609ca37d22d1109cc34b34e48d9,miguelinux314_experiment-notebook
1458,58d0b724237cde2d0d7507957a2224604ed90208,miguelinux314_experiment-notebook
1459,58f318e3256618d9f234e3ad477d2ff5be78051c,miguelinux314_experiment-notebook
1460,59045930e1cf60eeb65c4e779918859747956865,miguelinux314_experiment-notebook
1461,5919b7e6ede2b65203ae86f05bcc9edcda7044e7,miguelinux314_experiment-notebook
1462,591e1d465f5902b6a4d02f116e8ca226cff436fa,miguelinux314_experiment-notebook
1463,592b0e90b5edb3d479118cd71559b2eadf361aa3,miguelinux314_experiment-notebook
1464,593b1570c2abd125e15a968f44a881cc66125ebe,miguelinux314_experiment-notebook
1465,594b91fff6b0959bc17ef84b3b20e1ee997692ca,miguelinux314_experiment-notebook
1466,595700e7b4813e50d6d6b5a4abe85c5708cfb2c3,miguelinux314_experiment-notebook
1467,59574ffbc985eb684ed30dc5565829d60c91be48,miguelinux314_experiment-notebook
1468,59601f276070a3c45bf64f4310b7fb83b778188d,miguelinux314_experiment-notebook
1469,5964399f2d3ec53255b34bd340f7923ba449ee1e,miguelinux314_experiment-notebook
1470,59a658e60d425ed0b4b2bebcc936fd236e93ec68,miguelinux314_experiment-notebook
1471,59d27aba06abcb533100017a8f2e5947d7c95c31,miguelinux314_experiment-notebook
1472,59dff80db660395d77bfd658db17ee1801cf4739,miguelinux314_experiment-notebook
1473,59f786f50ad0830cebff0a737a84c80aab3a9f02,miguelinux314_experiment-notebook
1474,5a044d2f46295ffb1dfa5ab0cd730e26272366fc,miguelinux314_experiment-notebook
1475,5a04f244940a3fae0534242c190a6f1a6bd885b1,miguelinux314_experiment-notebook
1476,5a0943326434e16e5b90207d9163aa09537e8714,miguelinux314_experiment-notebook
1477,5a10a6d595b6841e976ef93f57490359e8ddd814,miguelinux314_experiment-notebook
1478,5a199a28756cf5ccc5c0eb7d8fb9e562548f3403,miguelinux314_experiment-notebook
1479,5a1eda0cd9354e167a40725b73c5f18541da70e8,miguelinux314_experiment-notebook
1480,5a2f8e7f668d3af3f42b4cd3570dba3e1ff74c78,miguelinux314_experiment-notebook
1481,5a31a49533902cad21bf75466cd98719b7754627,miguelinux314_experiment-notebook
1482,5a333d21eced64e132b6ae38853153eb16652dc5,miguelinux314_experiment-notebook
1483,5a41db99831db15ea2b30d7153d71c2a9a560d33,miguelinux314_experiment-notebook
1484,5a46fe0e6e4f0363d7271bbd96f0b9bd6e36c9eb,miguelinux314_experiment-notebook
1485,5a49304e266981a71352a20a574f1cddbae1032c,miguelinux314_experiment-notebook
1486,5a5a6f59def7a99cc73d9ad45f3ff199311d309f,miguelinux314_experiment-notebook
1487,5a6fda1c48c225ee9c2b02ae1c3aee5d57253a22,miguelinux314_experiment-notebook
1488,5a7450448d6dabdc0ea628947fa0f2f5ff641896,miguelinux314_experiment-notebook
1489,5a7ad37eb12ddcfba09519f0f4ab43391d086d24,miguelinux314_experiment-notebook
1490,5a9a9248445ca7249dadddc7cbef0503df93bcfa,miguelinux314_experiment-notebook
1491,5aadb71456edd9e2eae6139c2553874f837548cb,miguelinux314_experiment-notebook
1492,5aae6084d0bec7f6f4ccf9b3906b93acee9eab7c,miguelinux314_experiment-notebook
1493,5acaf3be5bf80478d60d5a2bf9e428975cf2bc1d,miguelinux314_experiment-notebook
1494,5aebf3ed8a6b7b3b8c7ac975fe2258bea407bf6a,miguelinux314_experiment-notebook
1495,5aef2c4f00d15d668c05339368fcfecb7bbc5bb8,miguelinux314_experiment-notebook
1496,5b05d5747dcce685b7e1f47f8946f2ddeba2b442,miguelinux314_experiment-notebook
1497,5b24ddf691fb2c5cbf8f3226db62f315a656d19b,miguelinux314_experiment-notebook
1498,5b2aebbc909837f7d629f1e5d1ebe8332b260a2a,miguelinux314_experiment-notebook
1499,5b379c4705e15418b785826a063af60f2e9952e0,miguelinux314_experiment-notebook
1500,5b5990c35c5b2a920c51bda5f694084d761309be,miguelinux314_experiment-notebook
1501,5b678304faac4a468446e0729ef36edfd95d6677,miguelinux314_experiment-notebook
1502,5b85db8beab70553f399939c3f0bb92a7b7dc230,miguelinux314_experiment-notebook
1503,5bad45b8b1f34722c8bd6c8d84bda75a1735a8bd,miguelinux314_experiment-notebook
1504,5bb8208905c54603cbfee52faa6612fc3cbf254f,miguelinux314_experiment-notebook
1505,5bbfb2adbd01b95874ee244112258e7a2f7c691f,miguelinux314_experiment-notebook
1506,5bc64c5483b5aae5b312caecbad5a8f558f9eb3e,miguelinux314_experiment-notebook
1507,5bcf5eb1a80f97aa9763262d1156ec0942d7894d,miguelinux314_experiment-notebook
1508,5bd608ce09c637c0db420f72c0a772b21545f769,miguelinux314_experiment-notebook
1509,5bdec5f1661e0a92549976b3f6eb29e15b40eeea,miguelinux314_experiment-notebook
1510,5be2604a680aaf725c3f39be7d9b6f43cca0931a,miguelinux314_experiment-notebook
1511,5bea245e4024a045ab74e282e547e484f55ad2bd,miguelinux314_experiment-notebook
1512,5c1c15ef190f7d7fd94a5b6b3ef3fcb1d58a495a,miguelinux314_experiment-notebook
1513,5c3891c64980a956112707e7c3d9292e30d00a39,miguelinux314_experiment-notebook
1514,5c409778bbc5a48ebb3b80f75ead9571701dacd3,miguelinux314_experiment-notebook
1515,5c45aba442d10c4a4fb6321174efacfe42a8d713,miguelinux314_experiment-notebook
1516,5c5d3e54e3552afea73b74f933123a9e4964fd28,miguelinux314_experiment-notebook
1517,5c76eb72f23ed9ccec8417653cb7d5e823452635,miguelinux314_experiment-notebook
1518,5c86cc5de90bfcc1a14e476d301c9293b365cfb3,miguelinux314_experiment-notebook
1519,5c96d5c3ae4f132b63ad7a1d2217fcbfe6b29e14,miguelinux314_experiment-notebook
1520,5ccd6e8513fe12d576868eab04c8bb4b603aa5da,miguelinux314_experiment-notebook
1521,5cd0e2b12146752f5a2b9207aa1fc29ad3c20319,miguelinux314_experiment-notebook
1522,5cd2753de9e6e916c5dc463422b0476b8af77e59,miguelinux314_experiment-notebook
1523,5ce460f7dea5397d8dfaafeea5a0183de7288369,miguelinux314_experiment-notebook
1524,5ce72644b78a7cbc9651cc80d0f46122747b01e4,miguelinux314_experiment-notebook
1525,5cf601b9ecc88d54d9a83aef993e73a216e3a405,miguelinux314_experiment-notebook
1526,5d0bb2bb7e1c89c2764daa70b1de6d381eada483,miguelinux314_experiment-notebook
1527,5d2af82eb954a288ce2d17fc27f88899036c3a6a,miguelinux314_experiment-notebook
1528,5d2bb040718fae1974f906d3197b743a74f476ab,miguelinux314_experiment-notebook
1529,5d464392cd4b368ad08b7cc0b33988377f216be9,miguelinux314_experiment-notebook
1530,5d46a01d0afe8960e79029be824bb5da0db34fcc,miguelinux314_experiment-notebook
1531,5d52b94ade02b9a018b0c2afc0facca3f8bcb649,miguelinux314_experiment-notebook
1532,5d7d2c8010eaf88684ecb51f0265dfe5b22c82c6,miguelinux314_experiment-notebook
1533,5d7e6a6826037f169d4f18b6cd17ea508097a66d,miguelinux314_experiment-notebook
1534,5d80981f68058e7e06b3da3c66f96d73134cf3f5,miguelinux314_experiment-notebook
1535,5d8eecd45eacddacee1b09b7a0a551a94ce6c7d8,miguelinux314_experiment-notebook
1536,5da3b1dd3547814ac1ab95c1fa56a24881d4d5f8,miguelinux314_experiment-notebook
1537,5dc6249a13ae9a7e0e9afccd0c2ac8660e4794df,miguelinux314_experiment-notebook
1538,5dca424b32abde608c8d987172e981d276b47862,miguelinux314_experiment-notebook
1539,5dcbb769d3a1fa3536fd63375921a02a4921ba2b,miguelinux314_experiment-notebook
1540,5de9f671303dec82b73ab77d6658692df89518fa,miguelinux314_experiment-notebook
1541,5dfbe1dc071d8f2fdbf4f3bc7596dd2852386f39,miguelinux314_experiment-notebook
1542,5e0b8863963b12b8fccb49507c175b4b181d771c,miguelinux314_experiment-notebook
1543,5e20fe257b105da89f344d969837bdaa372695cc,miguelinux314_experiment-notebook
1544,5e3e2d111b1e3fcee839a6a65aaeea9379536fe7,miguelinux314_experiment-notebook
1545,5e41d91f09fe0ea9f133601d4d0ec4ee93d5991a,miguelinux314_experiment-notebook
1546,5e50479f01a1a6565512fbbdef3ac80764b6d413,miguelinux314_experiment-notebook
1547,5e53ac3ed6cea93cacc83c91d760e03ffd1cbb07,miguelinux314_experiment-notebook
1548,5e6a9088bf8da75cd1885d83c98541337431ff9f,miguelinux314_experiment-notebook
1549,5e7a2f0d74903037edc7fabfd192552f17f0568d,miguelinux314_experiment-notebook
1550,5e98bed9b1bfe9eaad3aea5ab582d86fa4aaa828,miguelinux314_experiment-notebook
1551,5e9c318e5af99a51753e9a85d1ef3a07bb287a87,miguelinux314_experiment-notebook
1552,5eb32c213ed6df3683d5534219fd4fce1f7af0d7,miguelinux314_experiment-notebook
1553,5eb5aa2234b2b8714fd9da4a9e84206ab5afdd29,miguelinux314_experiment-notebook
1554,5eb98af8142b9f691b7405c90fb9cb6356f574b8,miguelinux314_experiment-notebook
1555,5ec46f7e9fa396db8d46c1259c482a1562863590,miguelinux314_experiment-notebook
1556,5ede76b45cecbfbc07f633a9722fe20f92c5a416,miguelinux314_experiment-notebook
1557,5ee31110c9550a17c3b81f5810de1b03c2531ae9,miguelinux314_experiment-notebook
1558,5eee39ccc571891dd2a88cdb6c24f322602827af,miguelinux314_experiment-notebook
1559,5efcf4319781277242a8ff957ea42661e7010977,miguelinux314_experiment-notebook
1560,5f11707119a2dc285b25f71233968e26b08187ba,miguelinux314_experiment-notebook
1561,5f20150c04fe48f2741e3f7a1eb6bf9ea9ac3444,miguelinux314_experiment-notebook
1562,5f31f3acf636eabcc2b4303e0c54887a68b4c5ec,miguelinux314_experiment-notebook
1563,5f4e87ef91ed9e818497b1b02d52a8e05ee1456e,miguelinux314_experiment-notebook
1564,5f6a06066d023cdfa54d6862d6b0efe8ae584dac,miguelinux314_experiment-notebook
1565,5f6e572f734d4587037a6d6f82158c30e3e5e924,miguelinux314_experiment-notebook
1566,5f6ead00553964114f30735bcfea2541c8283f75,miguelinux314_experiment-notebook
1567,5f6efb96dea0ac9e0bbac95aabd2f257e08673d7,miguelinux314_experiment-notebook
1568,5f7d8dfc4224c643d1415c6c57f61610fa000a48,miguelinux314_experiment-notebook
1569,5f86f932d8c496d41be340fc9a2e28c05c3f3250,miguelinux314_experiment-notebook
1570,5f9d47a60c6b5b0ef32d807e652c1ac906c4405b,miguelinux314_experiment-notebook
1571,5fa5b52a5aa8481fda77253dba5bd5be29217462,miguelinux314_experiment-notebook
1572,5febe9bcfbd467f352fa3bd06327eae9f31077b3,miguelinux314_experiment-notebook
1573,5ff1f368f1ccce844f6400084cf1d7dae7aebf0b,miguelinux314_experiment-notebook
1574,5fff00d7db7529f9ecd7c1cd84ba8792d0cf539f,miguelinux314_experiment-notebook
1575,6003133801edfd1b027553600b277a304d08a60d,miguelinux314_experiment-notebook
1576,6029ae07072f63dbb527003dda360b7d1337bb81,miguelinux314_experiment-notebook
1577,60466c34b07983b3cf36b48621c15b28f5fb146e,miguelinux314_experiment-notebook
1578,604d549f74d24b763c0c6c4d8dba384cf3a82567,miguelinux314_experiment-notebook
1579,60616d0b696aabd1dc6cb9a9ecce22046de7bb6f,miguelinux314_experiment-notebook
1580,60651692908f6128feda62f50b99895813578629,miguelinux314_experiment-notebook
1581,606c792ea9b036ac3e825b0b5db1e784be0596b4,miguelinux314_experiment-notebook
1582,607085bded20f4cbe383d48f3e17db0f7def4b03,miguelinux314_experiment-notebook
1583,60a1b16f7dd778b855d3e70859670071641bfc62,miguelinux314_experiment-notebook
1584,60a2a9b58a148682100bc081c90774321d1a902b,miguelinux314_experiment-notebook
1585,60a3d0e086a4d12e3710ceda8a8c2f8226fcfc78,miguelinux314_experiment-notebook
1586,60a691c59bc5fdf50e75cbe5f0d3856264b77dc2,miguelinux314_experiment-notebook
1587,60afac9835aad51c118e507d94c6caf754f7c50c,miguelinux314_experiment-notebook
1588,60baa1be4c3d33256c21cbfa0a6caf480c301106,miguelinux314_experiment-notebook
1589,60d831eff6990197f91cc56d2f613752bdeb0dbb,miguelinux314_experiment-notebook
1590,611936ebd323b4758efbcf741ac880bebb8936d9,miguelinux314_experiment-notebook
1591,611e023666f6f2c9ad81dbb8c8d1c412ebe50072,miguelinux314_experiment-notebook
1592,61208c4a9f99fd1cead1af8b7193df6be9228f3e,miguelinux314_experiment-notebook
1593,6139c7faf1b0cc700d16df543f18603aa18be8cf,miguelinux314_experiment-notebook
1594,616e6701890dfeeed9883050248dfa0ca825fef1,miguelinux314_experiment-notebook
1595,616fc2c9de808ba3358ef01a36e2ab928a991139,miguelinux314_experiment-notebook
1596,616fe204b3ad592626a4a8cbf16fde62e716f003,miguelinux314_experiment-notebook
1597,6171f0a41fb9516bfc7b583e3e490108a9bdcb67,miguelinux314_experiment-notebook
1598,6186e267fdd1ec380b6ba9a37160682b8cce8ae0,miguelinux314_experiment-notebook
1599,619eedcdc999a839fabe301147cb388513f97a11,miguelinux314_experiment-notebook
1600,61d45e89143e91360f1632ff221bd01cad994eb3,miguelinux314_experiment-notebook
1601,61d588ddfe9b65634f5890abf04464b99b2bb577,miguelinux314_experiment-notebook
1602,61e4033aa7cd571482a1882761b81e86c461e026,miguelinux314_experiment-notebook
1603,61e689aa3f6cda3ea9beca67acf6095f628da1de,miguelinux314_experiment-notebook
1604,620cee8d2f6036e45132d5b1c044fde09ccffcec,miguelinux314_experiment-notebook
1605,620df705ab7a9239b702acdb7071b8efed253336,miguelinux314_experiment-notebook
1606,623f47dbee59c7d400bba023733aa8c71d884db5,miguelinux314_experiment-notebook
1607,6248da79a0511fd81e147afdabbc097851ff16bf,miguelinux314_experiment-notebook
1608,6256de3608f35a67a5a38aaec78eb9486b507950,miguelinux314_experiment-notebook
1609,62590078cc4047539cc0a163a198e70648889fd7,miguelinux314_experiment-notebook
1610,62594dcaddc3bb3652cec56230c0a348abdb7ed9,miguelinux314_experiment-notebook
1611,6269d06706120e4a883792e450b41ddcd9ed1c12,miguelinux314_experiment-notebook
1612,62894b98124b5a5aa5cd7e01569f42d2ea80a969,miguelinux314_experiment-notebook
1613,62988987995edc2b89741bbd436b8d5d8049275c,miguelinux314_experiment-notebook
1614,62e37a1699d68e6e6fe499a29da53926bd9f4c14,miguelinux314_experiment-notebook
1615,62ea78e6ade8081e5d0dfb66e18ceca590c4a96b,miguelinux314_experiment-notebook
1616,62f561bb5c7554ac6341fdba85fbab869a19f78f,miguelinux314_experiment-notebook
1617,630633a8f6975e471d7e68274cfee8393da6011d,miguelinux314_experiment-notebook
1618,630d745fa58ee02eca2e654def286d6abff93aeb,miguelinux314_experiment-notebook
1619,630ebfe3775cd4ba03ee34e67574b16c9f4126bd,miguelinux314_experiment-notebook
1620,6311e617d5a2237809facf8e0c1aa9d9b8166094,miguelinux314_experiment-notebook
1621,6319ababaa6a95325640cfca7b78426b20d0dace,miguelinux314_experiment-notebook
1622,631c748dd011724aff89a2f9f941288e67684dde,miguelinux314_experiment-notebook
1623,6338706d2d8640569d5fd8ad28250008932d92d6,miguelinux314_experiment-notebook
1624,634f8e2a6265b411c9be5461a5e152c9e30aa8ea,miguelinux314_experiment-notebook
1625,6360a474191346a5346ff2748ba924aded6f12b6,miguelinux314_experiment-notebook
1626,63616c686f46a41f0904713e7dd13b95356a91f6,miguelinux314_experiment-notebook
1627,637de6bf80a36dab5e3431f5cf78ae06376fe1c8,miguelinux314_experiment-notebook
1628,638623cb3ca359037374e13e3592d64cf5bfe6aa,miguelinux314_experiment-notebook
1629,638c55575582f7e96131f3707f79cadc3a8ada27,miguelinux314_experiment-notebook
1630,6390f450db46c815d9b1a385b73769f212e38f98,miguelinux314_experiment-notebook
1631,6397c5068b900af1b72113380b11c9b4b6dd8712,miguelinux314_experiment-notebook
1632,6399cbd262450a872e6e39ee4d304aeee7d89f67,miguelinux314_experiment-notebook
1633,63a8ff9efe833779503e5ad1076fdc030b35726d,miguelinux314_experiment-notebook
1634,63bce246c55330917a8e2495b91d0e4c7ed5164f,miguelinux314_experiment-notebook
1635,63dcfd397b808f5cd6b6c0be105e12f8ee289dd8,miguelinux314_experiment-notebook
1636,63e64e0ed570d1c1ae5f66e17d9f5a5facc1e96e,miguelinux314_experiment-notebook
1637,64046d4b33550f432e9cef8bcd97ba337966a17b,miguelinux314_experiment-notebook
1638,642aa70495648683d15ed829f29eead34b827b5b,miguelinux314_experiment-notebook
1639,644703787159182afa8f4d22771a6827418d485d,miguelinux314_experiment-notebook
1640,64645e50c1aef8f32797572649382d89cf22e536,miguelinux314_experiment-notebook
1641,6464e2bedc1b30a97cbffb50b33dbd2d457192ca,miguelinux314_experiment-notebook
1642,64652c4502fda5f5f5e78ffc258dd174a3956248,miguelinux314_experiment-notebook
1643,646d6ca0fa66bdd130a400c8b8e35ad45f2764ec,miguelinux314_experiment-notebook
1644,6474398ab1ad4c541e6af8bce8c969ce03c681cc,miguelinux314_experiment-notebook
1645,6486ae1cc2ae83db763daefba1f9b5dd05f14f50,miguelinux314_experiment-notebook
1646,649475481e32b7de087b4de647e649cd97bd33aa,miguelinux314_experiment-notebook
1647,6495a1120fcc08e21cffa57829d9bebe7b2adccf,miguelinux314_experiment-notebook
1648,6495f72b40ff0c5007368a41bb218cde0faefad0,miguelinux314_experiment-notebook
1649,64ac331d3745b78a6f3856bb2f6185e2d05e1a67,miguelinux314_experiment-notebook
1650,64aca4dad5d76b8b2012c8c35797ff5555f5cb51,miguelinux314_experiment-notebook
1651,64bfd4a00491851846d04817704e3ff2ae1b824f,miguelinux314_experiment-notebook
1652,64bfef810c51cba414a3b88a461939bf05ebed18,miguelinux314_experiment-notebook
1653,64d39dfbed62bcf3748e2ae3ec284044792b1d01,miguelinux314_experiment-notebook
1654,64ddbeb7943d12a905905ba979be4c6730f45723,miguelinux314_experiment-notebook
1655,64e02156e14d34279bb9258856f82b7936fc0443,miguelinux314_experiment-notebook
1656,64edbe28997e7551daea54b0fbcd407086647243,miguelinux314_experiment-notebook
1657,64f1d2de70527dba4632cc1b45e11d9ccc9d1a17,miguelinux314_experiment-notebook
1658,64f67432fd1e8129fb8128af3b68ac3cce391487,miguelinux314_experiment-notebook
1659,6528cb5563b02614932ec5ae5da01aba952644eb,miguelinux314_experiment-notebook
1660,653bd08ef4ccb503ad236dc1d448f410d0ceaf9d,miguelinux314_experiment-notebook
1661,653bd3783d9faed8f325d1c401c53ce4a1ccd2ed,miguelinux314_experiment-notebook
1662,653c1090e56bfd4758254d8c1361a54f1a70b6f4,miguelinux314_experiment-notebook
1663,654d10d14c3c283289fd121a11b85135ba1fdc24,miguelinux314_experiment-notebook
1664,6553aacafc383119091f9beb214086afc09cb3c7,miguelinux314_experiment-notebook
1665,655595669050e4707ffb1c1852c5cfa5e001ce79,miguelinux314_experiment-notebook
1666,6557bff4853664f0b04d73aef53ab74c0d1045d8,miguelinux314_experiment-notebook
1667,655bb1a5d9e3401108532dbc54071533ead3f67c,miguelinux314_experiment-notebook
1668,655e0e392794e1bcb292eee82c61e9420d603e45,miguelinux314_experiment-notebook
1669,655f873c6e28907acd21088e17d1d3218f8128da,miguelinux314_experiment-notebook
1670,656e4afc1c3d6bfbfe1b5ae65bab451478702512,miguelinux314_experiment-notebook
1671,658e2911d5fe50d3f812c6f80d55b4d094b9cdcb,miguelinux314_experiment-notebook
1672,65b493ad6656498116878b10c82e5d7b9104405e,miguelinux314_experiment-notebook
1673,65e8d66d875e5b913f790c67597c2ee5853931a2,miguelinux314_experiment-notebook
1674,65fd12e9627bba4bc27c6a544a1349e24871c869,miguelinux314_experiment-notebook
1675,660216b01ec7a8e16c942d2134c52f0119587652,miguelinux314_experiment-notebook
1676,662d6d1a3b89a7ebedd5cf04e7e703edbe6ebeca,miguelinux314_experiment-notebook
1677,664ef4125bb982c6bdcc55b71f98c4e2862ec082,miguelinux314_experiment-notebook
1678,665a5afbb919de26816fb4f095df00763d055fee,miguelinux314_experiment-notebook
1679,665b66e3b5a2c4de33bc07696673ad4f2f648c4a,miguelinux314_experiment-notebook
1680,665c0632f3be5be7d6a7419969020bc9fb898f90,miguelinux314_experiment-notebook
1681,66654e25601bfef86f30babeddc7713994c79338,miguelinux314_experiment-notebook
1682,667108f4ffddcce921e0fc3489efd536d5572a16,miguelinux314_experiment-notebook
1683,667177c7652ad7e01fd589a2be000d37dee6ad7e,miguelinux314_experiment-notebook
1684,667f1915bbdd1fd0d7af41e79366afc8ab894dbb,miguelinux314_experiment-notebook
1685,668bc723ef47d70b5a843e2ddfb7b7ab289a3b4b,miguelinux314_experiment-notebook
1686,669051490b7ef3214dc5afefb8e4d8d0d64dd9e3,miguelinux314_experiment-notebook
1687,66a0de9182e4ec942126789f76121abde3986d10,miguelinux314_experiment-notebook
1688,66a9b8aa67a03403b7d0acab426a86eb9cc4e586,miguelinux314_experiment-notebook
1689,66b7a232b6b30d22b2b0714665d4f434b24ddaf8,miguelinux314_experiment-notebook
1690,6702a0dbf809f6e41cead09e85b9ce859b0e6c9d,miguelinux314_experiment-notebook
1691,671f30bc9067b843b607f0beb41a30da7854f266,miguelinux314_experiment-notebook
1692,6726752a171ce43bd33befb0a9ebd8c66beebe64,miguelinux314_experiment-notebook
1693,673e436617cdb778a6655250f71684db19b2de4c,miguelinux314_experiment-notebook
1694,6748069f76e965ede24be117dbe069d8623f0664,miguelinux314_experiment-notebook
1695,674dd345a1dc4cbaa7391d56bce90e07c46c4cfb,miguelinux314_experiment-notebook
1696,67536f17fe4a342826f21a2587d85a9b8a566f10,miguelinux314_experiment-notebook
1697,675a3e2fbcc3b23e08e1c2a872b74a4a309e899b,miguelinux314_experiment-notebook
1698,6776e411f327bc873d8ffd9006a9eb1fc8bc4a3c,miguelinux314_experiment-notebook
1699,67adbdc7e14b092fefbf2a66683473e730c6d1be,miguelinux314_experiment-notebook
1700,67af526c8b76ad638e2c00a1a3d7b773db03b5f1,miguelinux314_experiment-notebook
1701,67b19b403d174a089ee262138affbfaac690f5f5,miguelinux314_experiment-notebook
1702,67bb5a57e49a2dd8d51f3a3bda2254e1b1f5ef9c,miguelinux314_experiment-notebook
1703,67bdd59990400042e1732bb6fc8642b300eab749,miguelinux314_experiment-notebook
1704,67bfd06a4d5587c32a06678ac11d2c8c16b86139,miguelinux314_experiment-notebook
1705,67da2ef3840099cd066568b2b487bea771c4ae46,miguelinux314_experiment-notebook
1706,67dabb32fa3c69f42d9aae5a41332d7fedc84594,miguelinux314_experiment-notebook
1707,67e534a870e39854a3c9e94c69af2e165fa732b4,miguelinux314_experiment-notebook
1708,67f681148bafdeff4ec71c231b8ee90a4a1e9388,miguelinux314_experiment-notebook
1709,67ff2bb87fbc6335a30b6b5b1ba77fae88287f3e,miguelinux314_experiment-notebook
1710,683599e95c50a1c14c51f3a52847ba0fb8705c76,miguelinux314_experiment-notebook
1711,6852aa0941adae73cee450a519b95f319bb1add5,miguelinux314_experiment-notebook
1712,685e4fc9bdc5ad14ef1ce9f14b3ea6bf7cbb4da9,miguelinux314_experiment-notebook
1713,686e95546ceb122e1604d9bcc02a474a0f73fb25,miguelinux314_experiment-notebook
1714,68885ad5ddf297ac54da895aa42e5502590fca54,miguelinux314_experiment-notebook
1715,688b2759e3b6df3f173a5875b1e8168a3fde1078,miguelinux314_experiment-notebook
1716,6897eefa1998dedcab533697344b4f1c280aa74b,miguelinux314_experiment-notebook
1717,68bcca3ccad24097b0f7320cd9c96e5a3fe88291,miguelinux314_experiment-notebook
1718,68ca95bd745bd259bf2e2c8775e26638110eebf8,miguelinux314_experiment-notebook
1719,68d06a0fb87701b6cb76f246a6a1cbe8a2dc135b,miguelinux314_experiment-notebook
1720,68e30092737f7d9e5348da5632dffde0008a563f,miguelinux314_experiment-notebook
1721,68f15716bf3ed8187a847acfd72eeed16031c7c6,miguelinux314_experiment-notebook
1722,68fbc0eba2e79125185fc283af67aaf8e06f9e67,miguelinux314_experiment-notebook
1723,68fc227256e3c03cfece6c6d252bf09896602a1e,miguelinux314_experiment-notebook
1724,6900b6b577de81d68c3dd60ea7655175dfcd4ae2,miguelinux314_experiment-notebook
1725,6919496a88024bd136444a79dce71ff26f7ef2bc,miguelinux314_experiment-notebook
1726,691ee9432ec716ab9f3e495fca530c747436fa27,miguelinux314_experiment-notebook
1727,69445daa8a1bfa3ac18185cdb34a0a99790e5d83,miguelinux314_experiment-notebook
1728,6944cecdd9bef611015874d188c58a8220c76e47,miguelinux314_experiment-notebook
1729,694e75eeaf7881a4f17c5533786ff160b8680342,miguelinux314_experiment-notebook
1730,6958b4509fac310d1c4420f132a3f5caff3b8d3a,miguelinux314_experiment-notebook
1731,696685db76d0e10c3f1b3f2f7b5802a56f213db8,miguelinux314_experiment-notebook
1732,69676be094748cd415e0a44de640c498c32a12bc,miguelinux314_experiment-notebook
1733,6970d448b646d774f1da93841302cb068f61c055,miguelinux314_experiment-notebook
1734,6972c91629b33611867d9b0405f1561005fd8d8a,miguelinux314_experiment-notebook
1735,6982a7ac1ecf82f8e1d3380216b1bfa1be72fc6c,miguelinux314_experiment-notebook
1736,698c82380676327ea24f1bfb912ddc9a74b06a3d,miguelinux314_experiment-notebook
1737,69972a62b518bedbefb67b57f3a3f7a2c170d62f,miguelinux314_experiment-notebook
1738,69ab796c679c8648ec75cc589ef46df8efbaff7c,miguelinux314_experiment-notebook
1739,69ad48c914f82796fc4d4f94d95d04d563081b1d,miguelinux314_experiment-notebook
1740,69b0f796a58696ff3a3c1c987271e22c36945d2d,miguelinux314_experiment-notebook
1741,69c082aeb4e02e83b45266702e64f996f709f99a,miguelinux314_experiment-notebook
1742,69cf232d9a46d00b057fa2b46ac75ec6598ed5e7,miguelinux314_experiment-notebook
1743,69dc08a423e23cc1fe4c1304dd14045a0748a68d,miguelinux314_experiment-notebook
1744,69f5a4529b56cbc4df23f7340b56d78224e9cfe3,miguelinux314_experiment-notebook
1745,6a1de6ac3b4c387eb911767cf0cb582708321ee2,miguelinux314_experiment-notebook
1746,6a234d0798f08eac3014c1750fb7c64566a6bfa0,miguelinux314_experiment-notebook
1747,6a31ea20ac157a613092003823467c29b1cbf184,miguelinux314_experiment-notebook
1748,6a4841687c3db7b2784789cd660fc952972d7bd2,miguelinux314_experiment-notebook
1749,6a51d2f3c9b2784defaaab3870500c3f3a0017d4,miguelinux314_experiment-notebook
1750,6aa6eb100c84dc6d75692c92c008d7fa88197955,miguelinux314_experiment-notebook
1751,6ab568929e1cf60a977008fb39e27e1cad173d16,miguelinux314_experiment-notebook
1752,6abcca3052f43cf5312ebe7f32f7108de6eb5bb2,miguelinux314_experiment-notebook
1753,6ac5789dbdd7cff21eda716595bf769a6c3145e3,miguelinux314_experiment-notebook
1754,6ac814d2bb29261077b8061d3cabe298a1c2431b,miguelinux314_experiment-notebook
1755,6ad4b321256ed2e49d2be3f2311440529a22a8a0,miguelinux314_experiment-notebook
1756,6aeb05ddbd9b71150435281ddb7ecd09d31e4de4,miguelinux314_experiment-notebook
1757,6af0106096cfd8eb285bc60e4915b5572936d13e,miguelinux314_experiment-notebook
1758,6b2553fecc09980971e32175c78ff0575fa5b7e5,miguelinux314_experiment-notebook
1759,6b26e7ba2b4c473d8310da9474333432d402c14c,miguelinux314_experiment-notebook
1760,6b285262b452641110c9fe3e6fe62f3de21f1879,miguelinux314_experiment-notebook
1761,6b322580eb748071b0eac05ec6a4a59d0ca2bbee,miguelinux314_experiment-notebook
1762,6b3a6d67ae84124a51fd44c8a937cac56c801e33,miguelinux314_experiment-notebook
1763,6b4571c7bc13c0e4944ff73e31aa5407d237d1ee,miguelinux314_experiment-notebook
1764,6b54889a058520ac6afbd898d67ac0ee92ce4bd5,miguelinux314_experiment-notebook
1765,6b5eb34d4dbc71a8216fe0edbae261a4fa57da4f,miguelinux314_experiment-notebook
1766,6b5f994be38fc68774a3323478ac1f03345fced7,miguelinux314_experiment-notebook
1767,6b63ba29dd571673c5f715e013d339a61fcc7e60,miguelinux314_experiment-notebook
1768,6b76a662943874e0f26f9fd43b7e545de0fd6f64,miguelinux314_experiment-notebook
1769,6b7ebe1dc382f6b40180a40d2c303e130d320a25,miguelinux314_experiment-notebook
1770,6b81aaadf8ac68c7c96346accd8bb40e8a645839,miguelinux314_experiment-notebook
1771,6ba34aa037277976afc9e9872c9ffb2a77221742,miguelinux314_experiment-notebook
1772,6baf018a6d0ab0598673f816d6b6ed6cd1c4d49a,miguelinux314_experiment-notebook
1773,6bbc58195c825cf2738d645a3eabcedb023ad429,miguelinux314_experiment-notebook
1774,6bbccb11dfcd661d6d3d52503a005948dc0852f9,miguelinux314_experiment-notebook
1775,6bd258be308bc2cf0c4d4a1041b308b26cbf99cb,miguelinux314_experiment-notebook
1776,6be17014b80e8b0f1a8ce0ebb592185eb201b9bb,miguelinux314_experiment-notebook
1777,6be2529d8a35b3cd7d322538a7fe8b519ec2d0d7,miguelinux314_experiment-notebook
1778,6bf178bf99dcfa8fcc2dc0d2fbdc7bda0b214401,miguelinux314_experiment-notebook
1779,6bfc80cfc4ceda343d3aca9b081c3b85a1bc37b1,miguelinux314_experiment-notebook
1780,6c04e16d7ace65476913a5caa09d351b77d336bc,miguelinux314_experiment-notebook
1781,6c1be9aacdeb31a2b85ff632348abd932c489523,miguelinux314_experiment-notebook
1782,6c1fca5c4ae718d5d024ea0658023764919c20e7,miguelinux314_experiment-notebook
1783,6c24555142186113eb6cc5862976bed717d2ec51,miguelinux314_experiment-notebook
1784,6c2626886107e14c7d86ae19e4064f899e3cdeb7,miguelinux314_experiment-notebook
1785,6c319a7f2a7395c4bb223035439860e154299658,miguelinux314_experiment-notebook
1786,6c46ab183728bc27f67b3a7e6e278eecde594e2d,miguelinux314_experiment-notebook
1787,6c5e50e52849a02230c5d09ae6d3770b47e32046,miguelinux314_experiment-notebook
1788,6c8eb5cc32208dbb8a28f3b0f925fb782e32854c,miguelinux314_experiment-notebook
1789,6c92627453f448aa5540149e2d09eefafd6cf7d6,miguelinux314_experiment-notebook
1790,6c9df170884d89d135a16df88d975efe6b3f912b,miguelinux314_experiment-notebook
1791,6c9f533d6b3f4dd9cb8d13a925746804c29a5ac2,miguelinux314_experiment-notebook
1792,6cb2b8a48ec511ed89286b80f41fecf190cb9298,miguelinux314_experiment-notebook
1793,6cb35300bf0adaeee33d6f069df86d0d7b38685d,miguelinux314_experiment-notebook
1794,6cb723b456b144e2ba242a5610f6f8c6205e17d3,miguelinux314_experiment-notebook
1795,6cbccf4ef5ccef124223589c439e495449ec491f,miguelinux314_experiment-notebook
1796,6cdfa11cf88fcc740a819280186a6fd7939c1541,miguelinux314_experiment-notebook
1797,6d1ba981b93d16a2dc760dce62f0cf8fdffbb64c,miguelinux314_experiment-notebook
1798,6d1d4769792b44fd5ed16ad832040be30167f7bd,miguelinux314_experiment-notebook
1799,6d1e65465a1cbfb1b1f750d2dcb4a013dd740436,miguelinux314_experiment-notebook
1800,6d27d99e695539f397630c4b595590e7907ced11,miguelinux314_experiment-notebook
1801,6d2d727e374b33f68cbc01210fd77429e938714a,miguelinux314_experiment-notebook
1802,6d2e9d215cd10c64a885242513767c06524c7ded,miguelinux314_experiment-notebook
1803,6d304e82c7a67ff3a6f14de4b84e34912e361c44,miguelinux314_experiment-notebook
1804,6d359afde4d4aad82502fb4cde0c45f45f4294f5,miguelinux314_experiment-notebook
1805,6d47053c9b0a994099689f96136040c60644cfdf,miguelinux314_experiment-notebook
1806,6d4b32aeeb28435172e911451dd085e2ba8a5f4e,miguelinux314_experiment-notebook
1807,6d5ce7b159db08b06af1ba15873bfd1a8937b6b6,miguelinux314_experiment-notebook
1808,6d7727da26c058d3a2460102a6148206b9ee381f,miguelinux314_experiment-notebook
1809,6d7de4dde164c9361cfbea46304134af653babf5,miguelinux314_experiment-notebook
1810,6d84888df787f99ab97a0963f1cfb266800b92b8,miguelinux314_experiment-notebook
1811,6d96235f847f73379eaa848164c11ed154396e70,miguelinux314_experiment-notebook
1812,6dd0ec6662f619f06a762b7ca60a8a8038de774e,miguelinux314_experiment-notebook
1813,6de8f8550a01942e8a9ad109ac0597a82dc31a48,miguelinux314_experiment-notebook
1814,6def8ef389a5f3bc070a54556c1c393b9e311351,miguelinux314_experiment-notebook
1815,6dfd3226e5bcac1f8774b1677b22dc2f8ea5f86f,miguelinux314_experiment-notebook
1816,6e074ee8a8c7c47443f2aed2ed0933d994508393,miguelinux314_experiment-notebook
1817,6e1a7a005778a2173bdcda5ecf7071a72bff67b8,miguelinux314_experiment-notebook
1818,6e22bca22c52ec71d3413c30f58604b8adc77614,miguelinux314_experiment-notebook
1819,6e465cfa190d26f1df01044bdd788b8eedf8b1f4,miguelinux314_experiment-notebook
1820,6e476462fee6e4a17dca28054d25b613b4079d1b,miguelinux314_experiment-notebook
1821,6e4b4d73abeff4a5cafa178cb22b9514fe250c74,miguelinux314_experiment-notebook
1822,6e505e2c189f7e10a9c53d5201cf4e2c60be5846,miguelinux314_experiment-notebook
1823,6e5a48f2ad9e24719e0c89150e51140e19999d6c,miguelinux314_experiment-notebook
1824,6e7a397546ff0d3ce0589c1d3324f9b01b9d306c,miguelinux314_experiment-notebook
1825,6e98b8bc76c0380a592e156fa1773056f616469a,miguelinux314_experiment-notebook
1826,6ea5dca7d6ae32358036d0fd051eb854ab149a55,miguelinux314_experiment-notebook
1827,6ecee36d368aa6846577372f3530588fdf88a9ba,miguelinux314_experiment-notebook
1828,6eec0b4a5c5c0368a9d266610edaee3e26603c9d,miguelinux314_experiment-notebook
1829,6effdeefaab942ed32b528dc10c096db699f4a47,miguelinux314_experiment-notebook
1830,6f044bda4d1eaf4c5e03d3a571405c8bac3566de,miguelinux314_experiment-notebook
1831,6f0969f79ee2791b70a370bd5e659d0af77fda51,miguelinux314_experiment-notebook
1832,6f1de5122d74cf9a80a2767f2c70781475ec9028,miguelinux314_experiment-notebook
1833,6f24bbe48e25d0b5358cf1efd9a5824da68e75ce,miguelinux314_experiment-notebook
1834,6f2bd7555b1dfd9cf47361af2892f6272867124e,miguelinux314_experiment-notebook
1835,6f4292879aebe04557e8ad6a39e970c21346b68f,miguelinux314_experiment-notebook
1836,6f50ce46496732ebf958a48e39d24936547cbcb1,miguelinux314_experiment-notebook
1837,6f586b4bc6d2b15c3bac61ab7406725189748f3e,miguelinux314_experiment-notebook
1838,6f58ba80acb6539e1955eb30f94afb6601382414,miguelinux314_experiment-notebook
1839,6f635aa3827eaef03b31ba962e93f740e5aa3b26,miguelinux314_experiment-notebook
1840,6f8729a7b294ad6ff7d71a90f6d1c71bd183d346,miguelinux314_experiment-notebook
1841,6f8a7d8396012f77ad35226b6e279e81f9800168,miguelinux314_experiment-notebook
1842,6f8d854a581a8ff9da973031657c21f98efb676c,miguelinux314_experiment-notebook
1843,6fa3d8bd3fea4851208adc62934592aa95116309,miguelinux314_experiment-notebook
1844,6fa850da8760bebe516b8781d877c6c1468bfebe,miguelinux314_experiment-notebook
1845,6fb8698bab0a9b8e6f47cdef398f12155fcb1bde,miguelinux314_experiment-notebook
1846,6fd4c33fc598ba95958c367cc4799820c6779a68,miguelinux314_experiment-notebook
1847,6fda43d52bc4b21bc91bb42d05b062c417880a23,miguelinux314_experiment-notebook
1848,6fe8da2aaf5021e0936f325866beee5a543e34c1,miguelinux314_experiment-notebook
1849,6fed413cad358524b66725a28d2e8ef9f126a43b,miguelinux314_experiment-notebook
1850,6ff62dddc37573f777beb1f27673759f07253c84,miguelinux314_experiment-notebook
1851,6ffa9e19e12481374c296f2fb5ecdfeabf119eda,miguelinux314_experiment-notebook
1852,7005489739abd567dbf5806d7e69ec1602461383,miguelinux314_experiment-notebook
1853,701cceca05424788e1a7aaf8a646097879572af6,miguelinux314_experiment-notebook
1854,7021534d3599c7d554fb3ff60db031eaf44d8a0b,miguelinux314_experiment-notebook
1855,7043e8f460f885c4e540a0345ea31029a77010d2,miguelinux314_experiment-notebook
1856,705a333336bab6e82c82e1d5c239a61e29286167,miguelinux314_experiment-notebook
1857,706bed1a4b0af7f6657af52f3abf88e4acf87db9,miguelinux314_experiment-notebook
1858,7088c6e2d30459588dd74907656b7fa99da5abc4,miguelinux314_experiment-notebook
1859,70ae88ebd447d263f792dd6b7042597a733518fc,miguelinux314_experiment-notebook
1860,70bb6d16ed3749f8b9191d456961d335ffb01532,miguelinux314_experiment-notebook
1861,70c0708bf3f114c8511983a617c60364281f7cd4,miguelinux314_experiment-notebook
1862,70d7ad6943e3d4ab32d5d8fd96b6c4148c25e075,miguelinux314_experiment-notebook
1863,70ddf24ada814091b9dd3cfcbd93daaf9af9807e,miguelinux314_experiment-notebook
1864,70decdbb6d4455ba77147f560e0e1ff6108071e3,miguelinux314_experiment-notebook
1865,70e78f28bd669ce18ac3a4ce8b8f4486a1b4b813,miguelinux314_experiment-notebook
1866,70f80a81719c3262a74d64777ecff67afccd4873,miguelinux314_experiment-notebook
1867,70feb4a8fd27075e6550d289f92fc7b5912fccfa,miguelinux314_experiment-notebook
1868,710dca39154558012fec9e1e4b1a1ab5d947e852,miguelinux314_experiment-notebook
1869,711b50a2c83f089ec4e862d5a96c3916553613fe,miguelinux314_experiment-notebook
1870,7130e2cc0fa20177ca697afcb01d694abbcb2b13,miguelinux314_experiment-notebook
1871,7148749531a6eeca028ae1459127bc570b2c96cf,miguelinux314_experiment-notebook
1872,714f1ef22b3f55ce66b78c0ee35259f7388ae5f6,miguelinux314_experiment-notebook
1873,715aa11862a83439c03a93f75070c54cdf9eec1e,miguelinux314_experiment-notebook
1874,716d56d4f17fde2f512be65d6a4ff8a0f5bf0085,miguelinux314_experiment-notebook
1875,7182d7c5bf0b3053c174e57e6a00b560f85be7a8,miguelinux314_experiment-notebook
1876,7191b7ef4d2b429a7cecf2d78e4382e90c09e9d4,miguelinux314_experiment-notebook
1877,71ec9680abcce7fd6306cb3124a32dd8f137ae67,miguelinux314_experiment-notebook
1878,720069298db61ae7c2e11263a1d7d43dde32ae88,miguelinux314_experiment-notebook
1879,720658247791d21e64c553437066b7d3949f6995,miguelinux314_experiment-notebook
1880,72461248bf647dddb5bfba864eef79f62aee99bf,miguelinux314_experiment-notebook
1881,72528eb7cff365272def8c096caf168399f70bbb,miguelinux314_experiment-notebook
1882,72689e7bd64105be5194efd009f9c34818dc5b6e,miguelinux314_experiment-notebook
1883,7269b6e36c4e92193b4988e418d523235b625c2e,miguelinux314_experiment-notebook
1884,727c19196e7f9e3b43e379f1c95daa75e4a3d65b,miguelinux314_experiment-notebook
1885,728314fb4932351767822ea5ead604bda0571f37,miguelinux314_experiment-notebook
1886,72861d054af3b76c61e8cc88ad3675e4147cf16b,miguelinux314_experiment-notebook
1887,729c261e1a50db7ae1b71b59312591f8d8f0cfd0,miguelinux314_experiment-notebook
1888,72a4ff9e25ff0cb98363a7ff9e020db140f4c1e0,miguelinux314_experiment-notebook
1889,72d966431b07f3c6261588c2dcd5776dacfc85a4,miguelinux314_experiment-notebook
1890,72dd08529e3b8a0ee24f545b504b92226038c58a,miguelinux314_experiment-notebook
1891,72e76521e4b7577c8efe7136bb2287090d51aeba,miguelinux314_experiment-notebook
1892,730060788805b0de776769e474a20bb11897fdfe,miguelinux314_experiment-notebook
1893,7304f76d3e72856ac507bc021faf777318377c36,miguelinux314_experiment-notebook
1894,730739b8e7c6f82a202e71d9a3176a4d45eba89e,miguelinux314_experiment-notebook
1895,730bd3753121fcbae16f813ff0362f958dbe78be,miguelinux314_experiment-notebook
1896,731309978cd41b5eebb92e85e933a79b3ea044d0,miguelinux314_experiment-notebook
1897,731a134433a957e0ec19dc25bdbe158b14f46e81,miguelinux314_experiment-notebook
1898,73243dbf29b0d028c2503e6b9a05f524a30a5535,miguelinux314_experiment-notebook
1899,732fa7367196af68dead5921da42c52f5bdc02ba,miguelinux314_experiment-notebook
1900,733f7075c81f0b5157c5e2bcbf87b17c7344d080,miguelinux314_experiment-notebook
1901,73532e95c5ac235c7f5f2d2f6d8beebc302434ae,miguelinux314_experiment-notebook
1902,7354549afc87de7b9076781663d0483c33cd4aee,miguelinux314_experiment-notebook
1903,735a48859f7d3a831785da7290a439eff5597f6b,miguelinux314_experiment-notebook
1904,738866d66b7d8722a5fcafd5946990b08b62f09b,miguelinux314_experiment-notebook
1905,739036450ecbe1b7ab01e452328d613d6e8c54a9,miguelinux314_experiment-notebook
1906,73a96ff42e67dc78ce4da8678afa5870ce2c345a,miguelinux314_experiment-notebook
1907,73a9ec3ab770bc59ba3422c6ae2276167d177b88,miguelinux314_experiment-notebook
1908,73b1cd07fb45be4a31575b08c3166f8b99c5bafd,miguelinux314_experiment-notebook
1909,73bb7c1f883b7fc8802017373c097591088ffbf9,miguelinux314_experiment-notebook
1910,73dd45f85342a23f30b22531fccb5e847c0f005d,miguelinux314_experiment-notebook
1911,73fc79c7a5a75a79444dad9f04a66044b37ad955,miguelinux314_experiment-notebook
1912,7400d83d702590576fd20d4adac7d2f689851891,miguelinux314_experiment-notebook
1913,7408cab2a381f6839b4a84dde39e362aefa16084,miguelinux314_experiment-notebook
1914,740b96979c5909eb12464cf01867526b307301db,miguelinux314_experiment-notebook
1915,740c335be312255b9377f603f8d4fcc456f8b110,miguelinux314_experiment-notebook
1916,7412c25070cd1786a68928bc70859ad91efaf543,miguelinux314_experiment-notebook
1917,74265184fdf7c70923a19a8ef82bd59a8e0636de,miguelinux314_experiment-notebook
1918,742754b306c42b4b65a19ffc5faf3f57dfa19243,miguelinux314_experiment-notebook
1919,7439afcb443775a95ec7e787504df2de8f74c677,miguelinux314_experiment-notebook
1920,744181ed9db66d17925a2fa152574f31b0d0feb2,miguelinux314_experiment-notebook
1921,7445f11eac7e8cc24f00ee7cab47cf06f4766c1a,miguelinux314_experiment-notebook
1922,744ae708291df3a9d66d2aec6aac168e6d3bea42,miguelinux314_experiment-notebook
1923,74612ed1305fbaa44bc53356abe92662ad68d301,miguelinux314_experiment-notebook
1924,7499feb8c339b262913422950eb98d66437cdc1e,miguelinux314_experiment-notebook
1925,74c0bb48429da577419a488d3800c69f3b15fc47,miguelinux314_experiment-notebook
1926,74c3fdb74c9f313b44ba4b854239b19d67157873,miguelinux314_experiment-notebook
1927,74d1b84208e3c8dacb428c791ec55af54b7dac3e,miguelinux314_experiment-notebook
1928,74e16b3c08b68b1eea49288ef3d640977a1c4d6b,miguelinux314_experiment-notebook
1929,74f14636ee5d742b526d5d72e44fac04b98496c1,miguelinux314_experiment-notebook
1930,750bd6c5d2391a40cfc8e595f4782e8cf719704f,miguelinux314_experiment-notebook
1931,751a5190e82eedaaa721b5038845be52c6a75d4f,miguelinux314_experiment-notebook
1932,75356f630a470cb57157c3c55300aae35acc1da2,miguelinux314_experiment-notebook
1933,754a32735bb34a6fa7bd9b4880673b3197376aec,miguelinux314_experiment-notebook
1934,754bdac170f4de66c9b647a167d685e2f6c3387e,miguelinux314_experiment-notebook
1935,7555db5c5b6d03fa99a0ba0284b441f10232ed61,miguelinux314_experiment-notebook
1936,7557ed9341dae1c8a85ba86144c72c4a378de054,miguelinux314_experiment-notebook
1937,756bc96105a230be69156111bb02c15c6c2324eb,miguelinux314_experiment-notebook
1938,75727c2ad984f3c8d47b6a76eef5d8a1fe48948d,miguelinux314_experiment-notebook
1939,757565db164caa6d6bcff199a2b8ea361bcfb674,miguelinux314_experiment-notebook
1940,757c73452440ddbbcedbca799d3aa70e0d0105de,miguelinux314_experiment-notebook
1941,758f707d80397b8dedeb71ee7a3d76880d371eb3,miguelinux314_experiment-notebook
1942,75cec7b9ac9b2347e3472928932e517edf483591,miguelinux314_experiment-notebook
1943,75e05309e96b31297ca460314b7b004875136124,miguelinux314_experiment-notebook
1944,75ff9f3453337dad0728bf18e5950aaa402b97fa,miguelinux314_experiment-notebook
1945,7604e2c3522f55b7f67d072e177f4671af0e475f,miguelinux314_experiment-notebook
1946,760de078e6f3a8c2b2f200aad0cb52fb874c1ee4,miguelinux314_experiment-notebook
1947,761509171a92934866a7101e5b0c19306a176c92,miguelinux314_experiment-notebook
1948,7616cd6b5a7469e27939c9b528b66b18f20096a9,miguelinux314_experiment-notebook
1949,7640ed57419a9e0ec5f95a032df882125d153c31,miguelinux314_experiment-notebook
1950,76459006d34069301b2c2311143c71e1756b932a,miguelinux314_experiment-notebook
1951,766d91f67b96f9e8c617c168aab58626be876831,miguelinux314_experiment-notebook
1952,7676d39d50a116d827bc933707fbdaf8ec2e31c6,miguelinux314_experiment-notebook
1953,767a28ba09d1c2a95cd1ee57042149168a12123a,miguelinux314_experiment-notebook
1954,76ab28556fd96eebb68427af806a9748dea5e372,miguelinux314_experiment-notebook
1955,76b0b03bb55547e4b97fb9304cd431008773ceba,miguelinux314_experiment-notebook
1956,76b7e8b0f727f0b6a3bda3c5dafcb53db72a9452,miguelinux314_experiment-notebook
1957,76bfe3dcfaf220d1388319a79d6ce3f5e2dcf8f3,miguelinux314_experiment-notebook
1958,76d983c57889359de6e2742530c31854bc75193b,miguelinux314_experiment-notebook
1959,76e87bf51ed7bbd387cb56ad42f6dfb77ac81aa7,miguelinux314_experiment-notebook
1960,771bbe6e02e3e6fa2e2f5f603bb53f632cda1135,miguelinux314_experiment-notebook
1961,772999c281035aff1dc8f4822b2f29fbf82cf24f,miguelinux314_experiment-notebook
1962,772a74360ec92220b4369df4068dc41c9b106c3f,miguelinux314_experiment-notebook
1963,773a454d771d7380c4b2d5a6a435f274c6a4e8e0,miguelinux314_experiment-notebook
1964,7758ec7a8cc8c7b63fd32517055ec97d7f8c7f4a,miguelinux314_experiment-notebook
1965,775fbf7fe1c1b19821ad4a38d25065784d561233,miguelinux314_experiment-notebook
1966,77679675a826e870e0f5ffc77e5aea0829e936bf,miguelinux314_experiment-notebook
1967,776caa93b445919d9733b0805666dbb4c8d1e770,miguelinux314_experiment-notebook
1968,77975a0f56c7a5c2a181e63912c2ff3463884a4a,miguelinux314_experiment-notebook
1969,77f3bfbb293cc206686c78ce58583b5ca2cae25c,miguelinux314_experiment-notebook
1970,77f8c6d05c238f7a2729f3b92fd3626070a540ee,miguelinux314_experiment-notebook
1971,77fd94e56eccdbb6c4b8024d12b1798986526cf0,miguelinux314_experiment-notebook
1972,7807aa0887ffb1a95245d72240a7bfc748f7db5e,miguelinux314_experiment-notebook
1973,7821c9c72de458f743ec4dfe671ca2ec027bbc44,miguelinux314_experiment-notebook
1974,782b56779253f323436951bab8440cb80a18b2e3,miguelinux314_experiment-notebook
1975,7837583a5131b672f6ece0323b66d93b94641851,miguelinux314_experiment-notebook
1976,7844948b2f74ae2767de194859e4eac5030d8192,miguelinux314_experiment-notebook
1977,784d326caf857a1bad13d95753f198bc6a783dd6,miguelinux314_experiment-notebook
1978,785adfc70162c75da5eebc6859e979578f721a85,miguelinux314_experiment-notebook
1979,78bce9c6a16d36474c0972702cd53645c305e40e,miguelinux314_experiment-notebook
1980,78c9e73e2b3f4e5e0d1dfc1ebdfafde942d5e075,miguelinux314_experiment-notebook
1981,78cac6ec6124920f50d90e31086eeb2c7701e6fa,miguelinux314_experiment-notebook
1982,78cd409157e293e1fc8dfd88f903b12ec0194aea,miguelinux314_experiment-notebook
1983,78ddbc10a17ccef9ca995ed9e7889bbc0743970c,miguelinux314_experiment-notebook
1984,78e1a7ba0693e8de18c87fff9429c3d47c93d710,miguelinux314_experiment-notebook
1985,78e6e6f05835a0c2428e46992b0cd34ffc260037,miguelinux314_experiment-notebook
1986,79381ef4544ac9a348ab93e796bb6f113594d2d8,miguelinux314_experiment-notebook
1987,79411a5cd3bfd6823216c298c16cc4dd4a07ca6a,miguelinux314_experiment-notebook
1988,795387469b55b57391787e03c16a92c0f66c89ec,miguelinux314_experiment-notebook
1989,79569651c741f66b4ab1ca890f23adedb39632f2,miguelinux314_experiment-notebook
1990,79695da8aec19cc18cd15ad56380e18613e9a0ee,miguelinux314_experiment-notebook
1991,797236a24ca327b64c4089a688b5b55887bf91a6,miguelinux314_experiment-notebook
1992,798cfdddf45e99999fa1e0fd3156db50a1476d7f,miguelinux314_experiment-notebook
1993,799eedc2a6f02dbc74242d321f2627fdc6675637,miguelinux314_experiment-notebook
1994,79af44d082fe3de713d2800b6f4027c424bd5c33,miguelinux314_experiment-notebook
1995,79e16fbadc327879cd791d56802692637a5998c1,miguelinux314_experiment-notebook
1996,79f35ef061831ba68b66d9feb423bbd80b61ff61,miguelinux314_experiment-notebook
1997,7a01e595e8f3f71f01ad63ff9fe6045e968c1124,miguelinux314_experiment-notebook
1998,7a1623b2c10ceee04cd3ff3f2ba77edef1623ffe,miguelinux314_experiment-notebook
1999,7a1a96f8870094b4c84ae279b42f21555f4e2bbe,miguelinux314_experiment-notebook
2000,7a407806674596004192da2910ec4c582f578829,miguelinux314_experiment-notebook
2001,7a755cf17c5c6c37e76f0edb7379ffcb53efc8bd,miguelinux314_experiment-notebook
2002,7a782eb3efc91661773bd129d7e67fe08fab4176,miguelinux314_experiment-notebook
2003,7a9312122ec60d9b1a79b9ffc4479e0d57cd52db,miguelinux314_experiment-notebook
2004,7a983f50a39fdf8df051d57f14e716d091dde744,miguelinux314_experiment-notebook
2005,7aa4b180640c46e25238af5c41ffda5d0c49c623,miguelinux314_experiment-notebook
2006,7ac8480a01e2ef7848865f7935a6dde3a135316e,miguelinux314_experiment-notebook
2007,7acc2407a40417857224f6a9308c6c6462b8aede,miguelinux314_experiment-notebook
2008,7ad8d7920e80138ce311e18be0d8ca2860d66114,miguelinux314_experiment-notebook
2009,7add632a0e81cb4cbdc9d881fef2f5f1cf72a1c3,miguelinux314_experiment-notebook
2010,7b38f2a5bc7e04025b2d2426e84fabc9951cbf80,miguelinux314_experiment-notebook
2011,7b3cc72e1ab25a3f698301455892a8e82567f5a9,miguelinux314_experiment-notebook
2012,7b45e7f8987d9b9fb82f5d97e487548f4eaebaae,miguelinux314_experiment-notebook
2013,7b47315a4cb32ba4e5c81c74406fef06edfca04a,miguelinux314_experiment-notebook
2014,7b50b9c43c4a8ff96c85da92a3b55e9379612c0b,miguelinux314_experiment-notebook
2015,7b721d4b1c98a6a896a74a79fc7c44db2063f3c2,miguelinux314_experiment-notebook
2016,7b77f57461ee5b1b8b32ef9d690af18be3605674,miguelinux314_experiment-notebook
2017,7b7a17d376384364a836d85b16252a6eff720e7f,miguelinux314_experiment-notebook
2018,7b7bbf10586499656006f92c1db67cb0197b8b75,miguelinux314_experiment-notebook
2019,7b82eeaf0e95599acf3d9cb2b30cf479b24cf192,miguelinux314_experiment-notebook
2020,7b9020ccfc8abf894a7bac55d25693231235df8c,miguelinux314_experiment-notebook
2021,7ba800398bc6abbf341d4479d98b62f5de761cb0,miguelinux314_experiment-notebook
2022,7bab16e48a937f657064fa66ae12db700874776b,miguelinux314_experiment-notebook
2023,7bb391c51971b0c0f1e5f6b743254f3f24bf7846,miguelinux314_experiment-notebook
2024,7bb53077d2dc7b45622ae73e70734b9f5f32a0b8,miguelinux314_experiment-notebook
2025,7bcc58cce2557216146b5de4bb1502168f16c28c,miguelinux314_experiment-notebook
2026,7bd17bfeea8ac6654a5e05a34c79457969a38298,miguelinux314_experiment-notebook
2027,7bd2123c0f861fdd7327bc5e5ac263594acf231c,miguelinux314_experiment-notebook
2028,7bfaafc474ca6c9f2dc925c826c7c7ec91d59bb3,miguelinux314_experiment-notebook
2029,7c01f920f73fb12105edd891d95eabb1ca854a48,miguelinux314_experiment-notebook
2030,7c0ed4b4352ee4203a680aaf0df6af37d83eb1d6,miguelinux314_experiment-notebook
2031,7c1986c19b1b40d0a98018ae791f393729600aac,miguelinux314_experiment-notebook
2032,7c1a978725b43d6a84a1672e6eea3352dd521e6a,miguelinux314_experiment-notebook
2033,7c28e23713db17e2fca8f6ccd7e7f1bb76ac7267,miguelinux314_experiment-notebook
2034,7c2bd2aed1cdc85cbb35a508efaeee012ab0503a,miguelinux314_experiment-notebook
2035,7c43fa4f1ca059a93b773a8c05d9acf340036095,miguelinux314_experiment-notebook
2036,7c44fe41f16b250639d90f13971c5ac1be662851,miguelinux314_experiment-notebook
2037,7c48285c408d6bc6680e854b38d5ea3abc30331e,miguelinux314_experiment-notebook
2038,7c4983b50bfc2ca835b7e427caae7d82d8c748f0,miguelinux314_experiment-notebook
2039,7c5182ffd0eea0df88231d856d1f83a83a511d70,miguelinux314_experiment-notebook
2040,7c65a1a8590bdb805c23f8ac40279ac253721ad4,miguelinux314_experiment-notebook
2041,7c6daf1738221abce9dae8c42ebd2ef7f9e7d46e,miguelinux314_experiment-notebook
2042,7c7872c4dceb02f1ac56d011a29de0d048d3c95d,miguelinux314_experiment-notebook
2043,7c8e66cd4f529e9e5d988f5b8ae52560f863df39,miguelinux314_experiment-notebook
2044,7c92131a0bdd7ad9fcbb177a40d1b192c7caedec,miguelinux314_experiment-notebook
2045,7c985378fc2baa76e958a37d46f4455bb02530ee,miguelinux314_experiment-notebook
2046,7c9e2ddd25721aa5c2c694adb1b16c219b054db8,miguelinux314_experiment-notebook
2047,7ca57b0825f5c4e81038565b2c8dd1d7ca7477fc,miguelinux314_experiment-notebook
2048,7cae4e2f9c8c4b7adf76cf89aab90bc081df8cde,miguelinux314_experiment-notebook
2049,7cba663744b410902025279fa49f662492829ab6,miguelinux314_experiment-notebook
2050,7cf3c50783e8647f202cd12f2d606335af9bb052,miguelinux314_experiment-notebook
2051,7cfedb8fcf365d5ac0e7bc7e70b75b0a7e7d6d4b,miguelinux314_experiment-notebook
2052,7cff2f319a48b1dc7a71b6969a2769e7f59906c9,miguelinux314_experiment-notebook
2053,7cff6fa80b62e55121f2d60f893530d4cd0e0640,miguelinux314_experiment-notebook
2054,7d031f220a42a3efe0642a00052af0583d4deb45,miguelinux314_experiment-notebook
2055,7d0cb43a4c2735b85f100d7772ad5a1183b83c03,miguelinux314_experiment-notebook
2056,7d0db74613787eb59fbfcd63daf62dd3531dd521,miguelinux314_experiment-notebook
2057,7d13daec3a26040e6623860953e2ace32d1beaef,miguelinux314_experiment-notebook
2058,7d14d0f414c16b66517c5ecce569e5e1dbc1498d,miguelinux314_experiment-notebook
2059,7d1d20c1d7e127addf71bbea0ff8f2d4a103b980,miguelinux314_experiment-notebook
2060,7d205fe13ac69613d820ea9ea2e1983d86a49c14,miguelinux314_experiment-notebook
2061,7d46e011c3d187ed200ca962fcb8226918092bef,miguelinux314_experiment-notebook
2062,7d4dba747ad6fb3d22b27ec3075c527049d23209,miguelinux314_experiment-notebook
2063,7d5e6a7113df0802ce8f2f372de5d3aa69eeec8f,miguelinux314_experiment-notebook
2064,7d63d06b71a2cdc8fb8645a480fba9508669f6ab,miguelinux314_experiment-notebook
2065,7d67211d4cf33ea8643fdccb79fac1c00b02a800,miguelinux314_experiment-notebook
2066,7d77feacd9a10ed98339ace16f5c7250b54be107,miguelinux314_experiment-notebook
2067,7d82785c5aa7df213a8e2f381260a8f1f1fef44e,miguelinux314_experiment-notebook
2068,7d928a5119dc0f30ecb353ea6b5f243ceef911c8,miguelinux314_experiment-notebook
2069,7daa51dd50b484424b6ad53f202d68184ca078fa,miguelinux314_experiment-notebook
2070,7daaae03e767937b91b450846ba61305f44f386c,miguelinux314_experiment-notebook
2071,7daf06684c0bcc545ac97323ac5f6c1252903465,miguelinux314_experiment-notebook
2072,7db9682909dc33efac82becbe927ead5b1352d17,miguelinux314_experiment-notebook
2073,7dba2d6372f62e74fd4ff4894b1742fa8ceb146e,miguelinux314_experiment-notebook
2074,7dc55afdcabfcbed0621e7585613b3674ebf593d,miguelinux314_experiment-notebook
2075,7dc9d17d545cdc20a7fe46e95ff7de61b104c4eb,miguelinux314_experiment-notebook
2076,7ddcbed7ebc4fdaaaf4534d8788f54b3490411cb,miguelinux314_experiment-notebook
2077,7dee6e59a16a5b4f5577c1690d3b1ddd9c7d4aad,miguelinux314_experiment-notebook
2078,7dfb66cb9578cf3afcc450501179ed5730efda58,miguelinux314_experiment-notebook
2079,7dfbc3e6ea3b06d4df32d26fc58e9c3c7f611400,miguelinux314_experiment-notebook
2080,7e06111c18632e37a4508e3f3dacabdbaf5dfe76,miguelinux314_experiment-notebook
2081,7e09dae29ca912ac3cc5d712f551ed6dc47992ad,miguelinux314_experiment-notebook
2082,7e1abb590a1854e02811bc1dba662fcf1c29d71c,miguelinux314_experiment-notebook
2083,7e7086bfbf9447067d5cc9cc754e08d3f2304ea4,miguelinux314_experiment-notebook
2084,7e770a72802e8254ace6d3664528ef4c462e68a7,miguelinux314_experiment-notebook
2085,7e7f8e93059fc9337ee39f7fc75a8cb6a70b97a4,miguelinux314_experiment-notebook
2086,7e8c7e424bb31796f7df20fc1ba07d4c0ee09e18,miguelinux314_experiment-notebook
2087,7ea52de61a9b1ee4337b4ebf510de9b73a298a0e,miguelinux314_experiment-notebook
2088,7eb150700b80e87d6f4f12b2edf971e531f1d620,miguelinux314_experiment-notebook
2089,7ebdc5b52f778d7a7cc3f1093a665cb061e20a94,miguelinux314_experiment-notebook
2090,7ebf41e534681014b3fc846732c6ed48088a9c92,miguelinux314_experiment-notebook
2091,7ecc384588c4ccede44af203d954b39af706acfb,miguelinux314_experiment-notebook
2092,7ed676631335df507a7bba9b0c446e3e71fec0d1,miguelinux314_experiment-notebook
2093,7eeda280137bbb36bbac858a1b3212e7160476ed,miguelinux314_experiment-notebook
2094,7ef14f6981aa03606d7e0aab41eb1e40bb836f50,miguelinux314_experiment-notebook
2095,7efb09bcd1be1703f902c7a5e5706c9598952344,miguelinux314_experiment-notebook
2096,7f17eec099c34b8f7ae3a5babfc6143fbdd3bf10,miguelinux314_experiment-notebook
2097,7f1fec5a02dbd7c9125daff6a6c3b27f59674118,miguelinux314_experiment-notebook
2098,7f2a254104e0707a9523f215ffbd567a9430b696,miguelinux314_experiment-notebook
2099,7f343169c6c8e794c607794db4862f71628d9d2a,miguelinux314_experiment-notebook
2100,7f41ed8d40bf769085d11fbd5e19dda7320d462a,miguelinux314_experiment-notebook
2101,7f45162707b8590f3178c4d625ebd7f581c7fa8a,miguelinux314_experiment-notebook
2102,7fc51912a86369237fd2b77bbc71e020aaaf2cb8,miguelinux314_experiment-notebook
2103,7fc89a7be89a2943597a01a0c0d64e7fb75dca50,miguelinux314_experiment-notebook
2104,7fd406e16cdb8d46c8bdd221c2fae39dcfed6868,miguelinux314_experiment-notebook
2105,7fd872be1a9efd6e84203d244829f58b9407920c,miguelinux314_experiment-notebook
2106,7fd8be46e3304bd4bed93486c4d34f74b19f26f7,miguelinux314_experiment-notebook
2107,7ff2fbfe4a18575f6a693fb7539d00665246a03e,miguelinux314_experiment-notebook
2108,80050f02814daf14de6f0c3c125aad262c4d1db9,miguelinux314_experiment-notebook
2109,802ab095529a42ced42bc143e3bc0845df40bfcc,miguelinux314_experiment-notebook
2110,804c24d809b9044618f02a20b7fb7f217347ab14,miguelinux314_experiment-notebook
2111,80540088f74d99628719f50b12f0719fbd441584,miguelinux314_experiment-notebook
2112,805808ac18a1af93c3d707447d5ca33fe33bc849,miguelinux314_experiment-notebook
2113,8061df2b6bf2cf965b83db630ae40a4976989aac,miguelinux314_experiment-notebook
2114,8063c603d242ba53e62ff0d9e357c68002fdbe22,miguelinux314_experiment-notebook
2115,806c9b7ffab6a7b965650ac9ec990c4656ea0915,miguelinux314_experiment-notebook
2116,80b8b685ac4957a0b06d5a6848cbcc52db4be5a8,miguelinux314_experiment-notebook
2117,80caeabad14fec66f8457d0a11be63e6e406a35f,miguelinux314_experiment-notebook
2118,80f0c9c09d04c6b4866b67873a4fe8644f87265f,miguelinux314_experiment-notebook
2119,80f84c2809922311b4c3ba9a6d6f85ae9eb217f2,miguelinux314_experiment-notebook
2120,8103469821624fd496154e5572a60aba58fa8a95,miguelinux314_experiment-notebook
2121,812d59aa1beb1955e84a5dafe118eccaae5a6edb,miguelinux314_experiment-notebook
2122,81386f020eca8ddd9c30e3f4ed1f480df0a1c792,miguelinux314_experiment-notebook
2123,813f169bb2ff8856a169b04618234d91bbcc4e19,miguelinux314_experiment-notebook
2124,815662afae1e98356bb6481ff42347cd6be0d90a,miguelinux314_experiment-notebook
2125,8169717df5d5eda30da9faeb3f1a2dd5e6c17a10,miguelinux314_experiment-notebook
2126,817236ffa7ecfdd0b18be112b408f49f930b1578,miguelinux314_experiment-notebook
2127,8185bf5aa83633a06c4a9af264c41c9fbeb79f2b,miguelinux314_experiment-notebook
2128,81880c54dfef9b6a8812111625ef69536f496bcc,miguelinux314_experiment-notebook
2129,819843c899b4c49f9f1b95325896c0f3d11980fb,miguelinux314_experiment-notebook
2130,81ad5566bbac521703a6d33154548b402ed83204,miguelinux314_experiment-notebook
2131,81b9c0c3cf865cf5554dd5866111e6232c140796,miguelinux314_experiment-notebook
2132,81bb993b3be55e9a0168de12e96ad4aee83e794c,miguelinux314_experiment-notebook
2133,81ce211f936f8f6cba7d34f35689b0bfc64608c8,miguelinux314_experiment-notebook
2134,81d6cc29ba66a64a8e07c291dd7cdd75f9635a51,miguelinux314_experiment-notebook
2135,8203ac5306360091341ecfb358861f8d9243b510,miguelinux314_experiment-notebook
2136,820c370a058379f7197527b9d4c9e588fbc832dd,miguelinux314_experiment-notebook
2137,82104b0b3d411c6c6e239571bf316956e80e8364,miguelinux314_experiment-notebook
2138,821ab84824d83a77d478b5220cb90d2b9b7dcc5c,miguelinux314_experiment-notebook
2139,821b3d3823df45d7c79a5950b9566136de0e15a3,miguelinux314_experiment-notebook
2140,8220919a24609ec1fcb8f124bcd8e8b8af26c840,miguelinux314_experiment-notebook
2141,822ce243473efca582e986395d2d18679a3190a0,miguelinux314_experiment-notebook
2142,8232591dd05a9e94d745fbd2df1ee9dd6b70330e,miguelinux314_experiment-notebook
2143,8234b0f66257212277e2c0cd37e0b2fd7564fe63,miguelinux314_experiment-notebook
2144,824c25b5779495a0ac71ed8f8de6ffaf1df83e22,miguelinux314_experiment-notebook
2145,8255d8a2ba12a53bffb32a5e10a5719f6c068def,miguelinux314_experiment-notebook
2146,82676730a90cae229fc5319e050b4270ccde2502,miguelinux314_experiment-notebook
2147,82990a6d564705d198cb0e5169d3f18bd8a9f00e,miguelinux314_experiment-notebook
2148,82a4580939f22f68422e8efd2c0d3240153ccea3,miguelinux314_experiment-notebook
2149,82b2fa0f858e3100fa803efbfcfb80674c69352f,miguelinux314_experiment-notebook
2150,82b9ef97cf6f39ae00623a63fc5d4ebbb5988f80,miguelinux314_experiment-notebook
2151,82c06c376546a372f4c8d0a9e5f9433974eb9d17,miguelinux314_experiment-notebook
2152,82c1d20426c8ccec005e79c478569aedcc1d064d,miguelinux314_experiment-notebook
2153,82d62878e5b8a0d3db5e1d4315b20e894c64cf80,miguelinux314_experiment-notebook
2154,82dca7e0edc607fad5223bf591bdd4763d1b2b1c,miguelinux314_experiment-notebook
2155,82dea25e1a1edd86bfad75d0a345b1f3c060a4fb,miguelinux314_experiment-notebook
2156,83149b8a5583d6bed84f79e61227d06a92058082,miguelinux314_experiment-notebook
2157,832b560e0ebf48950504870a73322d4543c01c7f,miguelinux314_experiment-notebook
2158,833796ff313381fb743bf70157a781ef2e4e4e3e,miguelinux314_experiment-notebook
2159,834f9eccfb1d8584718e3697a7d642f822903134,miguelinux314_experiment-notebook
2160,8352e9b8b214d40cce6e734c049d916416f30f79,miguelinux314_experiment-notebook
2161,8354929916b4c01d312546d5eb1219e14a416700,miguelinux314_experiment-notebook
2162,8362e18943e9260ac1956b5123045f2c38dadc9d,miguelinux314_experiment-notebook
2163,8365cd3a6249045fe120655370480a66975d5a73,miguelinux314_experiment-notebook
2164,837ca06a6606aa2bf0bd629d1be388e83db88b42,miguelinux314_experiment-notebook
2165,83b99b5771dcdb5b90864fc453fadd512587be6a,miguelinux314_experiment-notebook
2166,83d397289ebc0894531745974b9c1d0d5797cf54,miguelinux314_experiment-notebook
2167,83da2a010de12baa513a6b64b1845b4ef555faaf,miguelinux314_experiment-notebook
2168,83dd931ccc8db95616d8ac5eb8d516aad92fb82c,miguelinux314_experiment-notebook
2169,8410c4147a2ae4992d3ff41be19fc77aef6c4439,miguelinux314_experiment-notebook
2170,841315501579bf1e14d9c96b3c2fa9ebeae11cb6,miguelinux314_experiment-notebook
2171,842e1bab4e6d64548125c793f50afa42626cee9e,miguelinux314_experiment-notebook
2172,844328a807c16f07324d7da97b660f72c5017445,miguelinux314_experiment-notebook
2173,8449d9592a5016b7e4ec52f1af15369d715ad9a8,miguelinux314_experiment-notebook
2174,8471ae0a14cacd633bad68a71b23d46723620eb3,miguelinux314_experiment-notebook
2175,8475168567c8e4ec82540e3cf124b57c0eb9bfeb,miguelinux314_experiment-notebook
2176,8499d1229355e3081653e4261060fb0291a145c1,miguelinux314_experiment-notebook
2177,849bd3592b7ff304aa0ce86f3dbd1e6ab5820899,miguelinux314_experiment-notebook
2178,849c8e8813d5c6d19f86d85378868f71594eb55b,miguelinux314_experiment-notebook
2179,84a758396bfa86b2cd3df76542435ed851f9a039,miguelinux314_experiment-notebook
2180,84acd42b6de9b0ec5e0e79091e44a2e9abf336ba,miguelinux314_experiment-notebook
2181,84bc331f1bb2abffb429c602ae42d4fe86c0fc98,miguelinux314_experiment-notebook
2182,84c71a5ad3a89c84f9423740373059c51d08eb4a,miguelinux314_experiment-notebook
2183,84db92b69309d918cb1c2d98d8d0efe1bad2858f,miguelinux314_experiment-notebook
2184,84dff5692658ec85c405c4ad3940147f6ce561e1,miguelinux314_experiment-notebook
2185,851f62c68a039b39abea5bdee3a5ce00fd09f09f,miguelinux314_experiment-notebook
2186,852a7cca2f0065a06f6a0314ff27b2024df52c34,miguelinux314_experiment-notebook
2187,853dfa79bef3f178fb00c1deb92cc1eb13f71ec5,miguelinux314_experiment-notebook
2188,85464a4d2d3a1d6338d837a380a60751f9a87be1,miguelinux314_experiment-notebook
2189,856cc3afefb083f541bf684d1ceb906a114142bb,miguelinux314_experiment-notebook
2190,858dcb2eacfaaaeb32395a40af2f4ea9ece307ba,miguelinux314_experiment-notebook
2191,85ac21c654ba00cc545f760084fb7554236e723e,miguelinux314_experiment-notebook
2192,85c917218759a83dcc823d0f86d2b8549d112152,miguelinux314_experiment-notebook
2193,85da1e1eb686864eb1b0dae7f7abbeeb5d0a9837,miguelinux314_experiment-notebook
2194,85ee822b0adb3565bae5296953b020dd28151f76,miguelinux314_experiment-notebook
2195,860fd421fab5b9ab9742da2a4fe7396653dfd605,miguelinux314_experiment-notebook
2196,8638a104511c39d5552af9c86162597d36c3f7ad,miguelinux314_experiment-notebook
2197,86482185a3077a6305c3e42b705bfa02e701d59d,miguelinux314_experiment-notebook
2198,865c4d9d169481e182b76794f6b8438c0ebf81a4,miguelinux314_experiment-notebook
2199,8669617cbe37c083d2b6be8322084a26006cdc9b,miguelinux314_experiment-notebook
2200,86729291534886be56c79f4d7b27443e9a8be06b,miguelinux314_experiment-notebook
2201,8691a191f7b7c3534caf05df100253f7ea4bbfb8,miguelinux314_experiment-notebook
2202,86c2a710c63019f729155b3d00a23f80a73abbc8,miguelinux314_experiment-notebook
2203,86db1b3a7b7e7819221fc9de9dbe36413711517a,miguelinux314_experiment-notebook
2204,86e25d7f58ca2c8191a2e9693fd87583af7b7c7c,miguelinux314_experiment-notebook
2205,871c42603c10f4b2ca440f36cde3246169ba6520,miguelinux314_experiment-notebook
2206,871f1f7f054a6e71b67105e9c8381ada70bf4957,miguelinux314_experiment-notebook
2207,873d14a67daf772730fa18b60dae1866cd597b86,miguelinux314_experiment-notebook
2208,875253fdecacf00a10d1f6ca1195ffbd931a76c8,miguelinux314_experiment-notebook
2209,87684708ad9da5554200ecf604f2f98d2218a064,miguelinux314_experiment-notebook
2210,87789e88b2ece463d58724346914154bd04fa9fe,miguelinux314_experiment-notebook
2211,877a0cfe198f64c1b9b707a67f1f8e5f47d5d7b0,miguelinux314_experiment-notebook
2212,877c4edbcfeb8528262778df9c402c5c1f331e50,miguelinux314_experiment-notebook
2213,8780fad140b4dbe748022ed33be828775e8d9039,miguelinux314_experiment-notebook
2214,87b499cdbbb639778df7741980bd9158059c2c17,miguelinux314_experiment-notebook
2215,87be62d98be3fc1f1a0614728fdfebd42ed5369d,miguelinux314_experiment-notebook
2216,87d1c21eef25e22d68003848cfba21bb65e5b8ca,miguelinux314_experiment-notebook
2217,87ea6867eb0521fda242b2ad6728fb110b476893,miguelinux314_experiment-notebook
2218,87f3cd910bd523beb197f6cada513992474dc588,miguelinux314_experiment-notebook
2219,87f88ab99980b35734b32d7571725616c0fe1224,miguelinux314_experiment-notebook
2220,880775218f1119dfa1db4b72e551d9594ac9a8a0,miguelinux314_experiment-notebook
2221,88101a0bfcd7bbc7f726b916ccc0d56df1620325,miguelinux314_experiment-notebook
2222,8834dc2e32e296ad057c321fbfde3e13e4cc8c11,miguelinux314_experiment-notebook
2223,8835ca879f2913eb9aed55e1924430a91ea11579,miguelinux314_experiment-notebook
2224,8839f24d49cb37eec2b4fa84610002726d5f061e,miguelinux314_experiment-notebook
2225,88419d33dda217c63dc1b09c6be0bea0cb319ea8,miguelinux314_experiment-notebook
2226,8854b1b04befefec9ade6c0b213bf5ed1b3cbf64,miguelinux314_experiment-notebook
2227,889b8490aa4ba14287e646d5c891854301a1a25a,miguelinux314_experiment-notebook
2228,88a08359d30fd2b54708954fde90e203a23da5a3,miguelinux314_experiment-notebook
2229,88bdd6f0cc3cbaba89d55c59901c351001acb231,miguelinux314_experiment-notebook
2230,88bfa2e503a3647052f6164bfcf93055bade982c,miguelinux314_experiment-notebook
2231,88d6f0aefeb3a0fa659955d15026ad9a6de2dc94,miguelinux314_experiment-notebook
2232,88e3e403667c2aad6598a5d14fe05bec4824d5bf,miguelinux314_experiment-notebook
2233,88f3097215ced060cd47f11a6404f2dcb27c93a2,miguelinux314_experiment-notebook
2234,88fc227076c14bae5a090022289ee7e45843b3a6,miguelinux314_experiment-notebook
2235,88fe6f2f602c0f42e645acb87044f292ca424f7b,miguelinux314_experiment-notebook
2236,8929d87ff8b20aadf60f63d436485e9fa0f185a3,miguelinux314_experiment-notebook
2237,892b7d924f6d29caac922f72e31f669e19209f67,miguelinux314_experiment-notebook
2238,892e9c321a7829cc498f4662ce6e0494e66a4e86,miguelinux314_experiment-notebook
2239,8930ad1d8162ae9ce33b70e827cfb2b613940112,miguelinux314_experiment-notebook
2240,8936d07bae6ccec3bad09824129819b05b7a6ea5,miguelinux314_experiment-notebook
2241,893c564aca9eda11643941e9091028c173c40c34,miguelinux314_experiment-notebook
2242,89569b3324113e1014197533046ca35d5eb8873a,miguelinux314_experiment-notebook
2243,895ca27d573698e9f280e1f584ecab8a921ec428,miguelinux314_experiment-notebook
2244,895f979d2915e83fd69d1fb75f6b647021217009,miguelinux314_experiment-notebook
2245,8964aeff9ffc01d577a2aedb5aaa7175d77f725c,miguelinux314_experiment-notebook
2246,8964b556c9ab01c864b9378a39e744582ab74a93,miguelinux314_experiment-notebook
2247,896f1cd6db755cc2fd67e875e60fd497d44b41e9,miguelinux314_experiment-notebook
2248,8984f85fa8966ba417ed0a7111360eb64d71b9c1,miguelinux314_experiment-notebook
2249,898664cc0fa7e58c43830d29ac007d6b933689ae,miguelinux314_experiment-notebook
2250,899eff07416aaaff76aede58c70a71ade1e7dfa3,miguelinux314_experiment-notebook
2251,89b7b606237e23a25204a77030259d1ada2560d5,miguelinux314_experiment-notebook
2252,89c7e0f2c4090f5dc9eb6848d971e0734b6d4749,miguelinux314_experiment-notebook
2253,89d393017cad829dba2f16b5ff6e08e96629ad48,miguelinux314_experiment-notebook
2254,89d4d819f44106e88ab7d9ad6e743328c138d1e3,miguelinux314_experiment-notebook
2255,89dd22324777b860fc65dbff8586a9895ec91642,miguelinux314_experiment-notebook
2256,89e8eaedcb754cea1598760b4edab3342245f03b,miguelinux314_experiment-notebook
2257,89f7a56e8b8f167a8976b5e347933a17a130112d,miguelinux314_experiment-notebook
2258,89ffca164894622fbf48d88d1a105c38fc630c82,miguelinux314_experiment-notebook
2259,8a098c66c54d95dcb1d01772e3d8f7c08a15eb97,miguelinux314_experiment-notebook
2260,8a11d99c3c90a2128c47bc633bc503dee35ad10a,miguelinux314_experiment-notebook
2261,8a21c3650a7a44dab0ca1e5a4497117bf98f7dcf,miguelinux314_experiment-notebook
2262,8a3fb24bf51daf8bd99ae5f7eca96b15e611dfc6,miguelinux314_experiment-notebook
2263,8a56127c633dba39155c7b34554e044e95aa68d9,miguelinux314_experiment-notebook
2264,8a6b230f53f950913c2215121fa441be5e945c60,miguelinux314_experiment-notebook
2265,8a726bd26159ce86d469cc8797495e4b34c2a508,miguelinux314_experiment-notebook
2266,8a729f8492d29b372c1570445eceee480ddd9c0f,miguelinux314_experiment-notebook
2267,8a74ccd41e15fe2df2a0d307e73bba7a1a5db1aa,miguelinux314_experiment-notebook
2268,8a7a7f66745c5f2608d7a0d3c75b2f9e2f807c1c,miguelinux314_experiment-notebook
2269,8a8b8377b1a8819fc228eed03ddad2472aecada5,miguelinux314_experiment-notebook
2270,8a9f636eb7ffa6d49dcb2b260f831de39b5718fc,miguelinux314_experiment-notebook
2271,8aaa2f20b1c6c724ab86351f2f3fca29f88078a3,miguelinux314_experiment-notebook
2272,8ab97c569f565bf4567538559bcd12b972788c12,miguelinux314_experiment-notebook
2273,8abcadff616a5f6bf35b5154a03e86471756a3cf,miguelinux314_experiment-notebook
2274,8ac4ab8f5a9ea56ac3bce36788484c17e08ce555,miguelinux314_experiment-notebook
2275,8ac75f2fac1eee4d94a6b6876cbf65663e65a8cf,miguelinux314_experiment-notebook
2276,8b016173e8903d3b4682709f55ca299bf84aac0c,miguelinux314_experiment-notebook
2277,8b0f3c4636b68bab76f3f3522fa348eef9150933,miguelinux314_experiment-notebook
2278,8b4a9ae7086a22a86c456e0cc7808de9645ba1ac,miguelinux314_experiment-notebook
2279,8b4b62819daf50ed88f0cba8d9ca4ae91a97e011,miguelinux314_experiment-notebook
2280,8b55e92cae822f676f07d84f83a810cd37657dad,miguelinux314_experiment-notebook
2281,8b6e7c59dd6c84b5d0dbea9f50bdd5e6bd85afd5,miguelinux314_experiment-notebook
2282,8b9b02fe72a0005e66f1442dbf3c15c2842ec844,miguelinux314_experiment-notebook
2283,8bad0fd6711644c1dd629b639e20913508200998,miguelinux314_experiment-notebook
2284,8baf1fab34f3fb9ed29704f3ec75da15ac9e85f0,miguelinux314_experiment-notebook
2285,8bd34e7ba9e9e424ec0c71f010a67659d80695c2,miguelinux314_experiment-notebook
2286,8bddb009c908f4739eeb1a6b7fe60969d925dc99,miguelinux314_experiment-notebook
2287,8bf06622c8aae3271eb1180511081a3719fb43e0,miguelinux314_experiment-notebook
2288,8bf0da44de1954e1ee5ed0a25e502573ea06f634,miguelinux314_experiment-notebook
2289,8c270198d8cfd18affcb6d3732269819d687d788,miguelinux314_experiment-notebook
2290,8c2a5821524f36bb99b4576a8120cf962d784938,miguelinux314_experiment-notebook
2291,8c41019389eb91256ec063be752e7e629588da89,miguelinux314_experiment-notebook
2292,8c41d9ef94ac6a2dbf3f08cf6d831f71168c0189,miguelinux314_experiment-notebook
2293,8c4be2a035e1fa0230258c97b97c7ee7dcf0d0d5,miguelinux314_experiment-notebook
2294,8c6d2791720ba04475b5a41a872e31350bf3f7e9,miguelinux314_experiment-notebook
2295,8c971008733ad9565f1b00db4d955db0db0fb6a0,miguelinux314_experiment-notebook
2296,8ca3a6b9bcaf34e47499bffa61acef78e33a23cc,miguelinux314_experiment-notebook
2297,8ca6caa5e43dea40bb9096f93fcd2b62f82d1fa0,miguelinux314_experiment-notebook
2298,8ca85e013ee7f6c932a55c6a1b8d903a9635fc0f,miguelinux314_experiment-notebook
2299,8cabcce9e2773f3aa401b09d2d4f5ac3fa785e1f,miguelinux314_experiment-notebook
2300,8cad4fe8247291e9316e0d0103a20becd7b3bb18,miguelinux314_experiment-notebook
2301,8cb4c60d4955886f89ac07329e5c700d1853d2f0,miguelinux314_experiment-notebook
2302,8cbc60726a92a0e5ff4da7de906f2a53b4e64f74,miguelinux314_experiment-notebook
2303,8cc19c744e6b72e9b14e191425f578ccb185d616,miguelinux314_experiment-notebook
2304,8cdc28b0bfc17892bf9b153a38ef8dfcf9f4e355,miguelinux314_experiment-notebook
2305,8cdf659f54f9dbdd826bf9242293aa306f878e3b,miguelinux314_experiment-notebook
2306,8ce58fbf683a9455b796382841f072763ea7fbae,miguelinux314_experiment-notebook
2307,8cf6aa119285dc734723761fdf112761b445aa47,miguelinux314_experiment-notebook
2308,8d05a0d4c6e4be60f9aa9b3e6e70b9e221c9436a,miguelinux314_experiment-notebook
2309,8d083b9e47811abf0d085685cfddc833b0948dfc,miguelinux314_experiment-notebook
2310,8d2afbc3e3dd24366eb343b32eda75dcb0c7f807,miguelinux314_experiment-notebook
2311,8d2dd29262d5f91f2572201037d94236fc680bd9,miguelinux314_experiment-notebook
2312,8d36bb2c8993755688f447c5de6a9fefa7a57591,miguelinux314_experiment-notebook
2313,8d3cfbad0cea4602eb523421c7fe209fc121eea4,miguelinux314_experiment-notebook
2314,8d40539623549f3c47353e703b58dc9261246a47,miguelinux314_experiment-notebook
2315,8d47ffb3db993333aa52e6d1cc8def41ac05e6e5,miguelinux314_experiment-notebook
2316,8d53517828c1fc4be80ff642c035fdf1d9e702b6,miguelinux314_experiment-notebook
2317,8d58b9138dc116ed64b551931fad866e194040da,miguelinux314_experiment-notebook
2318,8dba8423b216409edbff4a520a3a983a4fa66a4d,miguelinux314_experiment-notebook
2319,8dec2689651e261edb7ee1671e0eb2b80732477f,miguelinux314_experiment-notebook
2320,8e01df773d291bf45899e576bd9282d284ef881e,miguelinux314_experiment-notebook
2321,8e03ac10a9f1f549cf7a2bb35a5f3e38c7a69318,miguelinux314_experiment-notebook
2322,8e0cc2bc291ac0234e3c6b3550e3dba027643db6,miguelinux314_experiment-notebook
2323,8e2599b8f744f382a41a027a4daddfbb30bdc8e6,miguelinux314_experiment-notebook
2324,8e2945f72448ba21637694d71803c28d9d3bc1b1,miguelinux314_experiment-notebook
2325,8e2d0eeead171e8911365253f3c70b85d1ad6a16,miguelinux314_experiment-notebook
2326,8e457826a2b497589b5faddc056c1d551607aed9,miguelinux314_experiment-notebook
2327,8e4ec767fb2659b48065d668b46823b8d0c059ad,miguelinux314_experiment-notebook
2328,8e5c3d61d9ace24d168543af203c22d242925df4,miguelinux314_experiment-notebook
2329,8e6c8c46de12db59cf096c44e69988afa42829c4,miguelinux314_experiment-notebook
2330,8e8ed968777337dd31a39f612993ce99f330b25d,miguelinux314_experiment-notebook
2331,8ecdb0b4fedcb3863ffd6fc31dc677e269421ed0,miguelinux314_experiment-notebook
2332,8ece845073deb87b4ea32fa20a26adade66ca731,miguelinux314_experiment-notebook
2333,8eddba628d8b2e03dd396d63abd1843c9220fc1c,miguelinux314_experiment-notebook
2334,8ee216de4c17cd4005d363eb330a4bbaa1f5e82d,miguelinux314_experiment-notebook
2335,8f18d53a846b54892c74fb3d99b4d3cbb4787b39,miguelinux314_experiment-notebook
2336,8f2f83d9b1921762dc086236b07d94f13c951cb0,miguelinux314_experiment-notebook
2337,8f311c867007646a9728f67d296422b699bdf8cb,miguelinux314_experiment-notebook
2338,8f42193ca178af3be2fa483545c407c053123737,miguelinux314_experiment-notebook
2339,8f4c691ad6413978460e8c8527b01e385d58b01d,miguelinux314_experiment-notebook
2340,8f53fcae6c712cd9e98c9acca6b0ca4b78e53ae1,miguelinux314_experiment-notebook
2341,8f74978690e68667571b39edbd2934cc9568892b,miguelinux314_experiment-notebook
2342,8f752ae1f9e23fc50ea3fcdd1caece34adb80154,miguelinux314_experiment-notebook
2343,8f77e0cdea9998ef0f08760f4dabc548f42ae573,miguelinux314_experiment-notebook
2344,8f7b67ec3a0e3bdc1840f7279ed5977c8f7fcea1,miguelinux314_experiment-notebook
2345,8fbef59423171f86dc230eb9ddb7e84b3d767564,miguelinux314_experiment-notebook
2346,8fd0cebef022d86f313d2e6524698674006c7972,miguelinux314_experiment-notebook
2347,8fe4af6f0b11df230dac0ed3aa33ef0d54475912,miguelinux314_experiment-notebook
2348,8ff5314fe40c912acea5cf9c4f6bc6a842267365,miguelinux314_experiment-notebook
2349,8ff72182e7b195608d49b34fae0e8f4071322550,miguelinux314_experiment-notebook
2350,9002007444d827e2fc0625bfb0d85694bb32b34e,miguelinux314_experiment-notebook
2351,900c568f8d7db40aae7c4a28d57f1762501241b3,miguelinux314_experiment-notebook
2352,902f2f19706307ec1dcbc4d1c3baca5a54250f3d,miguelinux314_experiment-notebook
2353,90318d408b04b5ca11353bdea9b8c7b13322c83e,miguelinux314_experiment-notebook
2354,9035706b8a5416c96cbf5cd048baae6ff6060caa,miguelinux314_experiment-notebook
2355,90363f3d18d1489bdba3740765a778b327cf329c,miguelinux314_experiment-notebook
2356,903d5561be27f95e0e7e1e927ae2e767f4263cbc,miguelinux314_experiment-notebook
2357,904db2b1be33c6d458223bc11e690e9aa9a0f872,miguelinux314_experiment-notebook
2358,9050554564cfdb817a09163ebf37c96592bf1148,miguelinux314_experiment-notebook
2359,90546a53ac1e9f8daba3a4cdf13c891cdb9b4f40,miguelinux314_experiment-notebook
2360,9058ce08773e24d450141534dcf9c074b9622d60,miguelinux314_experiment-notebook
2361,90591bb9280645201253ee9ece449a155572746b,miguelinux314_experiment-notebook
2362,905aeb55657796d495f87a748094111330774b23,miguelinux314_experiment-notebook
2363,9072aa6a34958b3883806c216229fa67bd47c3eb,miguelinux314_experiment-notebook
2364,9090629d1834805a2255ecfe2126dbf1be91daab,miguelinux314_experiment-notebook
2365,9098d603cae926cfd8535992a8346e8362bb9bdb,miguelinux314_experiment-notebook
2366,909a309cbc2c0f55f4b0d3eb13dc7b29abf276eb,miguelinux314_experiment-notebook
2367,909c8fa911b1aba0dd418445a5f431b13d865cc8,miguelinux314_experiment-notebook
2368,90a1c816d06038875baab65fa9b266dd5b48da98,miguelinux314_experiment-notebook
2369,90a610e9f38212b78e5170ada30cc4fb41371b94,miguelinux314_experiment-notebook
2370,90cf1bc9847f9741d7c476eb479b573f8a998c22,miguelinux314_experiment-notebook
2371,90d018e153f14a08540512b824eb941eca077321,miguelinux314_experiment-notebook
2372,9109ddf08538afef85e489ce7ef86f8e937f91ec,miguelinux314_experiment-notebook
2373,910b86d6228f4b334f7271b4d02bffd89041ede6,miguelinux314_experiment-notebook
2374,913507d1fc3bcb6e69c5651a4c0604a0497c23f0,miguelinux314_experiment-notebook
2375,9145d026fc5f63c7af77d4aa96cb8a5f78281a13,miguelinux314_experiment-notebook
2376,914fff0a69a6bdf58129663deb1f909fa33c6860,miguelinux314_experiment-notebook
2377,91670e55f233f9a691fb582eb96f60523607bfee,miguelinux314_experiment-notebook
2378,917bc3b88ddcfdd6a15dd62746dee04a39195d33,miguelinux314_experiment-notebook
2379,9181f4df250b9e670683489663c6a5f15bb47ff7,miguelinux314_experiment-notebook
2380,918f2b41c18eadbff7b9ce6c21242cf10765e45f,miguelinux314_experiment-notebook
2381,9196fa38941065e0fdef7e662ad7f5320fc827a1,miguelinux314_experiment-notebook
2382,919aaeb8d63d0ccf3d2907e2c9ca0d0070bcbd3d,miguelinux314_experiment-notebook
2383,919f8342b8a062f194ace1acfcd27d86f67d37f3,miguelinux314_experiment-notebook
2384,91b1692276ce66d85483e7cb0c9a4bce999fd213,miguelinux314_experiment-notebook
2385,91bc0e9e71034a44c5b19b14f003511b9c5376d1,miguelinux314_experiment-notebook
2386,91cac601b6ce038932b558a515cfa5864c761d9a,miguelinux314_experiment-notebook
2387,91e0933b8cf8b6625365b628df53f9d76f02ce55,miguelinux314_experiment-notebook
2388,9225288b678b84a197883a1e5d3ce81bc2576d03,miguelinux314_experiment-notebook
2389,9231011186b8fac24f8a434a18068cd64b1f1d53,miguelinux314_experiment-notebook
2390,924e9957d1f5ddae437fcf61280b1e8e20de318f,miguelinux314_experiment-notebook
2391,9271c73385c8c83ff554009d590f3b415a4e2a2e,miguelinux314_experiment-notebook
2392,92726cd956b6d38127933c49ea3d9733499f61cc,miguelinux314_experiment-notebook
2393,927425bcd585246302f76165201a0b5ed977995b,miguelinux314_experiment-notebook
2394,92a6ff83b8adc88635ff21435c41582b030c7041,miguelinux314_experiment-notebook
2395,92ab73ff5d2fdc43895e8fca89b8ecb33db92f72,miguelinux314_experiment-notebook
2396,92acae43416202831461cdd703086e6290ca585a,miguelinux314_experiment-notebook
2397,92adfc71f278b2a3f36d19d6c028b016689b9f88,miguelinux314_experiment-notebook
2398,92b2a5358187b656eb0a7c0823a51a0fba457092,miguelinux314_experiment-notebook
2399,92b6355735b5d23156f3cf4cc2681ea4cfa2039a,miguelinux314_experiment-notebook
2400,92b82455215fe1dd7fd76e5d4f8fd63ae23206e7,miguelinux314_experiment-notebook
2401,92bc5241167dcba71f3959d14684e8e5f27a3379,miguelinux314_experiment-notebook
2402,92c28ee3ebd1e6bc2b78a5f038175f0b542e48fd,miguelinux314_experiment-notebook
2403,92d015cbaaedf4ea4159a0d3ae296c142fde8073,miguelinux314_experiment-notebook
2404,92f9712bd3ed25a71ef647dde8e69fba94958728,miguelinux314_experiment-notebook
2405,9308995ae6617fab690d4bde4d4c191c8ae054b7,miguelinux314_experiment-notebook
2406,9320ac9e28f1ce99d8a585fc3ba5a41fd447e578,miguelinux314_experiment-notebook
2407,934192fd18e75f4070c62ac22cec8067e28943fe,miguelinux314_experiment-notebook
2408,93661b825d82c74f331443c49c707972b0854233,miguelinux314_experiment-notebook
2409,93692ba583844e1240e29c9e68c595a5303f0087,miguelinux314_experiment-notebook
2410,937f4ac53a9a126510cf7e0235e89b47554cb6e6,miguelinux314_experiment-notebook
2411,939da5e42e5594d24b154788f6510d49f60f33af,miguelinux314_experiment-notebook
2412,93a91b3ad01ced81099d61e33597ac6a2d75d111,miguelinux314_experiment-notebook
2413,93c61ee360f57203d6c074f22d00fe0d2bb90405,miguelinux314_experiment-notebook
2414,93cbc5eaed99f08402e6cd66f0ee9f7a8eb8bab7,miguelinux314_experiment-notebook
2415,93dba2c761dec38208f323fa7f9d2e60ceaa3aa1,miguelinux314_experiment-notebook
2416,93dc38d85545cc4efe7c551fe9157c0e5598c007,miguelinux314_experiment-notebook
2417,942513d646aec486f0c26dc98a5a1ad4005c9dcc,miguelinux314_experiment-notebook
2418,9433cae8a834f8dd7c7ed38851fa2c8f48eb1963,miguelinux314_experiment-notebook
2419,9463517f816f45b9db69d8269e07d2e8f5296210,miguelinux314_experiment-notebook
2420,946df8f103854b32bd9ee19320a477d8f0160b69,miguelinux314_experiment-notebook
2421,947c80d37950a18f30c96f0875a5aba2b161d41c,miguelinux314_experiment-notebook
2422,94920bda3047c68499ceec600e7a070a99fdf385,miguelinux314_experiment-notebook
2423,94ac9789f69e5b2fe9428b3c878a5452940f76e6,miguelinux314_experiment-notebook
2424,94b40cbcf1f43c39c82fe26e4120bbe6483f4f3c,miguelinux314_experiment-notebook
2425,94b7d010274bf4a9760453a86e35c0c1235f63a0,miguelinux314_experiment-notebook
2426,94c3aae02b615994a3bf67d0e828a1cc69afaabe,miguelinux314_experiment-notebook
2427,94cec902ac199bc9a49349ecdee4c1656879df2b,miguelinux314_experiment-notebook
2428,94dd6d10914cfdd39184b3567737b4786c4a3b53,miguelinux314_experiment-notebook
2429,94de1ef4d9e8d11103169ba0fb8f583a496c7bcf,miguelinux314_experiment-notebook
2430,94e308f053993c0492120c4cb4b128f752e84884,miguelinux314_experiment-notebook
2431,94e949243d3ef4a186dc23743a0d185058131abd,miguelinux314_experiment-notebook
2432,94ebc8b6e83e2fad97670fbb6678b79e2ba0c5c6,miguelinux314_experiment-notebook
2433,94ee11f086ee8f7725f41cce323103d9e5e10012,miguelinux314_experiment-notebook
2434,94f0a1f7f0b6d25405ba9644c7622b6273984a54,miguelinux314_experiment-notebook
2435,94f7ea5d8f0e0e6e949a6a4a16cf9abecd8c3e7c,miguelinux314_experiment-notebook
2436,94f818d22e431f6da4f3937610b5ed06d8e86c43,miguelinux314_experiment-notebook
2437,951111775cad0c968b5d95d0ef05fad36d6ee45b,miguelinux314_experiment-notebook
2438,95154f1871bae2b8de73d0725b90f176e1af4b34,miguelinux314_experiment-notebook
2439,95199d6f2956ae6aa4f4541b64e570cf3c147ed9,miguelinux314_experiment-notebook
2440,951ba1c307f65b705d94accab197391debd3df6b,miguelinux314_experiment-notebook
2441,95244b34f9d0254555279a660e73e0f7560f6245,miguelinux314_experiment-notebook
2442,953d1b6c5716422e6dd66cd59ee10e27aef6251a,miguelinux314_experiment-notebook
2443,953fe52e289053a5e82994d6882b38d6b1c844fe,miguelinux314_experiment-notebook
2444,95504a4044491847fb4da1de50ff77dae6c24cd2,miguelinux314_experiment-notebook
2445,95612788b20aa3aceb402f9ff68d7ddf7858dd7c,miguelinux314_experiment-notebook
2446,9571c15270868aaa757afc159ea4df59ceb07dda,miguelinux314_experiment-notebook
2447,957d0c39013c5841ae406b08f184b1e58a77f1d4,miguelinux314_experiment-notebook
2448,957fa280407144b07202514db58b5b715f5fdbb8,miguelinux314_experiment-notebook
2449,95aa1366c57a1e97ed488aa97d1ee509dc67deae,miguelinux314_experiment-notebook
2450,95ae03c96a59fc0e4e00649839a1c6fd865202a4,miguelinux314_experiment-notebook
2451,95d99bdd562b2c32cb209c1520bbcc9858586abf,miguelinux314_experiment-notebook
2452,95e1ba99eee7f730da90da54e2b5e84172924517,miguelinux314_experiment-notebook
2453,95f4f07ba3ec8f102b5d10f2497a01d5ea864f1e,miguelinux314_experiment-notebook
2454,96120084d6a1bc73f3fda1f4d165b06a94961fd9,miguelinux314_experiment-notebook
2455,96181831d68f9005330e7f937ecbad5f8e2a18bf,miguelinux314_experiment-notebook
2456,9638ea8db02f9dbd5683c0ace4fa1bae6914774a,miguelinux314_experiment-notebook
2457,9647e13c574c435755880dfb2b0a768f99cb4951,miguelinux314_experiment-notebook
2458,9656a251f2f2d39e5fa2423e8efaae8271664792,miguelinux314_experiment-notebook
2459,96632a5374f9c66b77dedd8554b5b4fe3e807ddd,miguelinux314_experiment-notebook
2460,966a5d6b9179e827f1cb0151a2694c8335f8ffb2,miguelinux314_experiment-notebook
2461,968364ff48955ec3cba1279d1e2dd2e38eb9aa66,miguelinux314_experiment-notebook
2462,968f0c1d92331f1a1ecca7acde7883c3f4ff4df5,miguelinux314_experiment-notebook
2463,96baf7408782a52e390dc00b90108758a07d2afd,miguelinux314_experiment-notebook
2464,96c45022ffeb0d231c539aa517a044fddcd3e661,miguelinux314_experiment-notebook
2465,96db055bbdf473c4da872da5443650b3538335af,miguelinux314_experiment-notebook
2466,97011a564ea89f2fb8f2aaffb1e4b994f046bb51,miguelinux314_experiment-notebook
2467,9724b04451cf3b0264741cf2da5dc28f07bcac04,miguelinux314_experiment-notebook
2468,972882377ccc165e69f4653e269273d2c3db05aa,miguelinux314_experiment-notebook
2469,972f73a4b21f8148c24b579c6ce72fd33237097d,miguelinux314_experiment-notebook
2470,974996e125f4cd001418275d3b1ea49b738fbe2e,miguelinux314_experiment-notebook
2471,9759d3e22c7051bdd90063fc36b56f47de2daa8a,miguelinux314_experiment-notebook
2472,977706efb2c7004043dabf4dee5e79089a4409e2,miguelinux314_experiment-notebook
2473,9796e4a439607fac3c7401ce2393f859779f4120,miguelinux314_experiment-notebook
2474,979fbccefac3144c261d0304b30a34aae28d935a,miguelinux314_experiment-notebook
2475,97cf81f727ca00311bb87b3266f4ff97bcdfdb4d,miguelinux314_experiment-notebook
2476,97dce029b2ac660da332934ae5effa41a9aa5eb9,miguelinux314_experiment-notebook
2477,97e33f6960412be6907a30d65fbe5b9ba5d68673,miguelinux314_experiment-notebook
2478,97fa7042bf5729d276e6e98609959b97f8ed216a,miguelinux314_experiment-notebook
2479,9805a3e5b4785bba27d5cb3ecbd2eaa4b7d20725,miguelinux314_experiment-notebook
2480,9811cea128b5eaeb3f1a5841f1b771bdbe5f7356,miguelinux314_experiment-notebook
2481,9821c12346981e4dbccea54902df4d5e4037f175,miguelinux314_experiment-notebook
2482,983964ba5ba8266839969192e18cadea1fbd1795,miguelinux314_experiment-notebook
2483,986d65111f633ece93f6c13c696c619e92e0c25f,miguelinux314_experiment-notebook
2484,987dba44922e64a11a88678e2b8604698f2b19c8,miguelinux314_experiment-notebook
2485,9882718af967f25249a5a60b1ed8cb86a55d467f,miguelinux314_experiment-notebook
2486,98a404fbdd1aecd162b92319bedb838173ecd90b,miguelinux314_experiment-notebook
2487,98a9ee5212d2c6841ee5595ecbc906660826d4ff,miguelinux314_experiment-notebook
2488,98ace23bce5dcd7fabec37533acdbdfd5ac2d02f,miguelinux314_experiment-notebook
2489,98af4951bc732b0cc463e0f7a769c8e0d87fc267,miguelinux314_experiment-notebook
2490,98b23af34e6d0953a84b1a65e14cd6ab92607411,miguelinux314_experiment-notebook
2491,98bebecce25ed77736288be756984feac6b99777,miguelinux314_experiment-notebook
2492,98d9131cef262ba73bb8b9ce88c08c7d6e07659a,miguelinux314_experiment-notebook
2493,98e38e9f4ae7d0a92f09f620734e513b79a54757,miguelinux314_experiment-notebook
2494,99027ac263df8e2ec3da689655d8b9260ad956e8,miguelinux314_experiment-notebook
2495,99063b8ae2fc2773f597429d5ef7af355d02455a,miguelinux314_experiment-notebook
2496,99189475c57c3c0e2d96340e43fb91905a8f318b,miguelinux314_experiment-notebook
2497,9931a5ac129907e21517d4e6c016efde9bf4bd95,miguelinux314_experiment-notebook
2498,9942cba6455b76198e609698e2a33dfab5110347,miguelinux314_experiment-notebook
2499,99433b67b4d26b6475f49f316e07c04a437a20a8,miguelinux314_experiment-notebook
2500,99552062393e6ff01e0e29ec2601c28c43d53981,miguelinux314_experiment-notebook
2501,997077cb4502cba2fe2fa26e3292b359a9ccf9fc,miguelinux314_experiment-notebook
2502,99891ea1e9ebac1e839fd647ef84f21c405572fa,miguelinux314_experiment-notebook
2503,999386c24fabd08ea3659a2e71d394257d320899,miguelinux314_experiment-notebook
2504,9995235c118b3965f1046a4e7a77db49f38d9a42,miguelinux314_experiment-notebook
2505,99a2cd663ad3f126e5bd86c3f4e4fa5258d7b31f,miguelinux314_experiment-notebook
2506,99afef50eed31272c672b7808935785b13cfc834,miguelinux314_experiment-notebook
2507,99b2fe25e3f9997e070103d8bb76a761cecff4c3,miguelinux314_experiment-notebook
2508,99b4b8f696ab7c70ce11357878c1ce45a60b1986,miguelinux314_experiment-notebook
2509,99bcfb8c9061e9c47a1364bdc338569dcc8166af,miguelinux314_experiment-notebook
2510,99befb87cbd19a61c74976ad3e608ff6b42da03e,miguelinux314_experiment-notebook
2511,99eb0b2dc6a2d5a92c23253ab03d92d66daf7d3b,miguelinux314_experiment-notebook
2512,99f0691c75f52b22cc260dc4d879e1169e4409dd,miguelinux314_experiment-notebook
2513,99fae8a7b2fe8c886f8474956da247c5df3bbea5,miguelinux314_experiment-notebook
2514,99fd47d42282bff874f21319a75ab4f3ef737ba4,miguelinux314_experiment-notebook
2515,9a04e191fedf6fbaf25e24ec405b501bdb25dc91,miguelinux314_experiment-notebook
2516,9a119911e1584b0e20c46a15ca0203eb2180f928,miguelinux314_experiment-notebook
2517,9a338c1337fdf4a4930edddb70a9f828d7341af5,miguelinux314_experiment-notebook
2518,9a54264dffd7759a4edd8dc63411221ad3bca084,miguelinux314_experiment-notebook
2519,9a561fcf93fdfc6d62bcf09bafa849dc11a067ca,miguelinux314_experiment-notebook
2520,9a59cea94103616fc1d6de8238a722c6a93e1a0d,miguelinux314_experiment-notebook
2521,9a62a00ed98fd0423d9d0b3577ae3a0d37aa1d97,miguelinux314_experiment-notebook
2522,9a6c74abdc2c493622689429ab008a744f5dfb92,miguelinux314_experiment-notebook
2523,9a745e77ed0c4a0dd3f169eaa0b5a09442724823,miguelinux314_experiment-notebook
2524,9a7b06e9c065e10b68ff84588d03d95644909ea1,miguelinux314_experiment-notebook
2525,9a83923600d131e78c0ff31c210f630a21b4380c,miguelinux314_experiment-notebook
2526,9a90d967983e21d44de93c373989685628e88406,miguelinux314_experiment-notebook
2527,9a962187e256814444159fb528bfe13caeb58c34,miguelinux314_experiment-notebook
2528,9aa48042e502d4dcc18fcb6e74c8ad5ef458bc48,miguelinux314_experiment-notebook
2529,9aa7449d0269dc76861b2f9428c133f7d5383e80,miguelinux314_experiment-notebook
2530,9aa7e559374dde59a46ae6e3d183c8ea0e242217,miguelinux314_experiment-notebook
2531,9aa8f992ace2659e4460bd4bbfcdbbe4de57629a,miguelinux314_experiment-notebook
2532,9ac4f65aae47c8e6d33df4961df00ca73001c378,miguelinux314_experiment-notebook
2533,9acfef16cc889a20f8601274623755d2338bb367,miguelinux314_experiment-notebook
2534,9ad84d70d3fd43a4f4a438ebf983de7be6293c8f,miguelinux314_experiment-notebook
2535,9ad900ec7d2f102a8977255886e79a9898fe307c,miguelinux314_experiment-notebook
2536,9ae0408dceea118f2dfc6f483d5e9c5867860776,miguelinux314_experiment-notebook
2537,9af359d4f4bba3dc2cfc60dc15cbecd84947c7d4,miguelinux314_experiment-notebook
2538,9b0353a0f21db7fd08a259ef82c76127436eac86,miguelinux314_experiment-notebook
2539,9b1255c4e0cc0d49420f319befaf4465a128f820,miguelinux314_experiment-notebook
2540,9b2eb31d757ae373b0c75412227ed061eafb3bc9,miguelinux314_experiment-notebook
2541,9b30c012eb9d34fe5d67a11f9e00c5ea17ecb385,miguelinux314_experiment-notebook
2542,9b3414615b9e2ce677d634058c4665e924217c4b,miguelinux314_experiment-notebook
2543,9b34678e94c354818a489658485f7621439e3fa1,miguelinux314_experiment-notebook
2544,9b39e29d0b7a6bac6c6918d07b99e51771fa9f91,miguelinux314_experiment-notebook
2545,9b565f7159f84539a9d497c7cea60bfff8e3b921,miguelinux314_experiment-notebook
2546,9b64df6bb023f34838cbc4b203d8f81d6df4c0ff,miguelinux314_experiment-notebook
2547,9b7c52c7ae0d9e3ebf792e245832f18de805c168,miguelinux314_experiment-notebook
2548,9b7e1c93077bc0d35a8f09f3c52169379aaa6151,miguelinux314_experiment-notebook
2549,9b8001cb55f34843f2171a3c7167e2c75060add1,miguelinux314_experiment-notebook
2550,9b859cb56114adb2f543a35e45f1e38aca0287b6,miguelinux314_experiment-notebook
2551,9b9aec0e4516a74a8806734f7bd3b534b0efbee0,miguelinux314_experiment-notebook
2552,9ba899052b69ddc6c8065dcc514d7adcf72c3098,miguelinux314_experiment-notebook
2553,9bcd79e01fb25a3904b4486f0201779ba1552a44,miguelinux314_experiment-notebook
2554,9bdf8dcbbbebb43cd8cfd083cabe17879b959062,miguelinux314_experiment-notebook
2555,9c19105975aecca763170e82b44bc01b82fc9820,miguelinux314_experiment-notebook
2556,9c4bc437546c219eee0270fa0d4a90700dea4f74,miguelinux314_experiment-notebook
2557,9c5544dc9e46b52b1fa982ce06b91ddf8a48be03,miguelinux314_experiment-notebook
2558,9c6d0b48569f11e27a6928867b48cac168c4083e,miguelinux314_experiment-notebook
2559,9c8dec4d1ef526dca99207b9c1cb156cc90d37b1,miguelinux314_experiment-notebook
2560,9ca68e6a2e6ec535a347ac398f37047916869a5d,miguelinux314_experiment-notebook
2561,9cbca41e0051a59a575148114c80781e227c5861,miguelinux314_experiment-notebook
2562,9cc179f080ef7cff73cee0c5fc67d77712119b45,miguelinux314_experiment-notebook
2563,9cd4dedf4ee556125a61bc9a4d24fbca45f9ac44,miguelinux314_experiment-notebook
2564,9ce2bebb56fdafb5cdd541670db1bedbc9cdb322,miguelinux314_experiment-notebook
2565,9d0be51d5939ed9709a8a3599d0ce5cd346fa52e,miguelinux314_experiment-notebook
2566,9d0d0dce0c9242f2bc1fa45fe0b1a25a5b0221b2,miguelinux314_experiment-notebook
2567,9d29023a86e5591dde7eb1bb35aa01626e927681,miguelinux314_experiment-notebook
2568,9d4a1c07a1a93f426be1c771094711ae4317f9e9,miguelinux314_experiment-notebook
2569,9d6bbfef7550f8e2f768a4c6685d6f93f4138ba0,miguelinux314_experiment-notebook
2570,9d7f5a14dcb1e71aa3cb6f0740ae5cc2d04ee286,miguelinux314_experiment-notebook
2571,9d9859fc88f37ab84edff1e4cc67f776657f5207,miguelinux314_experiment-notebook
2572,9d9fbe8a934c1fe567d17016ad193460b718f206,miguelinux314_experiment-notebook
2573,9db753902feda651c3d1d787f1000aeb47f0d068,miguelinux314_experiment-notebook
2574,9dc4d42a471db43f738534e5b8e215fd974a67bd,miguelinux314_experiment-notebook
2575,9dd2ef76cabe5080f82f33480a3b065b715bf2bf,miguelinux314_experiment-notebook
2576,9dd3ccbef5aabd12c19c065de8624b665527be08,miguelinux314_experiment-notebook
2577,9dde23aae11ab4e4b74588ae597519f431a51c5a,miguelinux314_experiment-notebook
2578,9de0afb65567c8605be068ca3596cec880611016,miguelinux314_experiment-notebook
2579,9e0299939725dce61648697489e0b1cb67bc5127,miguelinux314_experiment-notebook
2580,9e2259ebf57a9ef3d47c638ff366cbd8beef9a98,miguelinux314_experiment-notebook
2581,9e3091d0f6b441584c57f5594f409d4de1d6f781,miguelinux314_experiment-notebook
2582,9e3d47bc85df2691878daf44a3a6a815f01c42a7,miguelinux314_experiment-notebook
2583,9e4431b5aed84c5a4b33a7f59457b86cb934c8c4,miguelinux314_experiment-notebook
2584,9e4c765183b80cd3a66eab365ff9fba555037461,miguelinux314_experiment-notebook
2585,9e5d164a9bccd8d4339da57c3c215ed8db311423,miguelinux314_experiment-notebook
2586,9e6cdb341a40aea7932a4aae85ce5209b0b9d067,miguelinux314_experiment-notebook
2587,9e80dfe4588d90bd03ad0fac342d3895a621e9a2,miguelinux314_experiment-notebook
2588,9ecaa77e3ab5d2060d2ff3d1b6629c878cfc72f3,miguelinux314_experiment-notebook
2589,9ed3050175d5bd400e1882d9a195e2f3da0a994a,miguelinux314_experiment-notebook
2590,9ef2d5c3f078db7265e8bbd128e4b7861eabeacf,miguelinux314_experiment-notebook
2591,9f10d5fe0360ba32a6a46023f728ffdf4e8f64ae,miguelinux314_experiment-notebook
2592,9f1d15d3bb28bd7802eb4a777142f3a9c3785b2b,miguelinux314_experiment-notebook
2593,9f331025fdd9eb75bddc454dd0d50ccbad35f233,miguelinux314_experiment-notebook
2594,9f45a8fba1bc6dd9a7490ce5c559ec06076139de,miguelinux314_experiment-notebook
2595,9f59ec80ad231f75dbfe1ecebcabeb5136bb4723,miguelinux314_experiment-notebook
2596,9f7028835bb28a0867ed856e87f90ab3c72c45c6,miguelinux314_experiment-notebook
2597,9f8c6313163866d57dd0c961f74bb685f1055510,miguelinux314_experiment-notebook
2598,9fa36179df480317b52410447847afe68d61a00a,miguelinux314_experiment-notebook
2599,9fb4221064d6ee984ad0187633e464a2d1fc4745,miguelinux314_experiment-notebook
2600,9fbc6f4db8f518470cfb87dfdccc3239547acf8e,miguelinux314_experiment-notebook
2601,9fbf11884cbf8b3de8e9e2f60c49340857786e27,miguelinux314_experiment-notebook
2602,9fc6529300a83d23d6116cf74ae2fe8b9eade1b0,miguelinux314_experiment-notebook
2603,9fe6b8a243553c926faa26a5c933e79de5387252,miguelinux314_experiment-notebook
2604,9fe6e63f5d26391e7884281ed46c7874c30300cc,miguelinux314_experiment-notebook
2605,9fe70723ba14c254932a6c5cb43dc218d4635e72,miguelinux314_experiment-notebook
2606,9ff968f97f9a0cecb90f82c5a4f0332cf800eed7,miguelinux314_experiment-notebook
2607,a011e1e5462bda3c8ec26ff0a7ec9388e472b07b,miguelinux314_experiment-notebook
2608,a012e617c6cd122be696f61468066778a1b8f326,miguelinux314_experiment-notebook
2609,a01ec9d95129762557bac97d793f3ac96d6c29e1,miguelinux314_experiment-notebook
2610,a01ffc3f971e96b4ca4e6e2ffb57a16b5b81b351,miguelinux314_experiment-notebook
2611,a0279f6b30f113ead1bc58d28c7ca420ee4f7858,miguelinux314_experiment-notebook
2612,a03844e5af6bc1c7979d2d7e6c460ac4fa3987a2,miguelinux314_experiment-notebook
2613,a06d0a5baf6b78c4229690af46727676100d16ff,miguelinux314_experiment-notebook
2614,a07850f92d291bcadca94ff7f8c2d48d6b8afca4,miguelinux314_experiment-notebook
2615,a080d07843d8e3ca04d4fb7eb552b57d87c62d23,miguelinux314_experiment-notebook
2616,a09296da454181b64d569acd9a90895264cb3b62,miguelinux314_experiment-notebook
2617,a099d2b34d53ed66fae02438f9ebdd461bdb3770,miguelinux314_experiment-notebook
2618,a09e889385daa0f0dea45156851e65328c811a48,miguelinux314_experiment-notebook
2619,a0b5bd044d762022af6dc58136d29c2f2acbaf32,miguelinux314_experiment-notebook
2620,a0b8f911b47ae402b7bc760c8a97372ca7e17931,miguelinux314_experiment-notebook
2621,a0bdc173426ba88596741ffdd6703b9dc7c758ef,miguelinux314_experiment-notebook
2622,a0cc9ca6f75a82a2cf86a98913fe2b6a80e85a0b,miguelinux314_experiment-notebook
2623,a0f2226a2192d2f8e4342bdeb6648742f8f53338,miguelinux314_experiment-notebook
2624,a0fa18c991c05196a16ca48a11f4839c0cb7734d,miguelinux314_experiment-notebook
2625,a11ef99804f7c26bf827c758bd1440602edc4813,miguelinux314_experiment-notebook
2626,a120d4840f8c162b09796d4aedf5678315043047,miguelinux314_experiment-notebook
2627,a1235aebf34af5e9d32d7ca684975ba256a41fae,miguelinux314_experiment-notebook
2628,a1302bc344feba24dfbf76987a8b19c4fa15d9d0,miguelinux314_experiment-notebook
2629,a150ed61b104aee271940bfc9836252530093f47,miguelinux314_experiment-notebook
2630,a169ff2f2f7f6bab1729ec6e26f4765af8c8ae42,miguelinux314_experiment-notebook
2631,a16b23b784585b76b86017e80d38045a9bd288a1,miguelinux314_experiment-notebook
2632,a171c10a9487fb58e9da533ae61fd284c91d11b7,miguelinux314_experiment-notebook
2633,a1877fafd0f9983b87b73e9387075df2e4a6f29f,miguelinux314_experiment-notebook
2634,a18e374b5625aa67cb14cf2e3202ac8a255a35e1,miguelinux314_experiment-notebook
2635,a1915bc34aac4a6d9d0ffa024d00337ce6a0c6ad,miguelinux314_experiment-notebook
2636,a1b47bd40875ea1534ed6cdec0bf6e4be5dc97b8,miguelinux314_experiment-notebook
2637,a1b8b0dd179f36da0217400b7711ab88e15ea9ab,miguelinux314_experiment-notebook
2638,a1d00391dfc616ce341260a96eccf3647d066789,miguelinux314_experiment-notebook
2639,a1d205fd43a57ec1926eb505a97e825ff7940c87,miguelinux314_experiment-notebook
2640,a1e8876f436fc3115528a80354bb8f82a646ef4e,miguelinux314_experiment-notebook
2641,a1ed68b825b3cda1105399d482731d18da6154cd,miguelinux314_experiment-notebook
2642,a1f4d2f619ffa216a226f95bd87242c61727ab83,miguelinux314_experiment-notebook
2643,a20137d4803da8eb633986a284b3e83152fc2e6f,miguelinux314_experiment-notebook
2644,a202c89d2c1283fe4eeaa81e572f88a71d471536,miguelinux314_experiment-notebook
2645,a20e50d50de6cb4ae3ddab35d346c039f3ae1db9,miguelinux314_experiment-notebook
2646,a23b87a4fa31769297908643f171ee249e83d7c2,miguelinux314_experiment-notebook
2647,a258fa4f432064bc48a0a9328de8ce3e46380643,miguelinux314_experiment-notebook
2648,a265c11164f75a790139d1b41c3459e647f24bd6,miguelinux314_experiment-notebook
2649,a26e189b2985d6565c4d8d411d55cecbf795007f,miguelinux314_experiment-notebook
2650,a2817f684f2ffd73b3db6d854e0aabd7e437768a,miguelinux314_experiment-notebook
2651,a2871a07b7f5cfcebe29ebf3a6b82753457e0c3f,miguelinux314_experiment-notebook
2652,a2a1ce6433632903eba8d29343acb03c1f0f5148,miguelinux314_experiment-notebook
2653,a2ac1dd83bf952a63124596d05bdd5003f88c62c,miguelinux314_experiment-notebook
2654,a2adafd66a234bceece05bacc7a0b3de50602724,miguelinux314_experiment-notebook
2655,a2c42703b50770ce3b78a86157ffee953d403fd8,miguelinux314_experiment-notebook
2656,a2ce05e9bdfd504a3e359e038aed1d669cec2aa1,miguelinux314_experiment-notebook
2657,a2d584ea4e79ff884b8a56ed5cc5d1925666e59d,miguelinux314_experiment-notebook
2658,a2dc3d6e994a82ddc822308e4d86ba4595b8ce87,miguelinux314_experiment-notebook
2659,a2e1b7edac01266fc4f72380e2d9a2b991ad0728,miguelinux314_experiment-notebook
2660,a301177609245221cba38391eaa55d753b9992ee,miguelinux314_experiment-notebook
2661,a30969232c708a8f25349dffe5544cdfb039cae0,miguelinux314_experiment-notebook
2662,a30f47ed13384170d3f5ce073989aa71eceeaac8,miguelinux314_experiment-notebook
2663,a319ea333e5fea82c9cd579d8f4d12ee3a6ebf96,miguelinux314_experiment-notebook
2664,a324226f9da2204785549b71e9d1d37e884ac30a,miguelinux314_experiment-notebook
2665,a332494992bc51df1f8706740df3cafd2c2b7002,miguelinux314_experiment-notebook
2666,a3a3cbd3f9beb861fd085b6581c7ccd0ca89927b,miguelinux314_experiment-notebook
2667,a3a660111d731be19c05f045af80e94755d25e3b,miguelinux314_experiment-notebook
2668,a3ab0e6bc0033a7831dfa004af6adf8d8a0db7d6,miguelinux314_experiment-notebook
2669,a3aceeec40ea547501175cca3ee6b556ae84b707,miguelinux314_experiment-notebook
2670,a3be4704e08dd2f44ab92ca055860835e4842d86,miguelinux314_experiment-notebook
2671,a3c779c92a2121a22d09e983fb06de5fec48318c,miguelinux314_experiment-notebook
2672,a3d24484238193181672c5ddeb80abba2989de3e,miguelinux314_experiment-notebook
2673,a3eee4eb1c210e92ba4a9c9399d2098cb4a3b728,miguelinux314_experiment-notebook
2674,a4047c318aaaf932fc1c9f1c76d3ab78d6a9d2dd,miguelinux314_experiment-notebook
2675,a406b04b68d419df7b07ff38afd10eb986bbe600,miguelinux314_experiment-notebook
2676,a4184b93bb798a7491cc31baf1c89d67e67ffe10,miguelinux314_experiment-notebook
2677,a432c4f55c01780e655605f92a38afd13ae41776,miguelinux314_experiment-notebook
2678,a433ec03389c40cf7767be4315cdc8e5986b326e,miguelinux314_experiment-notebook
2679,a4565486ed2b95b46dcf890c6699c028d402c4f7,miguelinux314_experiment-notebook
2680,a4683b78eade2480b7be6d672cc09c5fdddc9ab1,miguelinux314_experiment-notebook
2681,a46f8bfbe591151c4efa5a4e842f47187e91fd91,miguelinux314_experiment-notebook
2682,a47b35350b40ce7a12e92425cd83c4e86567c8bc,miguelinux314_experiment-notebook
2683,a48aadb89e4e06710a650d1474dd5118b61fda3c,miguelinux314_experiment-notebook
2684,a4a17ad56fd635ab3c163a33db6953775c89b71a,miguelinux314_experiment-notebook
2685,a4a4472f313dbca080c9d7e36497a1d24ae87b01,miguelinux314_experiment-notebook
2686,a4a7e64f4218f5344725324a008e3bcfb2afc500,miguelinux314_experiment-notebook
2687,a4b353a9be8e0e11fab575022642dce4dc01cd60,miguelinux314_experiment-notebook
2688,a4b81589433c9f2ff5dcc6fc559168e43d1ae8b6,miguelinux314_experiment-notebook
2689,a4d67ddba1b4d61475f4b448c5b66f65546fd468,miguelinux314_experiment-notebook
2690,a4eb4ac6c314e66253264f2377533fc3cd775ad0,miguelinux314_experiment-notebook
2691,a4eca7c245ba4badc10ee161d5718d595329e2af,miguelinux314_experiment-notebook
2692,a4f740e0bd196c1e72ccd5d38c58477450326bd4,miguelinux314_experiment-notebook
2693,a52781806a1a3ac83e1fb1b7b80c1a9514b74422,miguelinux314_experiment-notebook
2694,a531af93c795ca5b9c7a3fd80f59f382a058d3d2,miguelinux314_experiment-notebook
2695,a536fbe9a5efe61b7c834b7b7fc1fc7ee30f8494,miguelinux314_experiment-notebook
2696,a53e5bafeffbb0deff87dd6558101330ad9182b4,miguelinux314_experiment-notebook
2697,a544ca31c51a63a902e41aecf504e4fae8d8d80d,miguelinux314_experiment-notebook
2698,a546a4edbb418f029a90017a61b5b404bd29bcc7,miguelinux314_experiment-notebook
2699,a5495320642f0bc0a2d81f0ded88517ed87eed2a,miguelinux314_experiment-notebook
2700,a55615a53d5919ccd36df767a26417810a84a8e8,miguelinux314_experiment-notebook
2701,a564ee4764463edc50fbbddab16f17f74144fed6,miguelinux314_experiment-notebook
2702,a56fc37cbd7282e242697914d038ff09205dd3cf,miguelinux314_experiment-notebook
2703,a5807dfef913c6f23aefefc37d4bcbd153b9dec3,miguelinux314_experiment-notebook
2704,a583ec54fb699e8ef1b880b787f85fc51e5911b3,miguelinux314_experiment-notebook
2705,a593dcf3f82f5ea0e0d78648864fd8e6cbcebe5b,miguelinux314_experiment-notebook
2706,a5b3fc10c5a4157194968898b4456e7d6d5487b9,miguelinux314_experiment-notebook
2707,a5c93314ea042dec57bcb441877fb3e4c6241ea3,miguelinux314_experiment-notebook
2708,a5d02c7a0a633be38c690d3fc2fa32c345c4b9c0,miguelinux314_experiment-notebook
2709,a5d3a50764c83d757dffc1c5ba01d659b5ae4858,miguelinux314_experiment-notebook
2710,a5f0b2cacb8067955f3c565cf4b2db155ca1d77b,miguelinux314_experiment-notebook
2711,a60f433d10134b97e96cc0a1f60885e3df2d1cb9,miguelinux314_experiment-notebook
2712,a638ed40519845198114f509a5b880077ed5bdfe,miguelinux314_experiment-notebook
2713,a6551cea2a55ea8369e1f0561dcf1538f3a48cfe,miguelinux314_experiment-notebook
2714,a671396c4871436d0989edf1410103b92893edb3,miguelinux314_experiment-notebook
2715,a691b66586ad13177762f6574f11a41a5f537e58,miguelinux314_experiment-notebook
2716,a693db03b3fa6ba11ac1e22f659641bb02856fee,miguelinux314_experiment-notebook
2717,a69b23fcef74f9dc7e3574caa43adcddeaf60a33,miguelinux314_experiment-notebook
2718,a6a1067d907067622910de559348ea3434cae704,miguelinux314_experiment-notebook
2719,a6cc9ff6df01a7ed5b63bfa4d9966959ef9404ba,miguelinux314_experiment-notebook
2720,a6ee088f210b3a065f78fea1b691970c6a3b33a0,miguelinux314_experiment-notebook
2721,a708256736a1d289e6e6ca36315b10fa51fb61ab,miguelinux314_experiment-notebook
2722,a709da35f6e8bd014e831ea7d8b2c8829c0b36ef,miguelinux314_experiment-notebook
2723,a70a929d9c20acbc7dfcd8099293ff3d82b844fc,miguelinux314_experiment-notebook
2724,a70eceec1016eaa27dfa9cb84fbf9fc9438c1dec,miguelinux314_experiment-notebook
2725,a71c32b8f81b9777241b48f5b38d0931b11c13ce,miguelinux314_experiment-notebook
2726,a742912c9b51b2e117d4cb08d9a5894550412f54,miguelinux314_experiment-notebook
2727,a76263cb016c15ec6ba2f395ef84281d667affe0,miguelinux314_experiment-notebook
2728,a762c30a834fcd8ea04317b6afbb2305fcde801d,miguelinux314_experiment-notebook
2729,a76c039dd793706e6bc9fb3e4521061f796f81cf,miguelinux314_experiment-notebook
2730,a770c40826f492a0d560f4b0a16cc083134b7854,miguelinux314_experiment-notebook
2731,a7893792a64b5340bebd1c5ee1fb8455c7b3d2bf,miguelinux314_experiment-notebook
2732,a79005e942e2701b07562f48d3a34904d7d94e39,miguelinux314_experiment-notebook
2733,a7904cd98d485d1bf7910d43bd1f8ee25a58a2dd,miguelinux314_experiment-notebook
2734,a799f54fb30204613f34d310154c9db0190f5960,miguelinux314_experiment-notebook
2735,a79c1613ab00d5e0d53196c65778327159d4a169,miguelinux314_experiment-notebook
2736,a79f1b5d83588b34f9c5a13cf5e94dea0bbece8e,miguelinux314_experiment-notebook
2737,a7bbc876989830e84faed5af4fd2a12e6ed242f2,miguelinux314_experiment-notebook
2738,a7c3e3c324e0442044594ae2d40240d3577112cd,miguelinux314_experiment-notebook
2739,a806299217da6bdd436a284d6380f55c0f8ede94,miguelinux314_experiment-notebook
2740,a8378749836631b3a79881a682cf2a582db18f28,miguelinux314_experiment-notebook
2741,a84a6db85e1f6ff2ed213fa12b35eccb9e92a701,miguelinux314_experiment-notebook
2742,a8530732e217ef1d66beef32e8be9fe39e710051,miguelinux314_experiment-notebook
2743,a86663d26da6d455048356961ebf0b51b9c112b2,miguelinux314_experiment-notebook
2744,a8819d13ad91000cc2738e06bf86828717e829a8,miguelinux314_experiment-notebook
2745,a88d5b901a4a2ef533c9936fc6cd2c2290310ef4,miguelinux314_experiment-notebook
2746,a8a96a64c668a5745603e56718548d5ecba1ed97,miguelinux314_experiment-notebook
2747,a8afe3220c413647f9ca65baeacca3d855ffefb2,miguelinux314_experiment-notebook
2748,a8d45d427039f2bf26e7af166a7e8d72541f397a,miguelinux314_experiment-notebook
2749,a8dcf47b359f44dbbb09dee944035ad031c9ef38,miguelinux314_experiment-notebook
2750,a8f1c33e905935ec57fd7f9eb6d6c3c3f3e90c8c,miguelinux314_experiment-notebook
2751,a8f50ed781cb26635f77f5cd1ff4d0e5201cc78e,miguelinux314_experiment-notebook
2752,a8f56f3b06050d27b04ea521caf96f912331b957,miguelinux314_experiment-notebook
2753,a904b6607b79fafa2d8b9773f3dc67d3cae1cf13,miguelinux314_experiment-notebook
2754,a90dea4dfd1ea07edd41665c4e403c816c7a77b8,miguelinux314_experiment-notebook
2755,a916bcda0b63def1a3d6840376f2cbe8acac4485,miguelinux314_experiment-notebook
2756,a9277d12b15764f24ae57ad9ce2fdb2aeed63f6d,miguelinux314_experiment-notebook
2757,a9386ba5de6fdc243c92b1d8f345b168bae686e1,miguelinux314_experiment-notebook
2758,a956e8247bcc1cf23b570da6c83edca0369e59a7,miguelinux314_experiment-notebook
2759,a95bba3bbf6187c0a6344963992601c2f9d09360,miguelinux314_experiment-notebook
2760,a962cd0149c5258dbef0e6ae6198aef53e3c41e4,miguelinux314_experiment-notebook
2761,a970faa1df103f07344802bf30a5cc18481ca678,miguelinux314_experiment-notebook
2762,a9aa39575221a29a03e494b8506df4729664b580,miguelinux314_experiment-notebook
2763,a9b5fb18db05cf314fd8740ac8754a7766dec8d4,miguelinux314_experiment-notebook
2764,a9cb1c34ad3c1f2f78341ce697f57c0a748c73b1,miguelinux314_experiment-notebook
2765,a9d142a03e6eb929d782905592a59ef03e124d8e,miguelinux314_experiment-notebook
2766,a9df6ed04d19d15e8671ddc8d4e5e24824f928b3,miguelinux314_experiment-notebook
2767,a9e0419bfafaabe49e0691821bfa78b387cec0b0,miguelinux314_experiment-notebook
2768,a9f44704b04770ed37370f5d2e024cc6d8400cfe,miguelinux314_experiment-notebook
2769,aa1ad21230b88b5bb795ca6e7ab8243340d915ca,miguelinux314_experiment-notebook
2770,aa3039d280e6b866c2da4fc5f9d4e238e6fe7b9b,miguelinux314_experiment-notebook
2771,aa484c17f68340ac6f62bf78a147c3a2d2aeff16,miguelinux314_experiment-notebook
2772,aa4ee9ac0f657e5a6235dbc87ee662825b25c630,miguelinux314_experiment-notebook
2773,aa819f5020493c04c1901140e6ad50dbec185002,miguelinux314_experiment-notebook
2774,aa878bbaf35b3348adeea26e290911fae8b5478d,miguelinux314_experiment-notebook
2775,aa930d4c276ebf4bf98150dca82ad915ad3593e2,miguelinux314_experiment-notebook
2776,aa9378102d6f66b6bd56edd1d672e0e71438bca6,miguelinux314_experiment-notebook
2777,aa9571948536cef11f05e77239a2c518baebae76,miguelinux314_experiment-notebook
2778,aa9c9709ab38642521cb99402b3c41b96be2c0fd,miguelinux314_experiment-notebook
2779,aaac39f3758aff00ebbb81c5aef7b65ab85e85c3,miguelinux314_experiment-notebook
2780,aab7adaba6648cd53e90c32efe57e3f8c25c16b1,miguelinux314_experiment-notebook
2781,aab8871f7caa5a40d515f728d63359bb19ca821e,miguelinux314_experiment-notebook
2782,aabcddbccd11f5cb08c988d6a3231c00de98804c,miguelinux314_experiment-notebook
2783,aabd44be6411c5f8cb9730dc9928cac849e5849e,miguelinux314_experiment-notebook
2784,aac8fb3c63c8344cb1c4ee127712f374a8825d48,miguelinux314_experiment-notebook
2785,aad2e0b8d048ccf754d7400b5fbc9ea83088cad9,miguelinux314_experiment-notebook
2786,aad3badd389a79bb1088e702ea8f6e8547199bb0,miguelinux314_experiment-notebook
2787,aae1c5fb9ef8f84dce5d75989ed8975797282f37,miguelinux314_experiment-notebook
2788,aae9bb5defbf007d51f549b6b4bde0086128d912,miguelinux314_experiment-notebook
2789,aaee938124e150163971a37937fb2c0965ee70a3,miguelinux314_experiment-notebook
2790,aaf11c39f3c8839286f10f06776814229e5890dd,miguelinux314_experiment-notebook
2791,aaf2f436b3c16f6918b85b7e506388a9fe076dc8,miguelinux314_experiment-notebook
2792,aaf6c09c0324498eced842491c0a0b969cc472eb,miguelinux314_experiment-notebook
2793,aaf856a14f4c083656122206614083caa90057ce,miguelinux314_experiment-notebook
2794,ab0af7b64d52be70cc8f49166e8dddb306c41473,miguelinux314_experiment-notebook
2795,ab16578f491b3475d24d1eccea23073d61ef1ba4,miguelinux314_experiment-notebook
2796,ab28259ce0f2cacc434362ab268d6cb67076d925,miguelinux314_experiment-notebook
2797,ab36e72892f35eca42b30796fe2b152085d1148c,miguelinux314_experiment-notebook
2798,ab47881cfa980ec84d6f03051ccafd96c6647f66,miguelinux314_experiment-notebook
2799,ab62984a0becad3810d0a8ba1daa8b9a07fc0c51,miguelinux314_experiment-notebook
2800,ab76dca6e9c3c8247ad31d618699aef739674861,miguelinux314_experiment-notebook
2801,ab77278378105df4c262d4e467b9eab20c9be2bc,miguelinux314_experiment-notebook
2802,ab9dd152e42a3424dd10b5ae8594fedb87d78091,miguelinux314_experiment-notebook
2803,abb07af2f93d23c395cc9347dde142a0b86ff620,miguelinux314_experiment-notebook
2804,abc3dfd6bb135f53c3ca7c5321b6bfb3f26bb812,miguelinux314_experiment-notebook
2805,abe498c349cbe7076e2a4c07a60d1bbe4dfa9a16,miguelinux314_experiment-notebook
2806,abe8695ec9243fe427317a3f86d4b78878e0f880,miguelinux314_experiment-notebook
2807,ac1b000afacce607d09a7532f561ebeaa85989b5,miguelinux314_experiment-notebook
2808,ac249e138f7fe156214df5bbcf0952a7137cf999,miguelinux314_experiment-notebook
2809,ac3e3bd19e51e0daad8a4710a13d75c3182410a2,miguelinux314_experiment-notebook
2810,ac5533a4cad1dd79566b6ea62e91efdf1f74f224,miguelinux314_experiment-notebook
2811,ac5734d0da79294d8654f010a7b884aa177250bc,miguelinux314_experiment-notebook
2812,ac593278cf964fc071510c5ba94be38aa7db83a6,miguelinux314_experiment-notebook
2813,ac6f861f273c2e366e6aeb0a0a00824b2ad04bf8,miguelinux314_experiment-notebook
2814,ac6faf7fc1b8a6859cc0a81bb95f7a8459baf97b,miguelinux314_experiment-notebook
2815,ac8788e12b52bc272aa87f55e99f22d5bb26e645,miguelinux314_experiment-notebook
2816,ac9178ddbb5875068f5fb1b84657095c6e8f08ba,miguelinux314_experiment-notebook
2817,ac963650601dd8bf4bd084c35a281e7e45cd5047,miguelinux314_experiment-notebook
2818,ac9fe99530ec0b8e50afe0c4bc18eab9846bf91f,miguelinux314_experiment-notebook
2819,acf27e358380df4032df8a81708c0283447ee082,miguelinux314_experiment-notebook
2820,acf5e1af2a937b91d9e502662c931048cb135ff0,miguelinux314_experiment-notebook
2821,ad0366c826176bf73daacd8403b392848e8f40f3,miguelinux314_experiment-notebook
2822,ad0bc8e18494b338938597b475128399bfb42bba,miguelinux314_experiment-notebook
2823,ad0d30a96bfb64c0f3353b85cd8e18b4a1c51601,miguelinux314_experiment-notebook
2824,ad24523b29050b349a3383f9035b9680fe883c9c,miguelinux314_experiment-notebook
2825,ad25abab37a3015afae41a77ce990bad6df50598,miguelinux314_experiment-notebook
2826,ad304da8ddffc58fe1fd04b01f1c73d96176a589,miguelinux314_experiment-notebook
2827,ad3e45f3070e438f24f4a00158a4bc2b23c37b59,miguelinux314_experiment-notebook
2828,ad4df69f3eabeee82de080da608bdf68940d22ae,miguelinux314_experiment-notebook
2829,ad8145246ca4dfd4552c2a85a4273955eb71a917,miguelinux314_experiment-notebook
2830,ad82d4542387e7abd2698dadf3b96e460ba2eb30,miguelinux314_experiment-notebook
2831,ad8e273374665598e3434ebc57d6f7601d7d784d,miguelinux314_experiment-notebook
2832,adaec9e0f7fd228e831db35a4da2df1698b7e1d7,miguelinux314_experiment-notebook
2833,adc913869200d739a66f729cf20bb688626f74af,miguelinux314_experiment-notebook
2834,adde8ce9e45fdf55c1abc11bfb8aa436c23b9ff3,miguelinux314_experiment-notebook
2835,ade0155f845d55be5b259fec4a5f63990a2f1b75,miguelinux314_experiment-notebook
2836,ade9416d2439d3c4d2b4e69db07ddae01642c459,miguelinux314_experiment-notebook
2837,ae0dadf1d1c41aba19f6af8a1f2a7d9ae32e77c7,miguelinux314_experiment-notebook
2838,ae1b76d409fd843a974b8524dca2ac3c5cef679f,miguelinux314_experiment-notebook
2839,ae1f81b741ccfeafc149269032ad1a1408ed1dc9,miguelinux314_experiment-notebook
2840,ae21b13e1d38aed9b439da023af6831d6640dcc2,miguelinux314_experiment-notebook
2841,ae3fad09c8c61740c35e997ecd1029951f20bfe9,miguelinux314_experiment-notebook
2842,ae413398514670a18e7d787a17e03264803a163b,miguelinux314_experiment-notebook
2843,ae52fc473c2da68a58de780e5f6a0d9ebb92a8ae,miguelinux314_experiment-notebook
2844,ae58b51a2b799b2edc6c02bb91cee7d2ffa20b51,miguelinux314_experiment-notebook
2845,ae5ba03be66539f1a071ce9fee44dec52b206281,miguelinux314_experiment-notebook
2846,ae6c09a491c4a223f53a96b6da196980062d2dab,miguelinux314_experiment-notebook
2847,ae7210100ba256a6524c7776f927fdb0efad7133,miguelinux314_experiment-notebook
2848,ae76a6f89b8793fd8fb550a93caff3714a48ae33,miguelinux314_experiment-notebook
2849,ae95d5ae2cb9f689941fdec9a21962f951f53bd6,miguelinux314_experiment-notebook
2850,aea40da343cafa37d0ccdab3edb7a7f76e3b987a,miguelinux314_experiment-notebook
2851,aeaac80aa42d67c82d0baed67522636649e075b2,miguelinux314_experiment-notebook
2852,aebecd1bed8f5dd25be11fa422d45d1c5e5ed22c,miguelinux314_experiment-notebook
2853,aeca25177a485ddc453172023c7dc1b85a6bec0a,miguelinux314_experiment-notebook
2854,aece1ca9fc92090731e1191b47b3a1b0ab3b2113,miguelinux314_experiment-notebook
2855,aedf141c039b1e805316ca63df0063782e02cd84,miguelinux314_experiment-notebook
2856,aef32a4d6a05eb58b18d47dbc1b2af355204a284,miguelinux314_experiment-notebook
2857,af0202ad9792a383ef7378b3ab7f55108e3fba2c,miguelinux314_experiment-notebook
2858,af3aa84df8a95a848a9c7ecd4f011f62f65b9c2e,miguelinux314_experiment-notebook
2859,af52a45cc686423572ed4ce7d9e01e01e77df7f2,miguelinux314_experiment-notebook
2860,af5dd6c6d8e0c1d9dfcfcafb2582996ffff38f36,miguelinux314_experiment-notebook
2861,af8887bd9588bd433c8eae3b1918c23c2f624525,miguelinux314_experiment-notebook
2862,af88b9c1bf0a6c28ea8490acab50ad344756d5b5,miguelinux314_experiment-notebook
2863,af950bd4800c22dc6bb970b0fa59245f0d50c604,miguelinux314_experiment-notebook
2864,af9c0884b945e2e1c4b87d2b59e95fdc531c3c69,miguelinux314_experiment-notebook
2865,afbf9d9f388ba85fccc87c52d545b8b9709d5b5c,miguelinux314_experiment-notebook
2866,afc998c65e17a88c553dc295a11a927715b14760,miguelinux314_experiment-notebook
2867,aff13375f883b9fe3eeafeeee1ee191da242ccdc,miguelinux314_experiment-notebook
2868,b013bceceabde6a60fb14007751bc77fa5390e99,miguelinux314_experiment-notebook
2869,b01b46036e1a1371f658e52873ec027bff7c90d5,miguelinux314_experiment-notebook
2870,b03d54e58dd32371f05a55395d51363558fd6f4a,miguelinux314_experiment-notebook
2871,b0937496091cff8af95acf5879f9d500f83c2631,miguelinux314_experiment-notebook
2872,b097bde93eaec713b4f3f96aaf39fd15222dffc1,miguelinux314_experiment-notebook
2873,b0a89bc81ce96faba9f73b54841e7b239a502ce3,miguelinux314_experiment-notebook
2874,b0ab337586e1e6b17c785d208aaa6b87a106aaa5,miguelinux314_experiment-notebook
2875,b0b4d3c3acd4138f461666bdadb555100ac03654,miguelinux314_experiment-notebook
2876,b0c52170b73f00746014cb3dbec35803b9f11cba,miguelinux314_experiment-notebook
2877,b10a0fb52d2c5a9dcf407bf2643ea1342918015d,miguelinux314_experiment-notebook
2878,b110ebf43104fbf276ed744b253788bab2b73554,miguelinux314_experiment-notebook
2879,b11641a62b6b803c4608639e201b4e96844a0b3a,miguelinux314_experiment-notebook
2880,b1237f4ccc6c672fe45c275a102b929b1022defa,miguelinux314_experiment-notebook
2881,b136aacfac5dbd58a2531c6b3d38d64629edae80,miguelinux314_experiment-notebook
2882,b15c4bbe75c0f453920226908826bdf597497f74,miguelinux314_experiment-notebook
2883,b16c3b42ebf9048cb7aa85b61b1395d97d6a4e6a,miguelinux314_experiment-notebook
2884,b1c1f13050ba8e6b725d6e460cbf522faba115f8,miguelinux314_experiment-notebook
2885,b1c5ab1f1cf1496a6c27ff25a1840cbea4a442d5,miguelinux314_experiment-notebook
2886,b1e9e85328e280b5194bb225080e8a727661f45c,miguelinux314_experiment-notebook
2887,b1eae9ccbf65ae5a5853679c9be1eb3805dccbcf,miguelinux314_experiment-notebook
2888,b1ec5db01329a8687c7856f7d082d333b71ee400,miguelinux314_experiment-notebook
2889,b1f2c5ef72789ecf4e52e8cc65464efb513379d9,miguelinux314_experiment-notebook
2890,b1f8078b255d3ce4dc9c1d299dd251a3e7d8862d,miguelinux314_experiment-notebook
2891,b1fa6c73093bfefbb4765329701b9f5344e82033,miguelinux314_experiment-notebook
2892,b21972dbbb37e6f653fd845646cbcc04b46dd7cc,miguelinux314_experiment-notebook
2893,b21ec3b6a4ae641454a59900401b808c8c1dd3a0,miguelinux314_experiment-notebook
2894,b23bc837b986601761edc900c34c1d5a481827e7,miguelinux314_experiment-notebook
2895,b23e25c4f316ed20a081381449f22f675b3b4210,miguelinux314_experiment-notebook
2896,b241af43faa0ef4248e9ee2891f7e056b3ba119d,miguelinux314_experiment-notebook
2897,b253ac46a6e181da8cc415d44263cb2532cfb661,miguelinux314_experiment-notebook
2898,b259c3f9eba14095b8b2f7b7a080597d3bd77bf3,miguelinux314_experiment-notebook
2899,b27df4beae42d78822081c43f394a1e545189adf,miguelinux314_experiment-notebook
2900,b2897a6a097cac4fa34284728351433627ec0f6d,miguelinux314_experiment-notebook
2901,b29e88c70dedcc09d00ed203025df5e942e6ad1b,miguelinux314_experiment-notebook
2902,b2a456c359aa354527f767ef72199c58c3ebadab,miguelinux314_experiment-notebook
2903,b2bf49a610b1829670b1f9496d39d871f4fac2ae,miguelinux314_experiment-notebook
2904,b2c786aa2831e170c83e32b8f8751f9484faa52b,miguelinux314_experiment-notebook
2905,b2ce0e3946574a0ef21d47a4efdd87670b6aa5c0,miguelinux314_experiment-notebook
2906,b2e3058f62e67606f2b4128224e6bf6e5977baef,miguelinux314_experiment-notebook
2907,b305b253f4cb324a04c4678c16eac82d6969429b,miguelinux314_experiment-notebook
2908,b318ac90cbdf0fbbe4eb013d0867cd5514d385bc,miguelinux314_experiment-notebook
2909,b337ad1c59b2fd74da27af7fe705ef3a0af16ab1,miguelinux314_experiment-notebook
2910,b33a79cfd9983a4836f013c8e26fc2e9707854e7,miguelinux314_experiment-notebook
2911,b33f74a26f5672c0d9a532cc6ffd193cc4b51dcc,miguelinux314_experiment-notebook
2912,b350980d788e889282dec73e265599c2ee9aced5,miguelinux314_experiment-notebook
2913,b35b743dca22fef54d125ed67069d89229b8fca2,miguelinux314_experiment-notebook
2914,b35bf0938b28e392305056bf72ccdd6e49725ef8,miguelinux314_experiment-notebook
2915,b362013c71ec830889b41cdd97fa417d098d4d54,miguelinux314_experiment-notebook
2916,b362386db70bc35d296962d6bd8e1198a027ce65,miguelinux314_experiment-notebook
2917,b3632a7c676ebfbe2086940605798a2edbc553b0,miguelinux314_experiment-notebook
2918,b370878db8fa05267694c0a5ea3640532b43d745,miguelinux314_experiment-notebook
2919,b394a35f2c5cbafd1fdc576f9d6e1c5b5597a050,miguelinux314_experiment-notebook
2920,b3b5b4c59d4b6f78df47b570ded6cfba2f732b15,miguelinux314_experiment-notebook
2921,b3d1507c8bd8a75e3bf74d8204b9e8f7865fe10c,miguelinux314_experiment-notebook
2922,b3d266e7c35f31a4954f6d98c8347667cb2646e2,miguelinux314_experiment-notebook
2923,b401fb36b0f3576f458c833829810c6daa696dc4,miguelinux314_experiment-notebook
2924,b404053de2c62166b94eb949e0d14d53ecc35398,miguelinux314_experiment-notebook
2925,b430847638201d768dd0e5f228f71b9fdc1fa3c1,miguelinux314_experiment-notebook
2926,b43c095165f678e353aebfb98b2ff088875c245d,miguelinux314_experiment-notebook
2927,b43e62c7188faa506d42ce8b8586459aa668c5a6,miguelinux314_experiment-notebook
2928,b4449329c431046be5fc1339d1e3a423f89703e7,miguelinux314_experiment-notebook
2929,b4720e6a4617de5d08afda05d23b923ed1c83f84,miguelinux314_experiment-notebook
2930,b48e0ca253028d593bef04fe8383a509cee171cf,miguelinux314_experiment-notebook
2931,b490f525f956e8e9bfa383c2eff683d515fd4e44,miguelinux314_experiment-notebook
2932,b4a2361c81d892c406efe2e6805ad81e0e006b7b,miguelinux314_experiment-notebook
2933,b4d1491162cb240bb804892f5610055ee6726fbf,miguelinux314_experiment-notebook
2934,b505ef295fb6ab3ad21ba9da4d43fbc7b7fbd128,miguelinux314_experiment-notebook
2935,b50e1daea9789801bc90dac6eb17df54ba64e409,miguelinux314_experiment-notebook
2936,b514a961fa0ea86357377137959a2490eb9a9b19,miguelinux314_experiment-notebook
2937,b51e1d3798a5aee5fef682a28d42f6d7a10638ba,miguelinux314_experiment-notebook
2938,b54334f3d4a8a8099f5e04d2159aef7034d86096,miguelinux314_experiment-notebook
2939,b546c9490fa2f3ace570e1dcd561a0a756857cec,miguelinux314_experiment-notebook
2940,b547cae199aadeb17af5b470ce8e465514497397,miguelinux314_experiment-notebook
2941,b549e02ded223044b7e26a7caa8fd2c454181dab,miguelinux314_experiment-notebook
2942,b55a4ae5dc41fc4eca9129f70aa400d27dc7837a,miguelinux314_experiment-notebook
2943,b55e15342db5c042b9c6ce4b0bd0405edceec57a,miguelinux314_experiment-notebook
2944,b561418bc56d7c01f106d69942fff9ee3ed1f97a,miguelinux314_experiment-notebook
2945,b56bb416ef8037cad8a8affd23fe42c851d4b5d5,miguelinux314_experiment-notebook
2946,b5738ab801db0e7d405491c83797035374d42a88,miguelinux314_experiment-notebook
2947,b5745bcd090e854e63c5fe2e7998d2619c9eabfa,miguelinux314_experiment-notebook
2948,b5866d91914ae639433e2d1cc4cd8ed332853ed3,miguelinux314_experiment-notebook
2949,b5877aa378a7bc7b632ea734fbedd41ae79b79d4,miguelinux314_experiment-notebook
2950,b5891cbc19b0d1f13fef1630fed411239a06b8e6,miguelinux314_experiment-notebook
2951,b59b2304cf459ccf7bd45b5e107ced5012fcd964,miguelinux314_experiment-notebook
2952,b5b2fdc39a89208d1f54b6b8bc727563ce840965,miguelinux314_experiment-notebook
2953,b5cfbb90335e4f4d1c7301011dc8c00eb29a287a,miguelinux314_experiment-notebook
2954,b5e340db907ce603dcf26612e13bee62d9548bf5,miguelinux314_experiment-notebook
2955,b5f4e4acfbd44d9ee552482a4e81c5bf8133cea9,miguelinux314_experiment-notebook
2956,b5f7f399105d58e03a0b5503779f5c41058d26f2,miguelinux314_experiment-notebook
2957,b6055f99ebcad50d223bc2bd3831203f3fe82ed6,miguelinux314_experiment-notebook
2958,b606c1e550e2ca87e1e83f36b1c575b28dd71b84,miguelinux314_experiment-notebook
2959,b616e4f399c5a0e6e67a27c53cef1243cff31b06,miguelinux314_experiment-notebook
2960,b6170a8c02887f9fc110ff5ef0e348f5a2df47cb,miguelinux314_experiment-notebook
2961,b651e600d0601b30fed4beb50836643111562eed,miguelinux314_experiment-notebook
2962,b65ea832b404e6f4de9c925acab766f45880dc68,miguelinux314_experiment-notebook
2963,b66e978c84e8dccc1f17bc95d95764f09b7d824a,miguelinux314_experiment-notebook
2964,b6866dde6d1fc5fb43f9c7ebb9fe06afdf08df3d,miguelinux314_experiment-notebook
2965,b69461546dc4ba7773c6e18c7881277aeccef063,miguelinux314_experiment-notebook
2966,b6ad6df8a5d981718fb47357caef4ef9447469c6,miguelinux314_experiment-notebook
2967,b6d53ae9119542db6a2005393e64730a86abe7e8,miguelinux314_experiment-notebook
2968,b6d9047a3f1105fd816e0a214d8ec516cdc3f38c,miguelinux314_experiment-notebook
2969,b6f65bc1c785b7186ac15c4f14e9d6dc4b86fbcc,miguelinux314_experiment-notebook
2970,b6f68a50657c3bfc1601e9089db7ed63accd7084,miguelinux314_experiment-notebook
2971,b724dd3d2cb25e45590717228001e561660909aa,miguelinux314_experiment-notebook
2972,b72889825abc1ecc43c62964632e51d1ab2a3ebd,miguelinux314_experiment-notebook
2973,b72d81cf73415445d2e7e89a93a687758d37ce38,miguelinux314_experiment-notebook
2974,b7451a8a4292214ac6170653ef5a9f06b8341461,miguelinux314_experiment-notebook
2975,b74867e1dd873b1dee97f281c40293a81f6aaea2,miguelinux314_experiment-notebook
2976,b75df784d300745f72119beae106118ac5f9e635,miguelinux314_experiment-notebook
2977,b7626da55375714f323dd6316e9fd3cd3a1c2cf6,miguelinux314_experiment-notebook
2978,b76af7360030450e4f8cd22f78839c4044454cb7,miguelinux314_experiment-notebook
2979,b7a256f5a0987254fdeecf65d8d2a35427edff35,miguelinux314_experiment-notebook
2980,b7bb861141c5310343cf011a9b48f696f359fe32,miguelinux314_experiment-notebook
2981,b7e33018a99cf4668b3ce3465c9334666453b4a2,miguelinux314_experiment-notebook
2982,b7e432914d26712df5a45cac85b0dc57b9c77abd,miguelinux314_experiment-notebook
2983,b7f5b42e2ac1d9b3d1294c3d4fe15facfd839e4a,miguelinux314_experiment-notebook
2984,b8030ac352014459d0ac7a5583143e143f1f8c56,miguelinux314_experiment-notebook
2985,b81b0b7125687713d3279bad65f6606942db16a5,miguelinux314_experiment-notebook
2986,b836991e533beebc41b810fba8e5ecc95a5f154d,miguelinux314_experiment-notebook
2987,b8399a728236b18908182a1ab7d241a22d6e4c8b,miguelinux314_experiment-notebook
2988,b8462dec2dc3134c6a1d46833d17ba3488337f79,miguelinux314_experiment-notebook
2989,b847fc31a4bc1cf81291bf0288f8b11d61f92323,miguelinux314_experiment-notebook
2990,b85ab2fa836195307768d8d92ecfdba038dcbdaa,miguelinux314_experiment-notebook
2991,b85d22be310c685d440955fc94d2a7fc84d4ec22,miguelinux314_experiment-notebook
2992,b864f0f10406d6bafed24326a0f325e1181f8c69,miguelinux314_experiment-notebook
2993,b86fc0f64bd1fcee3363fef88ddbf45aca916056,miguelinux314_experiment-notebook
2994,b87b2ff1dd1d2f887af4e953f0981615776458e5,miguelinux314_experiment-notebook
2995,b8972faeef4e97648c68ab9f7b86480cf01fd300,miguelinux314_experiment-notebook
2996,b89730ad6fbccd0d77ff71cbe39deef584906a55,miguelinux314_experiment-notebook
2997,b89e15c20ce56439aa8dc62b02cc9716cf1c9f94,miguelinux314_experiment-notebook
2998,b8a2cdeb84cdfc849c9f88dac2b66178dafa9972,miguelinux314_experiment-notebook
2999,b8a54efac8099a00b4505a923dccfb853034fc24,miguelinux314_experiment-notebook
3000,b8c2b2a149f379644e082f8db894f05bfb171651,miguelinux314_experiment-notebook
3001,b8d58000d39a82fd9618f8e1863a1e772d3e4031,miguelinux314_experiment-notebook
3002,b8e8c9524a2d83721d7f3c7ec69d9e1175729fbc,miguelinux314_experiment-notebook
3003,b9009ff7301eb668389c26f9b9356469f9a67e72,miguelinux314_experiment-notebook
3004,b90533dae0243ccf75e2fe9ada7c10f07454d75e,miguelinux314_experiment-notebook
3005,b913ca5b295a8e98f03c6c4d50ff4f66643764c5,miguelinux314_experiment-notebook
3006,b925d4c397a4e3dc27ccda0378113b4e8bf7de93,miguelinux314_experiment-notebook
3007,b92d610505b139a5ae9b9993a3ccb7c66fe9d269,miguelinux314_experiment-notebook
3008,b95c525fde4fa4b37d8204ee93c642bb09d9a5b9,miguelinux314_experiment-notebook
3009,b963dad1d0f6dc9ad4cd9e6bbb28f3e7ad76f57a,miguelinux314_experiment-notebook
3010,b970183f0d9044e52395ef75215ff8370b93acc3,miguelinux314_experiment-notebook
3011,b98e01bd62a974c18428f0dcdfa1b1df32cbe937,miguelinux314_experiment-notebook
3012,b98e562796d498bd7ceb977e819fe99fed59da45,miguelinux314_experiment-notebook
3013,b99f46aa503ae135068349a9577c802a2d5f1c69,miguelinux314_experiment-notebook
3014,b9bbd25c5a6ca99f8673c9e017a76785d03190f6,miguelinux314_experiment-notebook
3015,b9c94bc9a8ca8cca5ad6c58625b3980667799c36,miguelinux314_experiment-notebook
3016,b9cb09b8dfd6449d521889a5419142b01f28057b,miguelinux314_experiment-notebook
3017,b9cb84324f3d35da45497dedbae8d8ecd0eb4ec9,miguelinux314_experiment-notebook
3018,b9db4bdf61347c98e78e91ecc406b3cbf2c94dd1,miguelinux314_experiment-notebook
3019,ba040455b3b6629ddd7e8be5b1c3f4ba5285a3a9,miguelinux314_experiment-notebook
3020,ba06d6bbc9e222d3a3549a22e061aed042395f18,miguelinux314_experiment-notebook
3021,ba10e31e66540106927a65ed156a744457825cea,miguelinux314_experiment-notebook
3022,ba465455e39d311e5f46ce6d7218e93b2524f730,miguelinux314_experiment-notebook
3023,ba6cffc06e410561e63f7adb33b44ceb419250da,miguelinux314_experiment-notebook
3024,ba77086d5c632814a711bd19471dec99e202010c,miguelinux314_experiment-notebook
3025,ba78aa917ec8e3fee0b2f31f5fdb7ca69a421d9f,miguelinux314_experiment-notebook
3026,ba9cea7a902328adba57a21462b284893c5bd967,miguelinux314_experiment-notebook
3027,baa176bd7ff624e4ebb00de0b3a0c2ecf1c9d081,miguelinux314_experiment-notebook
3028,bab60afe4396c9a23f6cd74dc0b1d739b3bfcdb7,miguelinux314_experiment-notebook
3029,babd008203170e1a5ca36474f79400d7c16000dc,miguelinux314_experiment-notebook
3030,bae15a09b93975ba64de7ce35a8902b43a501ed9,miguelinux314_experiment-notebook
3031,baec625dce75e4be19f0708afabd4da6ba62af65,miguelinux314_experiment-notebook
3032,baeef31822f0091dfc2fcbe2da7e5c128be7d4ae,miguelinux314_experiment-notebook
3033,bb021c78bc41689da96727eed886a0ff52943344,miguelinux314_experiment-notebook
3034,bb04f42eb83c9d624f55757b4c461443c6c229c8,miguelinux314_experiment-notebook
3035,bb1a01871271cd85d92123613dca10c931e3d49b,miguelinux314_experiment-notebook
3036,bb1cc7e032f474b02ac3f736b986d093fef8d656,miguelinux314_experiment-notebook
3037,bb3aac5a1a952978b3be178198f59ca24237d0bf,miguelinux314_experiment-notebook
3038,bb4dba37505b491318e4ee9a8e5cea55bbb0f913,miguelinux314_experiment-notebook
3039,bb4f0c3c55a41bd018dc8903a94a0eaf6d702811,miguelinux314_experiment-notebook
3040,bb5f32bc4acd310da4a719fed73b549f57d7c8dc,miguelinux314_experiment-notebook
3041,bb6b37cf796c3cd3c95901633b1e05118f1a6abc,miguelinux314_experiment-notebook
3042,bb79a08bb39e239ffd98d14b4c5a7672bc56c3fd,miguelinux314_experiment-notebook
3043,bb7abd41aeafa5d155c80dbd2192144d15fe12c2,miguelinux314_experiment-notebook
3044,bb824fd3102d9e936c9c027a775336cb4240bc54,miguelinux314_experiment-notebook
3045,bb8b5cfdba82f275fcee5080b01df3d4f015d0c7,miguelinux314_experiment-notebook
3046,bb94196589c6dfcb4ae1ab197e38320edfb290a5,miguelinux314_experiment-notebook
3047,bb99b68361201732f2e66276d34c693879d538b6,miguelinux314_experiment-notebook
3048,bba78f616f84c6e061e5049a5564e4585c7bfcb8,miguelinux314_experiment-notebook
3049,bbac59e743adfa353e0701a25b1ca341d5db4212,miguelinux314_experiment-notebook
3050,bbb85204954323ee65ccc581d283b4a6ed1dfd4d,miguelinux314_experiment-notebook
3051,bbbe90417904f22bc64a8f072ea673899ce76812,miguelinux314_experiment-notebook
3052,bbc9e7b64f823225d16747b350de79d46bb626b1,miguelinux314_experiment-notebook
3053,bbd321e13e0cb04f34bcae56dc2518a0d1a8e280,miguelinux314_experiment-notebook
3054,bbd97c93a00ffd42ef083f9eb99bd50b705b5d56,miguelinux314_experiment-notebook
3055,bbdfde7a6b7d63e5bd0dd5675f3c37eaf6dab446,miguelinux314_experiment-notebook
3056,bbe3881971cc15159c42fadc5f3ada21617ab7b3,miguelinux314_experiment-notebook
3057,bbeaff8c2812e6a13b5e808e3159d790b8cbcc42,miguelinux314_experiment-notebook
3058,bc1210506c18d5a6b1b149aafcce3a0a06f3a017,miguelinux314_experiment-notebook
3059,bc290f4a28fc8fe03ffffcb5c774ab2303e77bcb,miguelinux314_experiment-notebook
3060,bc2c6e44af88391ffb3d8364d70921b1137f2417,miguelinux314_experiment-notebook
3061,bc4931ec16b48264ebe29ae4a0beb262da561fdb,miguelinux314_experiment-notebook
3062,bc4d5c6af1cc3401f9773b73ae0ba10cea327e4b,miguelinux314_experiment-notebook
3063,bc562612ccb7ef3d2a626fdf7371b40bca1d9f01,miguelinux314_experiment-notebook
3064,bc607189ca3cf329d3f745f58ee1059446735364,miguelinux314_experiment-notebook
3065,bc73f99c14cb1fcb82e711a6f10421ccdca05c3f,miguelinux314_experiment-notebook
3066,bc87f3e2c45e514704a436b2791da1fb67fb019c,miguelinux314_experiment-notebook
3067,bc8a65cf4d71a5f1a4d05856d500b8caf0e52b16,miguelinux314_experiment-notebook
3068,bc9c1d2b41f0857449639fe9d34d39f667c3b9f6,miguelinux314_experiment-notebook
3069,bcb94ea10ec61bcae83f1c810114f78f7335e9b7,miguelinux314_experiment-notebook
3070,bcc9317d4b641e15a862c1ba8a8713219ae109d8,miguelinux314_experiment-notebook
3071,bcceca987ec7d62c13ac9f9451fdde1ad5fa9e19,miguelinux314_experiment-notebook
3072,bccee221d30490c87e6891695ebd8e0db350fc1f,miguelinux314_experiment-notebook
3073,bcd6fc987cfe83bf2bb2fcb27e7537a0763dfe3e,miguelinux314_experiment-notebook
3074,bce7413aef577ba011676f0bf476b8df1c7b9d70,miguelinux314_experiment-notebook
3075,bce795188009adfed09f7dc2da373e46f70783db,miguelinux314_experiment-notebook
3076,bd2a201d39258ae51b00ed93dbc74be24eadf2e4,miguelinux314_experiment-notebook
3077,bd2e13d305dab6a84878ff2000c9e2ac2b8d13f8,miguelinux314_experiment-notebook
3078,bd4db0adbd483c0f8a5ea3553cfe1227da48285a,miguelinux314_experiment-notebook
3079,bd5797ee02b1de2305a923778dd3dd55ba17612f,miguelinux314_experiment-notebook
3080,bd5a5f3d030543c9b8ba31eae8c13ad2f1ad38d2,miguelinux314_experiment-notebook
3081,bd5e5e93dc01b3062acecb21d0c7f82c0668d83d,miguelinux314_experiment-notebook
3082,bd5ee31bbabd10e7db7c023c4ecb4cd917c83d59,miguelinux314_experiment-notebook
3083,bd697307dbba513cc0bb70ec647fba528fb3270c,miguelinux314_experiment-notebook
3084,bd6fe2d427603414c71a34b59b7b55fa2a53074d,miguelinux314_experiment-notebook
3085,bd7c4a232e2fe377abd09dce3cad4c50070e4231,miguelinux314_experiment-notebook
3086,bd7d89f4025fdfd075648e8c332f1e904097bd32,miguelinux314_experiment-notebook
3087,bd83c8facbae869a988112af57a57904838f8684,miguelinux314_experiment-notebook
3088,bd9391799ccd854a3a4d555b63c8dc8e80c6686c,miguelinux314_experiment-notebook
3089,bd96f30b617a9977120483f552a9e3e2d2c60ee3,miguelinux314_experiment-notebook
3090,bddc54a568f6e1b7ceaf52912d34cd625379c15e,miguelinux314_experiment-notebook
3091,bdfcacbd5d86b1a71877fcdf29718855b52cbf5c,miguelinux314_experiment-notebook
3092,be06d35a09627987586bf713c900241a5ada99c1,miguelinux314_experiment-notebook
3093,be0974bb44ceca6cc221e7719cba3bd48486fafc,miguelinux314_experiment-notebook
3094,be0d5bfec219b853d480cf1b505bd6e55f74d9c4,miguelinux314_experiment-notebook
3095,be13d4754e08f6c34d44ac7ddf3b83c7b50e03f1,miguelinux314_experiment-notebook
3096,be1a24134e77e69cbcf9d77c3f2e29797b796f59,miguelinux314_experiment-notebook
3097,be1b8c03b411535037a4a322d3fcef5248632a64,miguelinux314_experiment-notebook
3098,be1dc2ec0a571eab3b415136a9af44c7ae7a3a36,miguelinux314_experiment-notebook
3099,be2bbc726c2c3843a9fd0c281b359d583a7a0e98,miguelinux314_experiment-notebook
3100,be3f133828bc984c27361593c01a84dcbbda448f,miguelinux314_experiment-notebook
3101,be4cf40c7403722712b5fc6282f2568874bfbfe9,miguelinux314_experiment-notebook
3102,be59593f3edad822877a66167e622edd6e5d524c,miguelinux314_experiment-notebook
3103,be620a6553a685809838aa4edbadde822ba7a632,miguelinux314_experiment-notebook
3104,be69168cdece31ead1608ccfc2cca4bbb3b8da31,miguelinux314_experiment-notebook
3105,be6ace4e62f0668b6dfca0e2d15d2a92d9457d24,miguelinux314_experiment-notebook
3106,be6e0b0affb665413d7613aa44c69d1d0a48cdbe,miguelinux314_experiment-notebook
3107,be850647d27ed258f17ef7feceb6932c017bb32d,miguelinux314_experiment-notebook
3108,be863750b13aa6806ed89fed9ebe03671b0e98a1,miguelinux314_experiment-notebook
3109,be9f7bcbd4a3b74313c3f7217e5f55afc590c848,miguelinux314_experiment-notebook
3110,becf6d492ffe124d15d2c1cb1bf0d85890003bd8,miguelinux314_experiment-notebook
3111,bed3708b45accbe3f3de156ce1fa2ba9b2f5bc48,miguelinux314_experiment-notebook
3112,bed8021ca1a14d865f98b273e6d13f6da1ca4afa,miguelinux314_experiment-notebook
3113,bef47038c044392afaf1b86c7bff73000e439fac,miguelinux314_experiment-notebook
3114,befa5fdb01f46993693c97668b575ed7cc734d00,miguelinux314_experiment-notebook
3115,bf1cd9ac0d08cdee3f9a1a90cee4a71af932b51e,miguelinux314_experiment-notebook
3116,bf30c18d852c679ee28978705c271277c9dd9157,miguelinux314_experiment-notebook
3117,bf479b0cf6f37d9f06d0c742bf93c08d67013b1a,miguelinux314_experiment-notebook
3118,bf5a190431826e9217b6b3992d3d42f7c913b4c0,miguelinux314_experiment-notebook
3119,bf6a20ea983fb2777330b9a8320a7bc111fefc57,miguelinux314_experiment-notebook
3120,bf6fe926a2441e4608db89b6de195885a2d56eba,miguelinux314_experiment-notebook
3121,bf712a39a6a9f0b8d9d2243a5c6d36567f0f6c64,miguelinux314_experiment-notebook
3122,bf7204c0a46d79ca2b3b5863fe457d07511017bc,miguelinux314_experiment-notebook
3123,bf81ac386b426c042c4791a376a8d36ac6eab3ec,miguelinux314_experiment-notebook
3124,bf97a93edf8a46a14b5e796a830780946b87b603,miguelinux314_experiment-notebook
3125,bf9b8596380cdd2a7a673f357cff236ff3d37cbe,miguelinux314_experiment-notebook
3126,bfb4da5f6500e9fd4da2b73380e9d061a0854cf4,miguelinux314_experiment-notebook
3127,bfc302196e111ba97d753198edf9405473f457e9,miguelinux314_experiment-notebook
3128,bfc9b5cf49c37cb5d08375e7d3e9d5b345e8b839,miguelinux314_experiment-notebook
3129,bfd65348a050e903debe7954c52e835a072dc00d,miguelinux314_experiment-notebook
3130,c007fa3f0fbb710109ebc960b1cab1171e971825,miguelinux314_experiment-notebook
3131,c0117da562bf239c1025bd97f531de29e8495b02,miguelinux314_experiment-notebook
3132,c0177cb70411cd82ae9d7e32d8fc82d20b0901a9,miguelinux314_experiment-notebook
3133,c01b88bdb6517fb1e857789a11ef22acafe09358,miguelinux314_experiment-notebook
3134,c03e17835af8663cedaa26609f11f1cda94494b0,miguelinux314_experiment-notebook
3135,c04049f12157b9072aa8466a8c7fb11274162c78,miguelinux314_experiment-notebook
3136,c046e48c8512593849fe63a15d639330af3da3ce,miguelinux314_experiment-notebook
3137,c061f302ba14cf2e95230b674a750f9cfe5cb5f0,miguelinux314_experiment-notebook
3138,c066fd131a6f011fd9cbaa7e14ad004736474180,miguelinux314_experiment-notebook
3139,c0731f90a7edfad3cbed1b8beac963466334446f,miguelinux314_experiment-notebook
3140,c0804b93d50f0d03cc75d3522bf1e608ffe8648d,miguelinux314_experiment-notebook
3141,c08bec0e23efa2bc0738506767e154a9d1369e78,miguelinux314_experiment-notebook
3142,c099ca16c4b7a723207c346bd4492feef42d1e84,miguelinux314_experiment-notebook
3143,c0a9e52060f5d0bbe198a35c0080bada1c9f9958,miguelinux314_experiment-notebook
3144,c0b1ca7e1e44ff0808d8f165e06edb4bd3202818,miguelinux314_experiment-notebook
3145,c0c58bbe8cf405dc804abff4d06cfe62ee740788,miguelinux314_experiment-notebook
3146,c0d72f2f68c84bb382d8049adb903d81d724f7fa,miguelinux314_experiment-notebook
3147,c0dc40c8a35063e4b1338d6e5f2d2f5259acded8,miguelinux314_experiment-notebook
3148,c0e26b58249a5df52725aa97c767ea1937b702f3,miguelinux314_experiment-notebook
3149,c0f31532261077fd07e994e11695845e3c04dee2,miguelinux314_experiment-notebook
3150,c0f723653834d259a68db9c8cc307b253b479bc0,miguelinux314_experiment-notebook
3151,c0fc7df15f69d7323e275ff69b1f3da473056e5e,miguelinux314_experiment-notebook
3152,c106886ad038dc90e04a7822aff5b58f90ff9dca,miguelinux314_experiment-notebook
3153,c11366d924b526a3fd5fdcb9561cca6ec848437f,miguelinux314_experiment-notebook
3154,c16287926905b9b7fc3edcbc75f80d149c15995a,miguelinux314_experiment-notebook
3155,c179b675b427a68aecebed0fab02e6b912d2c763,miguelinux314_experiment-notebook
3156,c1b3177318d4a7099c4b08fc2dcaf424af765122,miguelinux314_experiment-notebook
3157,c1b9fea2be3457da786c55842ae7e1a428746df4,miguelinux314_experiment-notebook
3158,c1e195315fcdcf3ba6125c9b2110fee04289f4f6,miguelinux314_experiment-notebook
3159,c1e4870582952fc4a198c99098795ef817fbb72e,miguelinux314_experiment-notebook
3160,c1f56cb7f7e5c798aebb14b5e76b3237c7d35dab,miguelinux314_experiment-notebook
3161,c201b3c1b62e31601d3e90527b7799a961494db2,miguelinux314_experiment-notebook
3162,c2061b260775782fbce13b6bdce2b7829e6d8ec1,miguelinux314_experiment-notebook
3163,c20ccc504a78ba18ff081863ea3406369badcd02,miguelinux314_experiment-notebook
3164,c236c456f583e74f4748268df09d6284a6820807,miguelinux314_experiment-notebook
3165,c25ac373230b400ea944606c0ca0606b0265eae9,miguelinux314_experiment-notebook
3166,c26642412d56591e2cabd56a6fdc21d552a61199,miguelinux314_experiment-notebook
3167,c26de11974d1384122d3c25e7839a1c6f801a922,miguelinux314_experiment-notebook
3168,c27efa1386a1ff3179ad854f9ad36b563fe77879,miguelinux314_experiment-notebook
3169,c29af9e850341b110faaf9da47161b59b4be6386,miguelinux314_experiment-notebook
3170,c29fd25029edb342197dda2dc8806c815cd28538,miguelinux314_experiment-notebook
3171,c2a973327673e665478c171a3d7cb84b554e4a15,miguelinux314_experiment-notebook
3172,c2b51b2cef27e13d77495eb91c3e1c6e3ba2840e,miguelinux314_experiment-notebook
3173,c2c02ff7871695dfe7717d7b38cded9d3c047b48,miguelinux314_experiment-notebook
3174,c2cb274ceb4b2f1725062de29ca8bc0890c42550,miguelinux314_experiment-notebook
3175,c2d4b7912da7718b86d07b058de26b5f9f0a6cd2,miguelinux314_experiment-notebook
3176,c2e38c4987400c69a02d5f7812b47f78e10dae0c,miguelinux314_experiment-notebook
3177,c2e4dcf12bd30e410b7169e4db159356f5cb6595,miguelinux314_experiment-notebook
3178,c2eaeb2ac240e328dd16776515e7a8aad0d2a12a,miguelinux314_experiment-notebook
3179,c31751249505219c2de2a686d0a6fd87aea87928,miguelinux314_experiment-notebook
3180,c32e6dce3a6552045c86237459c90a1f38662aee,miguelinux314_experiment-notebook
3181,c33c77aff66b538a31ed694772b130e5c0333df0,miguelinux314_experiment-notebook
3182,c346df627115da14891f3af99fd4c25ec19ca37d,miguelinux314_experiment-notebook
3183,c34cea46fff53ee7e157328989ba9b780ed5f00b,miguelinux314_experiment-notebook
3184,c354a70d9295583955a4045eefa29828c9436297,miguelinux314_experiment-notebook
3185,c35fa5e7089b3995ebf85746efc1dcc37d401101,miguelinux314_experiment-notebook
3186,c3727ac7040f357bc7b0f26a29d2ea3aa95fe938,miguelinux314_experiment-notebook
3187,c38ad51b868d01ef253a7af1ccc064ce60e075ae,miguelinux314_experiment-notebook
3188,c38db4fd92a82ab6c282a20a677b2ec3325b59f0,miguelinux314_experiment-notebook
3189,c39161dc86ef281875b79cea14df7f28ab22e4d6,miguelinux314_experiment-notebook
3190,c391ab40dd472cab2e625b8a4f3a9af8c1083d31,miguelinux314_experiment-notebook
3191,c391b2c9efe58a8ee5d9e1e8c49e73b8ddbb8071,miguelinux314_experiment-notebook
3192,c3d63b0cc15c5addf28005be580271e048b69d26,miguelinux314_experiment-notebook
3193,c3dc4ab39cd5e29c203f32fb529cb67d91f8aab0,miguelinux314_experiment-notebook
3194,c40d6c036c98e107a6be272c9a1748221b6f5157,miguelinux314_experiment-notebook
3195,c4141effa3e04649c0ab001e6fc6cb21888e4a4b,miguelinux314_experiment-notebook
3196,c41583808c1efc2770f38ce4285bc62b51b37583,miguelinux314_experiment-notebook
3197,c418bcdd79b4adbd4f9ea4c5ef244a84820e5e2d,miguelinux314_experiment-notebook
3198,c41bb6d4376129ef04a88e9a6550c429dea1cbf8,miguelinux314_experiment-notebook
3199,c41db6e933e6b78d10bce71ca509a58e99f57814,miguelinux314_experiment-notebook
3200,c42221e1f1cbf79251a0662e7635204a000da907,miguelinux314_experiment-notebook
3201,c43642339f3642c747ae3e6608c48b2ea68564bc,miguelinux314_experiment-notebook
3202,c442a62358b3c85e2c35df53e9cd7d9ae761e6ce,miguelinux314_experiment-notebook
3203,c44a5810831497ae8474ee70c8497788ec42ed6d,miguelinux314_experiment-notebook
3204,c44db4710c6e0ecf36a94d5609a63f204a1e32e9,miguelinux314_experiment-notebook
3205,c45dbbdbf4b5a27d11c79315f28957e1056f6dfb,miguelinux314_experiment-notebook
3206,c45e10d7f0bd90b4041ac05513f75e8a65901ab3,miguelinux314_experiment-notebook
3207,c482da770fa318c21bd8ed352fe60bb1a303219d,miguelinux314_experiment-notebook
3208,c48dbe58cc30ba41f07af9b23598d7d3084fa2f7,miguelinux314_experiment-notebook
3209,c4a2ab3cddfe34b63ed5ba5795a4404981cfb152,miguelinux314_experiment-notebook
3210,c4a911a37259554f66ce38de168ef15109067ea7,miguelinux314_experiment-notebook
3211,c4b92c2d872b47bbf3f52c8dfd137ec1cf183e98,miguelinux314_experiment-notebook
3212,c4c292a7d0c6b25e6f1ed3bc5b40e1671bdcb1cc,miguelinux314_experiment-notebook
3213,c4cf351dc269bd16e52038fa42f65b973c805231,miguelinux314_experiment-notebook
3214,c4d369cdbf740cce23c73339f4fbe80473143353,miguelinux314_experiment-notebook
3215,c4ddba85c6ab7e9488df32f8c6c8ce741e9359d9,miguelinux314_experiment-notebook
3216,c4e1c03f8bea7b876a46299353f58088b866e764,miguelinux314_experiment-notebook
3217,c4e7df489a79a46dd9b2d69aa7e390b57f52264d,miguelinux314_experiment-notebook
3218,c4ed76b63643fbb696e20249aaa81515bbae5d87,miguelinux314_experiment-notebook
3219,c4f569d41602012209e91bbcea48db7e74430b6a,miguelinux314_experiment-notebook
3220,c4f72408572128f2d0e6e7a9634f8d3466aa12ba,miguelinux314_experiment-notebook
3221,c50c0b7fffa2566a25c70cf6367cbde492117f2b,miguelinux314_experiment-notebook
3222,c51f1862d8dc8266250eddb7113607a77e0f45d9,miguelinux314_experiment-notebook
3223,c5254bbab97a8b950b01201ab78a17adbd4ebeb1,miguelinux314_experiment-notebook
3224,c5540e5d11cd4ee2a9befde46adb8a448a7f0df0,miguelinux314_experiment-notebook
3225,c5543856133f77151e8e436846ecb694cea2440c,miguelinux314_experiment-notebook
3226,c5592b4ea8acb7ecb8734b944cff3257a8065dda,miguelinux314_experiment-notebook
3227,c56eb0f28e91c72149427fb633932fdf7a8aa3f7,miguelinux314_experiment-notebook
3228,c575a7aa9088b8e7d0c70383157d8f0b9304a54f,miguelinux314_experiment-notebook
3229,c57ed0db8aa311f4c2a5a70b46d4d1772f7d736a,miguelinux314_experiment-notebook
3230,c5a1def7a33a4b128a1408f0688ab3610369980e,miguelinux314_experiment-notebook
3231,c5b25217d3ea27ae4fd95ee9105614a3b3343560,miguelinux314_experiment-notebook
3232,c5d08b0be58a36a200bce399c952a4e80e1edfc9,miguelinux314_experiment-notebook
3233,c5d1350e7c7bb27971dae52183c4e04b6192bbf9,miguelinux314_experiment-notebook
3234,c5d8a73bbe0c91a1836e4e26e7bafc7fd48348be,miguelinux314_experiment-notebook
3235,c5e1e5c21e4fc3f3511b60519f95f07c913f7fed,miguelinux314_experiment-notebook
3236,c5f66346857972d0c75ce6109e4802f61da2c58c,miguelinux314_experiment-notebook
3237,c60775c8b43ec242f1472699702dd8b23413b55f,miguelinux314_experiment-notebook
3238,c61b6a1eb15acf95d8fe5ddae86c9ce0b7d44088,miguelinux314_experiment-notebook
3239,c6250016b2cc97e5ed75aca49a7decb50ba49eb0,miguelinux314_experiment-notebook
3240,c6401f6377c86ae0066ca0a691b622bb67d06089,miguelinux314_experiment-notebook
3241,c6728803eb416c08707f1cd1ba6f11e8e64264ea,miguelinux314_experiment-notebook
3242,c6857c2b9c5b4e404f2c0aeaa6fae7112640c635,miguelinux314_experiment-notebook
3243,c6a23a6774ee950d61c39518f5bd4e076f2c8009,miguelinux314_experiment-notebook
3244,c6a35d622025160b5f9b0d3142899de0e287c0ab,miguelinux314_experiment-notebook
3245,c6a40b1dd518814ccac50f83b3a09d59202b138e,miguelinux314_experiment-notebook
3246,c6aa91203522b73197e6c4021d38ff0182507fd0,miguelinux314_experiment-notebook
3247,c6b99e8624101d6216f4858f5d035c643e1adcfc,miguelinux314_experiment-notebook
3248,c6cd7f441cc1a7200d925079f43c1407bf5c0abd,miguelinux314_experiment-notebook
3249,c6d65d53a9dcfba5848364b7431de7a28c029a11,miguelinux314_experiment-notebook
3250,c6dc795acc4e3079d8d73cb55f37e10ac74cdd96,miguelinux314_experiment-notebook
3251,c6e9890219b3bb75c6a0e88f586901bdf621a700,miguelinux314_experiment-notebook
3252,c6f7ad67d037fed567587af215eb1bcab32d5219,miguelinux314_experiment-notebook
3253,c70640a6b8d2fc987b14ab1931b86d4e3ac2fd37,miguelinux314_experiment-notebook
3254,c70e27260dc670cf2b570278e96e9e2d4e9ea8d7,miguelinux314_experiment-notebook
3255,c733492d9c02fd24627b3f8beb3281ddfd9bb8fd,miguelinux314_experiment-notebook
3256,c74d61472a3eea44002af3a321a753a4e38f0ce5,miguelinux314_experiment-notebook
3257,c7626f5207f82c1423239b021668b1dd3c47e439,miguelinux314_experiment-notebook
3258,c78a0c62c211152c9ced07d3faecf5b8a5ae09ed,miguelinux314_experiment-notebook
3259,c78f29d96d24f8a776256f9985c5108dd8f76067,miguelinux314_experiment-notebook
3260,c7d2a09e26b03c4cb6b9cb7c595885f74cff262e,miguelinux314_experiment-notebook
3261,c7e0dfccbc37845013466dc7202f0b25a6134264,miguelinux314_experiment-notebook
3262,c7ea6c7e436c7d91959e2bb1c7c8f7799f3d9002,miguelinux314_experiment-notebook
3263,c7f619699bb7b6ac6ae4c028b262ce599d7a4574,miguelinux314_experiment-notebook
3264,c7f7bfcc9fd78eb8e274162a389de996c3204e47,miguelinux314_experiment-notebook
3265,c7ff95ddf1b7e8444e19ef8b6bd355a3a7768e97,miguelinux314_experiment-notebook
3266,c812d6a09c69df8450dd9033aaceec67ade1a5fd,miguelinux314_experiment-notebook
3267,c85d5b88bd52a05ba1680ff64198b48aa495241e,miguelinux314_experiment-notebook
3268,c86979adc8c310a75913e343bef09c40d4366747,miguelinux314_experiment-notebook
3269,c894b43c8e2fd7e45790ce79390db48befa99846,miguelinux314_experiment-notebook
3270,c8b1a0b697aa566e4201749328168b935c4c851f,miguelinux314_experiment-notebook
3271,c8cb0a696430574c808b6014d7448c10c81dd32b,miguelinux314_experiment-notebook
3272,c8dcb519cfbbe0b3300c0984c8c2a20a4f97e8f3,miguelinux314_experiment-notebook
3273,c9363841b27b0942fb77103c1b4a2cb092c0383e,miguelinux314_experiment-notebook
3274,c95195176b48edc64c8a8fdcbd85bde1795c4e96,miguelinux314_experiment-notebook
3275,c96fec43ff170763c1bb0f18ea762ba31ba4a2af,miguelinux314_experiment-notebook
3276,c97541d806cd8c7587442056ca793f7e038dd3a0,miguelinux314_experiment-notebook
3277,c977cc68dc9dc8ebdec378f9945685f40b70f96a,miguelinux314_experiment-notebook
3278,c9785520690ba41e6de9f790ddf6c44428658372,miguelinux314_experiment-notebook
3279,c98785ec44a35afa3eca41417c17fb7a2ee8e458,miguelinux314_experiment-notebook
3280,c99025414840b884667624d7e81c004f8c10cb3b,miguelinux314_experiment-notebook
3281,c99e1458f8e781c570c6d9ca29faa9ec5c64cb35,miguelinux314_experiment-notebook
3282,c9a028a909b5388117a161b90e16d2412913e6c8,miguelinux314_experiment-notebook
3283,c9b3e7d68b1bd929806238bb7907d534bad0d137,miguelinux314_experiment-notebook
3284,c9b4fc95744e8287e6942fcbc4bd11b532c64760,miguelinux314_experiment-notebook
3285,c9b67f39cb259e7a37e8c1acf64f5466c5a14aab,miguelinux314_experiment-notebook
3286,c9c7fd683ac25091a84933c9fca815528dd86229,miguelinux314_experiment-notebook
3287,c9cd6ab64fc805e160dd2db60da34fede5dd779c,miguelinux314_experiment-notebook
3288,c9d76b6c9e2d329a3abc6a2cb7a4c78c9b830835,miguelinux314_experiment-notebook
3289,c9d821e20dc2c4f2f6fb883a0fd1c2d0ef15a818,miguelinux314_experiment-notebook
3290,c9df2f7b65763a4166a96853ea24d5b7bf20fe2d,miguelinux314_experiment-notebook
3291,c9e71c874ae8bb80bfbe40a189078a987e83387f,miguelinux314_experiment-notebook
3292,c9ed0009f093d207b231806e347109029579e490,miguelinux314_experiment-notebook
3293,ca0b4cf2f795287df1f68e4e2325da2da58e3332,miguelinux314_experiment-notebook
3294,ca377ee78f94d028eaa318879651edff24590ff9,miguelinux314_experiment-notebook
3295,ca5f2ecddef2aade9748d4e396704b071f596a6f,miguelinux314_experiment-notebook
3296,ca6565c4f32b9e938663cd4531d921c46e1d9dd1,miguelinux314_experiment-notebook
3297,ca681d0564b7e50dd8736d84d5440bcdda7c6334,miguelinux314_experiment-notebook
3298,ca73aeb5e2f282d2655a8e8267627c75720957a3,miguelinux314_experiment-notebook
3299,ca9da7033fe2f22ec9d05001f908bf1e84e947e3,miguelinux314_experiment-notebook
3300,caa86373fae813dce9b7712848f19fac83e7b09c,miguelinux314_experiment-notebook
3301,caa86e3b4624bd6cd904b00d465eb4a9ed0423cb,miguelinux314_experiment-notebook
3302,caaa97fd60ff6e53777f13bfb40da0c1f9bbc32e,miguelinux314_experiment-notebook
3303,caaf8e1cb6f2201c28ce3501fcc2328eb4e877da,miguelinux314_experiment-notebook
3304,cac551d55caf727c5bf4caca8a7d25a2cfea6d81,miguelinux314_experiment-notebook
3305,cac6c2585bb8c9156e175df4efcb14a4fca8a4f9,miguelinux314_experiment-notebook
3306,cacbde0ebb847e4b3c28ccc732c88d358c06df26,miguelinux314_experiment-notebook
3307,cad9246360f4581dfe54fb6a9e37aaf7d9873c4b,miguelinux314_experiment-notebook
3308,cae0478067c4c155d23ea80f9c139b0d182e448b,miguelinux314_experiment-notebook
3309,caf283a1f3a989b6766d5d2457075e77a8896f39,miguelinux314_experiment-notebook
3310,caf794b944e669e9bbff3883d37a5d7d48b24320,miguelinux314_experiment-notebook
3311,cb0b09c763fca536b0780b793da0895cee9c5973,miguelinux314_experiment-notebook
3312,cb10434e886188b39cbfb721c6fc933c792992df,miguelinux314_experiment-notebook
3313,cb16138ed6f610ede1fbb359313c5969d702ed9b,miguelinux314_experiment-notebook
3314,cb327bef876da63fda6184229b1602813e37ed4e,miguelinux314_experiment-notebook
3315,cb34f44d7e187e9e0d928bacbc94c745915f864d,miguelinux314_experiment-notebook
3316,cb4201bc7cdecdef98d29a9431b44e82338e1a85,miguelinux314_experiment-notebook
3317,cb486e84d2e834924e11a4c0183d61f4da50a217,miguelinux314_experiment-notebook
3318,cb503936589752b3a6d7632e6d7d6253d4706047,miguelinux314_experiment-notebook
3319,cb637f3e5007f29dc4ec911441eed5d05e2afc69,miguelinux314_experiment-notebook
3320,cb65795ceb0704f3400eca621286fe96e6a729f2,miguelinux314_experiment-notebook
3321,cb69af7a8901910bf768bd8d5536e0c143242ed6,miguelinux314_experiment-notebook
3322,cb6c9b1bfaaacf4541600d6dd9805d062886d3fc,miguelinux314_experiment-notebook
3323,cb87e419e93bdb8372ca4c567b5830d738240888,miguelinux314_experiment-notebook
3324,cb9827144ad0ae4124291d83852f233de2a51a7c,miguelinux314_experiment-notebook
3325,cba44e4cabc95a84c96bdee8851a607cad1d8b9b,miguelinux314_experiment-notebook
3326,cbb029b4446df35767e9c56e1ad674b21bbffca3,miguelinux314_experiment-notebook
3327,cbd7596b98aa46dc625e4c6ca64452c8cd089768,miguelinux314_experiment-notebook
3328,cbde7dfdb0165180882a4c7891595b612785060b,miguelinux314_experiment-notebook
3329,cbef46561f15069b4bd39158bfec3cefc14e9399,miguelinux314_experiment-notebook
3330,cbf34053f146d298695cfe9712e2136789380626,miguelinux314_experiment-notebook
3331,cbf4399b7f3006944f39bdec66530b84a310f593,miguelinux314_experiment-notebook
3332,cbf8b46bda9ac97043e528b92a4edbdf09abe778,miguelinux314_experiment-notebook
3333,cc0969d5051222407524f380e55fa6186ebb32bb,miguelinux314_experiment-notebook
3334,cc0dd1463c97b66bcaa84e7715228798c2b52cf6,miguelinux314_experiment-notebook
3335,cc0fb22a636e1bf66c6335b7717b9cd955e12f71,miguelinux314_experiment-notebook
3336,cc1031dc69faa62c6e74ca14c37a7a7682f35326,miguelinux314_experiment-notebook
3337,cc1097e1a5587d01908625d7afcdaf716324beb1,miguelinux314_experiment-notebook
3338,cc2e181cfad238a5bdc70e808de8dadcd2f41bed,miguelinux314_experiment-notebook
3339,cc2f947c40bd86242cf6170a978fd5d03ca1aaa6,miguelinux314_experiment-notebook
3340,cc348094d151f6ba40b7d2386f4db50bcb066ccf,miguelinux314_experiment-notebook
3341,cc3d4373487b6065346fa5346e2888e41b38cd5c,miguelinux314_experiment-notebook
3342,cc5700959ea1c6f7e9317d67703a9a9e8a0eb7ce,miguelinux314_experiment-notebook
3343,cc64e368cffb32d4519daec0cffa1045f560f246,miguelinux314_experiment-notebook
3344,cc68a7493893d4cbbc69bd018ebbe8a0a6950c63,miguelinux314_experiment-notebook
3345,cc71444434a6668222d22a5991bfb3b7001e121b,miguelinux314_experiment-notebook
3346,cc9d1d76dfab7ee08dce064b629d37dae5a33991,miguelinux314_experiment-notebook
3347,cca5b6da54a8807fc912095442efa7511161a4eb,miguelinux314_experiment-notebook
3348,cd196720f73239fd851d2c31b92ac10f25cce0d3,miguelinux314_experiment-notebook
3349,cd2383e2d934e9ab1627e671083eeff00c960c2a,miguelinux314_experiment-notebook
3350,cd476b20d0fa9a42973a797a87d6be112eeae1cf,miguelinux314_experiment-notebook
3351,cd5871bb8774a2ef7c3e841f5a1ca972ebfe8d5b,miguelinux314_experiment-notebook
3352,cd669f375c81efea3d0b920b00f7ba47f04c3370,miguelinux314_experiment-notebook
3353,cd6fc99577c673e6c473dec67696aa43829d735a,miguelinux314_experiment-notebook
3354,cd709620799cd4f2e639027f4707ec5ca8d659b1,miguelinux314_experiment-notebook
3355,cd8faf28d307cf65728b006806208bb708cd8de5,miguelinux314_experiment-notebook
3356,cd9e8ee35b91055276c5e3d3f6ac42ef3151a8ad,miguelinux314_experiment-notebook
3357,cdab52583688907a1adbbc0d3d12d9096ef15637,miguelinux314_experiment-notebook
3358,cdad50b650ec4642b4d2e3eea513ea825853418f,miguelinux314_experiment-notebook
3359,cdb7931f01e1088e5d594fa998a86ca78a540c6e,miguelinux314_experiment-notebook
3360,cddbf0a22eef7ba31ed76122f2d2f6baddb5dc02,miguelinux314_experiment-notebook
3361,cde81a720fc23c0102e8c04de4aaf6d4a0e1dea0,miguelinux314_experiment-notebook
3362,cdf0ef7901281ed6b8da4dc947eab887abb771c1,miguelinux314_experiment-notebook
3363,cdfebde8f59ffe400e36facee090a557d383445a,miguelinux314_experiment-notebook
3364,ce01fc164569be5a9a9c079309a636563e2b454b,miguelinux314_experiment-notebook
3365,ce495af243862f2c052c77684672026f4e059e51,miguelinux314_experiment-notebook
3366,ce59dcb9aed3b136106b448986b8d094d1ec1193,miguelinux314_experiment-notebook
3367,ce5edf85961382bed433450fc82605e9c45556cf,miguelinux314_experiment-notebook
3368,ce6540ec0403a82fe7fd503132ce34288c370423,miguelinux314_experiment-notebook
3369,ce6a2b7dcb51856ae750bedb38d8500dcb57f4db,miguelinux314_experiment-notebook
3370,ce8d7984dd0b50a42bb2dd3ffe612a8e0e35b450,miguelinux314_experiment-notebook
3371,ce94a57b0c56ec38e39b6cdd797db7fc919b27b7,miguelinux314_experiment-notebook
3372,ce9a531007d6f732006fe4c8a952955b9bb04379,miguelinux314_experiment-notebook
3373,cea08f3dc1c78dcbfd8b1888251e3bf8a88472e3,miguelinux314_experiment-notebook
3374,cec2cbc1c90a213e96b42d7c089a02b63d2acb97,miguelinux314_experiment-notebook
3375,cec94e4432ed22150b91a9fb53cb59871f8a65b9,miguelinux314_experiment-notebook
3376,cec9da40700265acf24911c633b419c3fe77de1b,miguelinux314_experiment-notebook
3377,ceca57998383f2dda35ed8605c9002322536a0e9,miguelinux314_experiment-notebook
3378,cece197a3dc0a95ed5638230e992fb168c1dc155,miguelinux314_experiment-notebook
3379,ced3b2dc3c7d82ba4e447d33a56050d7a853fcb7,miguelinux314_experiment-notebook
3380,cef34433572a4671569cece50c8ccc7a12aa4ac1,miguelinux314_experiment-notebook
3381,cf14f728c2ed72658e2a91ad623d3422ef43ab78,miguelinux314_experiment-notebook
3382,cf22bbfd48689db320897a713633629a6b194811,miguelinux314_experiment-notebook
3383,cf29c243d716ca8a5c06eda969f8b0289bcc6fcc,miguelinux314_experiment-notebook
3384,cf2a7d4df65b4be0c80509fb907f737f4786da54,miguelinux314_experiment-notebook
3385,cf503d13c1e2db2eae3d7dd441e66dee74aeda23,miguelinux314_experiment-notebook
3386,cf6a177bd89402b590e681db3f5d1f84b45123f8,miguelinux314_experiment-notebook
3387,cf6f58b38c257e0b01d54f6fafc4c81ac919e296,miguelinux314_experiment-notebook
3388,cf72864b9fdf09fdf541db66d8a44eee42f50aa9,miguelinux314_experiment-notebook
3389,cf7c0d6c92adba9cf37234c18600922900358979,miguelinux314_experiment-notebook
3390,cf944996c87d1a6de9a5cb1ca0d1da42991c1579,miguelinux314_experiment-notebook
3391,cf945debb2341bd7f76a89fef5fd697053681a20,miguelinux314_experiment-notebook
3392,cfcab4fb1dba9a450f7a0e331729c2bc971cb3a7,miguelinux314_experiment-notebook
3393,cfcf845a0d388c62f7146e826f307e9389788002,miguelinux314_experiment-notebook
3394,cfdd1315b41b7ce9277ae9b7d644c5fe66706b71,miguelinux314_experiment-notebook
3395,cfe1d0b5a206f6f7db852bf7b6b7dc20b389f131,miguelinux314_experiment-notebook
3396,cfe4f37a3a211fb12c566d4f8ba5afbafb3605e8,miguelinux314_experiment-notebook
3397,cfe996a13e1fef57e209d9c2061d246029213c37,miguelinux314_experiment-notebook
3398,d0085c47948ebcbfd963e6e93118291a5d6c9b6e,miguelinux314_experiment-notebook
3399,d01501713112dd954a855da85303a4b295e0cf1f,miguelinux314_experiment-notebook
3400,d01e875304311705a99586b60c23c6770758214d,miguelinux314_experiment-notebook
3401,d03046564f3cce1833ae7ce139bea4bbf45e5bb4,miguelinux314_experiment-notebook
3402,d03cc7006d5429bbf59bf435029df231267f0e7b,miguelinux314_experiment-notebook
3403,d048e6851c83b054e7a24b0b245a5ae71bcaf2f5,miguelinux314_experiment-notebook
3404,d04969ec09947d0071ea690857a84f0c1c11f13f,miguelinux314_experiment-notebook
3405,d04b9786640e743140f3034ba48a5cd336c2c24d,miguelinux314_experiment-notebook
3406,d0546685723208677be6c1a9e70d69a7c831c011,miguelinux314_experiment-notebook
3407,d0599b5ca928c1475a0ffaa6cff86d06085de7e8,miguelinux314_experiment-notebook
3408,d05f412a7b397cf7a28862cd730cc2800dfa7f11,miguelinux314_experiment-notebook
3409,d0658773537ca63b97570a0ca876df1105db478c,miguelinux314_experiment-notebook
3410,d077cd037f7570bf33fb0b22f8f2f79e8baf4e1f,miguelinux314_experiment-notebook
3411,d07d49250938df87cb90515f3f0d1f0ad0b406ea,miguelinux314_experiment-notebook
3412,d0953ff817653dfc244f87a405ba6087721c0f59,miguelinux314_experiment-notebook
3413,d0bc8aaa90df9706fd85035222a9d86128c5799b,miguelinux314_experiment-notebook
3414,d0c0773968fc46923ccab163e1179d9371489d2c,miguelinux314_experiment-notebook
3415,d0cc0f3d79f5a595aa8f24debf318659d913411d,miguelinux314_experiment-notebook
3416,d0d5adc5ddcb36924ac407e8518d53c13a30e7e7,miguelinux314_experiment-notebook
3417,d0d6a7eb796d472eafb7dd618974877d83e8042f,miguelinux314_experiment-notebook
3418,d0e03525d73430a5318dc83280920f0056b5aa38,miguelinux314_experiment-notebook
3419,d0ecf217b82f6abd373764557a00a266076020b9,miguelinux314_experiment-notebook
3420,d11d7521e2cc0639cc8f1f3c5dea87bc3c366ea4,miguelinux314_experiment-notebook
3421,d1304fd3c291843ced875ad41a67097bdae8d950,miguelinux314_experiment-notebook
3422,d133834f99c18bf090c64c37c3db9e6db4118d84,miguelinux314_experiment-notebook
3423,d1399a4e99fd9b1853c1a6a6081490afc4629b7f,miguelinux314_experiment-notebook
3424,d13cfc913e4ddd9400fa53ec686a9b46ab3104f1,miguelinux314_experiment-notebook
3425,d14e1c5059332b322c63dbf027dfa633efc92567,miguelinux314_experiment-notebook
3426,d17d409538a56ed6ed9c3d52a940fdc3bb11fad4,miguelinux314_experiment-notebook
3427,d184e2e1955989eb1a667c2ad1f2275c0f867d5c,miguelinux314_experiment-notebook
3428,d18929746cf8ac89913a996785ced0967e0270a4,miguelinux314_experiment-notebook
3429,d193a16fe2af9de79bb0d63e50edf121574c8f16,miguelinux314_experiment-notebook
3430,d1b428b0454c0e2f3532a6c306e28983e42d5ad3,miguelinux314_experiment-notebook
3431,d1c121df5416dbe625b855a075ba24d4550ca439,miguelinux314_experiment-notebook
3432,d1d3cb7da10b08163fdf9088a9dcc2e7ecf51db1,miguelinux314_experiment-notebook
3433,d1d779fbfda2fb76dcbca08acc9f8b68d68e2c08,miguelinux314_experiment-notebook
3434,d1dd6ff9813693cd9010a9b7234dd0849bcf7ba0,miguelinux314_experiment-notebook
3435,d21c465d6d72ce2df4a62cab8595462c3085c7d5,miguelinux314_experiment-notebook
3436,d2302ee9110f5df45a0befe58c68d08bf9dec292,miguelinux314_experiment-notebook
3437,d23068ba8fb01284d854876beb0468d302a46c35,miguelinux314_experiment-notebook
3438,d23f229e9ddbe02e8c2503fb122c288091f41bc5,miguelinux314_experiment-notebook
3439,d257185c5946e3c640dbd7fc1c1c40c6e0e689fe,miguelinux314_experiment-notebook
3440,d259c7122b15b354372d57a0b1ae719cd68c2481,miguelinux314_experiment-notebook
3441,d2648e3b856e059048008aaa470ee1d6db10de8d,miguelinux314_experiment-notebook
3442,d266dc9181476b204d6aa1c5cc674e270a6af604,miguelinux314_experiment-notebook
3443,d266fde6234cebbe36e30941adae722a80018b24,miguelinux314_experiment-notebook
3444,d26c57a55364e6e8642d9527b3afa59942d59426,miguelinux314_experiment-notebook
3445,d273330bf559fecf84898a8fe129baf1de5b6e01,miguelinux314_experiment-notebook
3446,d2911eeb4cb6842161fc97d3715c0f614721dbab,miguelinux314_experiment-notebook
3447,d292c930866358728438cd5a1a5e793b247819c9,miguelinux314_experiment-notebook
3448,d29863201d6af7eff02cd565845c2f5e39050bcb,miguelinux314_experiment-notebook
3449,d29cfb7fdaa3c6175cc202a37ac89945a4953cef,miguelinux314_experiment-notebook
3450,d2ac2746c13b403fd858cb23991e9f742d4f415b,miguelinux314_experiment-notebook
3451,d2dbfa5d7d7b5d501297b22a3a03b8de412f331b,miguelinux314_experiment-notebook
3452,d2e6e4695270959fcecf023b7667330d5498aed8,miguelinux314_experiment-notebook
3453,d2ef6fc2caeea06d9c83d0216989393d147b17b4,miguelinux314_experiment-notebook
3454,d3055e2ec2e445b195e3379e32bab1695f62109d,miguelinux314_experiment-notebook
3455,d317ff7c3223b9105b0bdcaed2f438a39455958e,miguelinux314_experiment-notebook
3456,d321bbf4b5fb346cd3cb3d26e3ba58ef57788632,miguelinux314_experiment-notebook
3457,d35261e89975b2b9e23c9bf0eff42f5d046f89a9,miguelinux314_experiment-notebook
3458,d3639aede9dcf207f177f71bdfe9a3685608125e,miguelinux314_experiment-notebook
3459,d3b96e3a0281dd8e59856c38aab5875c1b5172b0,miguelinux314_experiment-notebook
3460,d3e8009a5e8d3d2529ac5bfa020a5e67c33f0045,miguelinux314_experiment-notebook
3461,d3e83a27d0df9cb17fc52ba096e234c4a35045e9,miguelinux314_experiment-notebook
3462,d3f46e7be2959358985bf36f3a9cf129dd8a89ac,miguelinux314_experiment-notebook
3463,d3f6bc30adf53e63135e73218e562a8ec49ac9cd,miguelinux314_experiment-notebook
3464,d412e1509c09c8c4db0cd67af7d6a8b5f8d73f37,miguelinux314_experiment-notebook
3465,d4162f1d0b63eafc35f4f817c7c777978fb91afd,miguelinux314_experiment-notebook
3466,d417f16f4b27cb84c0f5dd40251f5f5e120dc7d8,miguelinux314_experiment-notebook
3467,d419b4b18b3b27f41195f0c36e14a4a603754dee,miguelinux314_experiment-notebook
3468,d41ef6c82425bebfad0c737205454b733b9e2d95,miguelinux314_experiment-notebook
3469,d421d111675ccf373647f09c5cd3c3ffc492cf32,miguelinux314_experiment-notebook
3470,d4475685420ec35b82be118cb058927fd7c6d9a1,miguelinux314_experiment-notebook
3471,d459391df39c1cb37afce2eddc15c921569e5628,miguelinux314_experiment-notebook
3472,d47a66c72878677f2d3d62ec710f38c0ef49176f,miguelinux314_experiment-notebook
3473,d492176949e91d72b4d1dda9994046a061c0fa08,miguelinux314_experiment-notebook
3474,d4a1797773094d08be07398a1769b79d037e9536,miguelinux314_experiment-notebook
3475,d4b63a22cfcd82017da3429490d242407cdedd11,miguelinux314_experiment-notebook
3476,d4bcd55fe7680ddfba388cea8ee1f8c7275aa366,miguelinux314_experiment-notebook
3477,d4bec306fb2026c24959d7599d39728c4726b347,miguelinux314_experiment-notebook
3478,d4cb2c4c43f47f015978bb3ebc3a63654323beee,miguelinux314_experiment-notebook
3479,d4cb47016beec0b1370b7465dcef5dc80cde3d42,miguelinux314_experiment-notebook
3480,d4ce8115a79b1fb0dd5089a3fab6aab010449dec,miguelinux314_experiment-notebook
3481,d4d7d13ba0ad3604412de634da66622dbe95edd7,miguelinux314_experiment-notebook
3482,d4db56ff09fc07ec9a76538a3c6066cff728a2b0,miguelinux314_experiment-notebook
3483,d4e364012ca2fc4bb3374570624a67857ad026e6,miguelinux314_experiment-notebook
3484,d4ff11a09c161ab7849fe56e1509ba556216ba6f,miguelinux314_experiment-notebook
3485,d532df74541edb419a0e0d51d95c6d647b7a2230,miguelinux314_experiment-notebook
3486,d55ac305e416024bf178682e65d3fa681ff2ce15,miguelinux314_experiment-notebook
3487,d5730b5de0180d027827a7168cb3f912a671a9e5,miguelinux314_experiment-notebook
3488,d594e0a48b91c5cc304ac26181e97c197111953d,miguelinux314_experiment-notebook
3489,d5ca25daaddb882a560fe20e043aaf19962b6d43,miguelinux314_experiment-notebook
3490,d6177449d3b2efe4f098b5558ae4118437f39f74,miguelinux314_experiment-notebook
3491,d61c53fd64b2a4e24ab79c1f4c536cc81d3cbcf0,miguelinux314_experiment-notebook
3492,d64a13f5c8548c7788a5b2fb1fee78a704c6ffeb,miguelinux314_experiment-notebook
3493,d64cec7c62167167e2fc7ac2385c1e4c7888871f,miguelinux314_experiment-notebook
3494,d6608e30e042861a86531a4fd6c31165d18b8068,miguelinux314_experiment-notebook
3495,d66a62e1a684d1dead04d34cc25e4423d6d6ed65,miguelinux314_experiment-notebook
3496,d675a52b5b341c37a2fa56b65cd24642d25b7eb2,miguelinux314_experiment-notebook
3497,d67f87c5b5fea82fca84929012d1f84df2d39a16,miguelinux314_experiment-notebook
3498,d6835dcff6e38e21a58299a78e2960a60721e414,miguelinux314_experiment-notebook
3499,d68e49050fbe6d3c4980bd9cad48eee96673682b,miguelinux314_experiment-notebook
3500,d6b689445f95e14235d3dd296c6fb6d9c7d8bc1d,miguelinux314_experiment-notebook
3501,d6ccbcd7408cb3ae130c2e662c9813de357ace9f,miguelinux314_experiment-notebook
3502,d6d093c9848644d2b2ff2dc37d2e36cd14a33a66,miguelinux314_experiment-notebook
3503,d6d343df6a3dd0c5b23bacaf2e37755d5771e18c,miguelinux314_experiment-notebook
3504,d6d6d995a56f45e0de6ed082881fc8d8de2253d4,miguelinux314_experiment-notebook
3505,d6d98e5edfaf80ffc25e2932814b0c9cde279a16,miguelinux314_experiment-notebook
3506,d702b513b1e606c2d40eee8115568dae6a8d5c8b,miguelinux314_experiment-notebook
3507,d70be8d69ad20b2cd325d24e5768f91b0882f906,miguelinux314_experiment-notebook
3508,d7107df65d0f1980597e90b6c33f9ec3c3a194da,miguelinux314_experiment-notebook
3509,d71a12c22f094efa527f84121b59ced974702d98,miguelinux314_experiment-notebook
3510,d724a5ced4ca9a7fe020b587e97ec7f722e4aa27,miguelinux314_experiment-notebook
3511,d7493621bf08f1faf8acd5595789576f4834a738,miguelinux314_experiment-notebook
3512,d75b72de19e9bd1248965e9b1a0faa614c0d4acd,miguelinux314_experiment-notebook
3513,d7709515a4957942b1f02b7290edeb9c7beb7a90,miguelinux314_experiment-notebook
3514,d79271de396be7872a8e62d4a5e8525712b4b2d5,miguelinux314_experiment-notebook
3515,d7a4afd541f6ff26c2e5a40ed58c7af91828f400,miguelinux314_experiment-notebook
3516,d7d3ba5c8ba06f2948492245f953967c7434db8f,miguelinux314_experiment-notebook
3517,d7e0450c623dc504223ec009942c631665f81ce3,miguelinux314_experiment-notebook
3518,d7e0471e4681ff1a22a5875dca243b84c70343f5,miguelinux314_experiment-notebook
3519,d7e445cf5aa11a9a0893a2bd78e3f32d4c9e5843,miguelinux314_experiment-notebook
3520,d7f44d2d9d745ab58743f9a75d1239cecda93ca8,miguelinux314_experiment-notebook
3521,d7fc3219ac05d59d27cab4205149dfa205e5456a,miguelinux314_experiment-notebook
3522,d7fc85928f0e55adaa972b5783891a30d107d514,miguelinux314_experiment-notebook
3523,d8033f3c78339fe1bd3b02aaa632ff1a76d9f484,miguelinux314_experiment-notebook
3524,d816d8e924337b8fe5702db412080d8eb37eed33,miguelinux314_experiment-notebook
3525,d818d061f0386c9ae7d8b1c6dbf979b18923cef2,miguelinux314_experiment-notebook
3526,d81e1a9b8e30fef7e1c82490aa9a2335b5d45fc4,miguelinux314_experiment-notebook
3527,d82cbcc03a3fce83e577abd53866872c53b9d5a2,miguelinux314_experiment-notebook
3528,d83568a2ba7b8c975d9cbe5f38fffa21fe4e5a9e,miguelinux314_experiment-notebook
3529,d83640ac72e4f2e6b349361ba9bfc0f4a846d093,miguelinux314_experiment-notebook
3530,d839847292455b0db5f6027e135796656c86a72f,miguelinux314_experiment-notebook
3531,d84958774a9185a30238938bd85abb2b0a886c72,miguelinux314_experiment-notebook
3532,d888578e3f6a041c5f45d847573d51d30d7626a0,miguelinux314_experiment-notebook
3533,d899200cbe05ed836e26412d2c6b27933c7a1674,miguelinux314_experiment-notebook
3534,d89e883ec3dd1ab93ca0818db58ceec4c9eba09c,miguelinux314_experiment-notebook
3535,d8a14314ab31de25ccc0aee7a4e1270391ed6f40,miguelinux314_experiment-notebook
3536,d8a99490395cf556d76fe37650f12109f4eedded,miguelinux314_experiment-notebook
3537,d8afee9f7841e0a0a38580d0e6244771e28ced84,miguelinux314_experiment-notebook
3538,d8c4dd84a5dd79ba372f1942ecf1788139f8b0e1,miguelinux314_experiment-notebook
3539,d8d89f204f1425f14508e99339dae8cd35fdb1b7,miguelinux314_experiment-notebook
3540,d8e7e21a78441c0d4444d4e33ca829c184c4f99d,miguelinux314_experiment-notebook
3541,d8e804b4a2e1eafc747431c06de1179a8b18b6f6,miguelinux314_experiment-notebook
3542,d9104cbf728894cf1e4590948c259eaac1f24442,miguelinux314_experiment-notebook
3543,d9328d33de1627f538e16c116a2a8645d35ce5fb,miguelinux314_experiment-notebook
3544,d9382c2bb3a51729cbf95a7e169e0ddddb65ace1,miguelinux314_experiment-notebook
3545,d93e980a76b1c9ce4489e05d58af7eab7938bc8a,miguelinux314_experiment-notebook
3546,d962d4efbe7750144451895b2313abebb63a6fbd,miguelinux314_experiment-notebook
3547,d9772c6ce7e6882d513439c91957a0bdb57d3e97,miguelinux314_experiment-notebook
3548,d993b7e9ccf946563fd07898bc23b2bbe2379091,miguelinux314_experiment-notebook
3549,d9ad0daadbf399a6691bcd22b9bfea1ede44035d,miguelinux314_experiment-notebook
3550,d9adcbfb10405400de5fa555401c9f94b3a4d937,miguelinux314_experiment-notebook
3551,d9b87c493552f3d24e3e227de06cd180b98145a7,miguelinux314_experiment-notebook
3552,d9b9c936b65f71a54c96ff2f91f66c3f9818410a,miguelinux314_experiment-notebook
3553,d9be2b868a577483f2cfe66d49eae6012e1a0011,miguelinux314_experiment-notebook
3554,d9c1e179ecb82b35153cf819f9c3eb80c1fff302,miguelinux314_experiment-notebook
3555,d9c4dd0e7f51c9e3f01185602c002c8ad088422b,miguelinux314_experiment-notebook
3556,d9df292daa789281e7c844bf9461946345019596,miguelinux314_experiment-notebook
3557,d9e7e91c167704d1aa4c544bba26c5be3aa45e63,miguelinux314_experiment-notebook
3558,d9ef17768e1eadbf2fa9b5646e2b44055dec926c,miguelinux314_experiment-notebook
3559,da075c40cdf8a9c21277855b54a2ad5141328b98,miguelinux314_experiment-notebook
3560,da17bc0d00e15c5625f794c9a9f942b4a95eee63,miguelinux314_experiment-notebook
3561,da19e8de16012ed2185c006c63546382fec2456b,miguelinux314_experiment-notebook
3562,da4cd8400c1ff669b76d46d9b2d984afa1a0614e,miguelinux314_experiment-notebook
3563,da628a209fb8e554d0f5b20bc9dbac42ec0e9dd9,miguelinux314_experiment-notebook
3564,da6a7e50545b6d48b849efbe66f0b6ff97082864,miguelinux314_experiment-notebook
3565,da6dc9690cabcc281fb66b3d1298c300de9d1569,miguelinux314_experiment-notebook
3566,da6ec26e96babef845a7a1f4c8e604bb9194697f,miguelinux314_experiment-notebook
3567,da6f171278032d247d7a583f2c141167cac8bcf3,miguelinux314_experiment-notebook
3568,da78584319ec6af45ed7106d618b46a18fd92e34,miguelinux314_experiment-notebook
3569,da7cb8cc0e26be9687b9b1e2a33795f61725d04b,miguelinux314_experiment-notebook
3570,da7f63807c764b1cad39b2968b1481fc56303486,miguelinux314_experiment-notebook
3571,da875c8c200e0faa7ad5d53cb215f8e5b909f76d,miguelinux314_experiment-notebook
3572,dac37d684c819c608ba5e6a89093b0effdb64804,miguelinux314_experiment-notebook
3573,dadf3232f007d57c8f0f8ba28716a80bdfff7ed9,miguelinux314_experiment-notebook
3574,dae19987cc73cae4f25ccdaca592dffec44f91a3,miguelinux314_experiment-notebook
3575,dae5d85d1636485af89a7e9e5c92e3a1eddb5b75,miguelinux314_experiment-notebook
3576,dafd944c7cdc482463c469102835995d65e3cf3c,miguelinux314_experiment-notebook
3577,db00fe804fe0c0b54b470cadb71c31c40627672a,miguelinux314_experiment-notebook
3578,db041d236d869bdf90bc66033b57a8b07a69d733,miguelinux314_experiment-notebook
3579,db0d180ed49837da35556fa5b83ab0120808ff06,miguelinux314_experiment-notebook
3580,db141f05866af06c5e5491ddef4343e6d8a56b3f,miguelinux314_experiment-notebook
3581,db17246c1e7a228eca0e6ac06f201998a19d04b6,miguelinux314_experiment-notebook
3582,db1fdb491d19770e06fd07be025b0d7c0e5e3ee7,miguelinux314_experiment-notebook
3583,db202a4ea755de57a5b295738807ade363ba0566,miguelinux314_experiment-notebook
3584,db41622c7507ae0cb44bd4ac35c2f904353c0970,miguelinux314_experiment-notebook
3585,db4c9099fe33f1190b0a18fc357bf3cdf0d6900e,miguelinux314_experiment-notebook
3586,db4f255d66fbb1df714705035b899f6ff6b33948,miguelinux314_experiment-notebook
3587,db6d61db8b2ea4147f9bb74dd03123a4c4bdf1cd,miguelinux314_experiment-notebook
3588,db9288c34468687c15c242be85926bac8b3567a7,miguelinux314_experiment-notebook
3589,db9da673a314d8e475e1f6640dd5e5228adf31d6,miguelinux314_experiment-notebook
3590,dbacb8dc3f844e5b45f20611c80706119b314460,miguelinux314_experiment-notebook
3591,dbb747269dbbfff3bf1165cdc9187883d97dfdde,miguelinux314_experiment-notebook
3592,dbc32975341a50b2976b791f294a96f40cdfa4fa,miguelinux314_experiment-notebook
3593,dbcaab81eeea21c28afa29f39f8d81f810a5200e,miguelinux314_experiment-notebook
3594,dbd665d8f72fbb54e952da3a46f01e0778df57d1,miguelinux314_experiment-notebook
3595,dbd7d953b2fcaab71b1934306cb832320e300a97,miguelinux314_experiment-notebook
3596,dbd99e7b079efb1707a39b5a5e2661d61bcf7569,miguelinux314_experiment-notebook
3597,dc13079877cb5e02db994fd429910a415b0c1c69,miguelinux314_experiment-notebook
3598,dc263ef6cbe95baae44fbe74857318775759acc0,miguelinux314_experiment-notebook
3599,dc2d614297f7505b099a6c0e530075ecf1f7c363,miguelinux314_experiment-notebook
3600,dc4a17b098fedb79eff1bd64e6a8680111c28e31,miguelinux314_experiment-notebook
3601,dc5cd189454c137c25d538c12e4280f65123b012,miguelinux314_experiment-notebook
3602,dc69c469c6db7cf016dd6906303dba51a1978cf3,miguelinux314_experiment-notebook
3603,dc7543d0e897d04ad507b1ec5c2a90435c2f45a1,miguelinux314_experiment-notebook
3604,dc7b15c8fe62de68db88594ac615da5f61ce4bd5,miguelinux314_experiment-notebook
3605,dc7ddf1ef3e0f789370731ac1782ced09e0a6e31,miguelinux314_experiment-notebook
3606,dc9d22fcca2d26f613d55b8a79da804cf0b65de1,miguelinux314_experiment-notebook
3607,dcde241857d8b4a002ca7536af813138d6256338,miguelinux314_experiment-notebook
3608,dcecd0e64c5eca746ebf086e19bee0db0ce29a43,miguelinux314_experiment-notebook
3609,dcf77e137386b3c7a687a3cb7ee5384436265783,miguelinux314_experiment-notebook
3610,dd04b30d9dc38bf79c4078203f33086b96f86721,miguelinux314_experiment-notebook
3611,dd348c8181f64d138741f81f069eade3ab863576,miguelinux314_experiment-notebook
3612,dd3d26709604a7875b031d161eec1316cd1cb8c1,miguelinux314_experiment-notebook
3613,dd43ad807f84c456612d62c8ec984eeafc40c5fc,miguelinux314_experiment-notebook
3614,dd44ec8a58b10be3362f54937c883c32968f8740,miguelinux314_experiment-notebook
3615,dd473ab84646e28478b59e70089898dbdcb5fe08,miguelinux314_experiment-notebook
3616,dd50b145cd9dc71c43bea63ff8f3bff37c5f989c,miguelinux314_experiment-notebook
3617,dd59854ba9645754f78121897358c0bdd40d7cb9,miguelinux314_experiment-notebook
3618,dd5b4f8da270928810fdf1e577b36667411353f0,miguelinux314_experiment-notebook
3619,dd6ae922581a40f7cc03baab1e7a927350aa9e15,miguelinux314_experiment-notebook
3620,dd6e9ae366cfcb619ab1945a3ff6fa1b243f338c,miguelinux314_experiment-notebook
3621,dd72b4a06d036fc9c571c036b8f128d8af5fb8af,miguelinux314_experiment-notebook
3622,dd810fd821d14918382fb2f802bb021823877f1f,miguelinux314_experiment-notebook
3623,dda103704f7485392d6ef822af509011704db161,miguelinux314_experiment-notebook
3624,ddc2038286c685484f72ab9c4edc0f7c78c01ff9,miguelinux314_experiment-notebook
3625,ddc7e4893052b8a121c21fad8dc5ba8c04a92586,miguelinux314_experiment-notebook
3626,dddc51fe3114dff040dc1d684a06b345e7e88df2,miguelinux314_experiment-notebook
3627,ddee83bc2235e349eeab82e8efe3d7d9a1897e19,miguelinux314_experiment-notebook
3628,de168ab6d1835983c4038609f399d1619796b918,miguelinux314_experiment-notebook
3629,de2767e789ebacd25d8ed0af7879d6785507765a,miguelinux314_experiment-notebook
3630,de366d6c9b96570fe0f38a462fb76dd1c2743d32,miguelinux314_experiment-notebook
3631,de41a7faba1804c216136d93dab95e90e0e5405b,miguelinux314_experiment-notebook
3632,de6c3eaa88f419a6e4df9404cd2be3cb900f4632,miguelinux314_experiment-notebook
3633,de6e40b320fba5c7df461bfc1ad3a3027e120730,miguelinux314_experiment-notebook
3634,de7b931948837779663887aba64866c8930d2578,miguelinux314_experiment-notebook
3635,de84ef0ebf7eda0d59633bdd12c69fe70e6d0b69,miguelinux314_experiment-notebook
3636,de8832e6a02c70dcf0adad8263e04c3265add500,miguelinux314_experiment-notebook
3637,de90638042bc07493f94123f0b03e5a2fc68d267,miguelinux314_experiment-notebook
3638,de9229d93b746c36eff83c8958296549578352ef,miguelinux314_experiment-notebook
3639,de95e1d5c82946cb599fe26eb605c75691d7c019,miguelinux314_experiment-notebook
3640,debace23a8624f798e22dd3d2b1852cc5dabd474,miguelinux314_experiment-notebook
3641,dece8bbd458eb31742ee8c68be97e1f90d743646,miguelinux314_experiment-notebook
3642,dedf28da97a79ea4b55ef4204c94c10f2cd738cc,miguelinux314_experiment-notebook
3643,dee39e1750295ec6ae3951049d0d344d6573be9c,miguelinux314_experiment-notebook
3644,defd9ea55718c314003360c541e1a9370fa672b9,miguelinux314_experiment-notebook
3645,df3abb0cb38f592ee36ba500cff4ab911ba32cf8,miguelinux314_experiment-notebook
3646,df4b8a2cbb247c847de70f3d7cedef577f7c45a0,miguelinux314_experiment-notebook
3647,df4f211ffa02f62551aeaa609dc83a494881ea43,miguelinux314_experiment-notebook
3648,df5810cdd1476f198b570cff66629ea03e109c10,miguelinux314_experiment-notebook
3649,df8bd28d431da18ea64571b085aca8bdef40a6e2,miguelinux314_experiment-notebook
3650,dfacedd03f18e50075e00ff6258ceea99a6034c0,miguelinux314_experiment-notebook
3651,dfb2195a296c1ab874644a95bcf22f4730d6454b,miguelinux314_experiment-notebook
3652,dfbfaaa5677c1fa33d0fd180ed4ae82aad28f283,miguelinux314_experiment-notebook
3653,dfcdfad18a84a2205a78ae738b50feb7a0bd923c,miguelinux314_experiment-notebook
3654,dfd06d796b73ea8ff710470c7045dd62fe30c2e3,miguelinux314_experiment-notebook
3655,dfd35e0f0c73d2b92b21d88b24affe8ffe262abe,miguelinux314_experiment-notebook
3656,dfdf609c25aef7a0b4f1f6c4246c3127cdd0be74,miguelinux314_experiment-notebook
3657,dffcf034c82b61aef1258d7bea0f60d80578c656,miguelinux314_experiment-notebook
3658,e011f094635764508bde85f6d1b2f8202384b131,miguelinux314_experiment-notebook
3659,e044e681cb52747f283ae0129d6bac168ff14f12,miguelinux314_experiment-notebook
3660,e04b08f5096655bacd473923308af964a79eb6f7,miguelinux314_experiment-notebook
3661,e04bb374202324cd26d20915a38351f454350ee7,miguelinux314_experiment-notebook
3662,e056f22d21843e3639a325cf3980bc22755db62a,miguelinux314_experiment-notebook
3663,e05e17c6b89587e51ac3e55b88b5162d02e89f80,miguelinux314_experiment-notebook
3664,e0740097c5266f43eb941c8f6e9d53c1715bd9e6,miguelinux314_experiment-notebook
3665,e07a575d4577c040c3686edc64288540c8a12133,miguelinux314_experiment-notebook
3666,e0859927474fbf817a37c9659d484ed5ae613c61,miguelinux314_experiment-notebook
3667,e086b5ac47a4f5a74785fc5de5a1c84e6b2cbff0,miguelinux314_experiment-notebook
3668,e0a4112c6cb1df89751029ebe56c01a3ce67e051,miguelinux314_experiment-notebook
3669,e0b8ecac8f2214993d97bfcb59615e8c98ca483e,miguelinux314_experiment-notebook
3670,e0df1b651e0c37492d3221f535cc2e2e96ce48a2,miguelinux314_experiment-notebook
3671,e0f7aedd41f60ff59d477e63512b62c4cfbbce3e,miguelinux314_experiment-notebook
3672,e1140cad623366183ba5d7756b2ed359eddf1426,miguelinux314_experiment-notebook
3673,e13b16e93d44a7f2f4635783d5251cd319bc025f,miguelinux314_experiment-notebook
3674,e14ef06a1635d2bb505e1fb90068deb9a61e87be,miguelinux314_experiment-notebook
3675,e15bdb3527a342daacecb8a40dcfdb730340a825,miguelinux314_experiment-notebook
3676,e16574529616b29b95df6132ef65e77f8da01ec4,miguelinux314_experiment-notebook
3677,e165d1ea81f6741d444a862dfae779051c10a686,miguelinux314_experiment-notebook
3678,e1789d219d0202f00a6cc369c3d61320c9074dd4,miguelinux314_experiment-notebook
3679,e17bc5e0edaa9402bf8b0539c211f2c65b2f3c66,miguelinux314_experiment-notebook
3680,e1830a45947f984e6211837e220176b09ec8c9dc,miguelinux314_experiment-notebook
3681,e1891da853cefd6a48bde742fd58cee1df351d23,miguelinux314_experiment-notebook
3682,e1c56b811672b80c60cf36931ff1af85e49bc4d2,miguelinux314_experiment-notebook
3683,e1d49da130742ce6eac27c3c283c3450e44c6b28,miguelinux314_experiment-notebook
3684,e1d535d3a89a89281d599e86f96e0f8201db60d3,miguelinux314_experiment-notebook
3685,e1dc7085bbcbf3bd4cc88e7fe065fb150cba27a1,miguelinux314_experiment-notebook
3686,e1fa05e81ce3deb3360ebf664778c6f76ec64713,miguelinux314_experiment-notebook
3687,e1fe03820c096392fd058175a35b4e28d61bcb4a,miguelinux314_experiment-notebook
3688,e2040b24241b31e2621f58093fae370150b96aac,miguelinux314_experiment-notebook
3689,e24514fa2ce9d26f92cf132285ed66f8022fc7d9,miguelinux314_experiment-notebook
3690,e259faf89549565aa36a86acc8a89e5da1036647,miguelinux314_experiment-notebook
3691,e26a9caad83cc59aedf01f4841cc78dad6307eb9,miguelinux314_experiment-notebook
3692,e26fe4f91a27e907ce1b994725e9941dea8e83dc,miguelinux314_experiment-notebook
3693,e28c14dfef707e27eb3c2e16b136e15fdf499648,miguelinux314_experiment-notebook
3694,e2abd987b6c5915b3eadebc97eefcbd709ed6aea,miguelinux314_experiment-notebook
3695,e2ad92e20db3a4a6ff5da90f8fa254779f4a228a,miguelinux314_experiment-notebook
3696,e2b55707b5e779e0c0d8ea29795bb485ef4ed49b,miguelinux314_experiment-notebook
3697,e2bb9627a9805705c97aed3d84fa946865f940af,miguelinux314_experiment-notebook
3698,e2be16e8571bf91c95840b3aad893fd2ea27c2ed,miguelinux314_experiment-notebook
3699,e2cb70a4959db01da5125d81f1914f6be3e80b5c,miguelinux314_experiment-notebook
3700,e2cf1b3e0bf3774aeb1ff2294ec67bfd72883843,miguelinux314_experiment-notebook
3701,e2cf64359e4121b6d89ba0758174285521abfd44,miguelinux314_experiment-notebook
3702,e2f2ef8df32777b35e27b75f9a94dead3a0401f0,miguelinux314_experiment-notebook
3703,e303c3b7a286593cf835bb895f5704732b2b105f,miguelinux314_experiment-notebook
3704,e33d02d7b9d716266a4092659e953e44a31240ab,miguelinux314_experiment-notebook
3705,e35752434465ae161bdf9f1dbba0b3d3653e40d7,miguelinux314_experiment-notebook
3706,e366e9d1d47eb105b8af06a2530157ae6b0f81cc,miguelinux314_experiment-notebook
3707,e3705eb4768916e2d00f2ecabb07917845d0a38d,miguelinux314_experiment-notebook
3708,e37251545db649080a047b4450f352359529f2c8,miguelinux314_experiment-notebook
3709,e379f0f9b6c7fcbae9d81a90bed250a13bc185d4,miguelinux314_experiment-notebook
3710,e380dc5653e51a91717bad699f1e5a9a1c5f2e58,miguelinux314_experiment-notebook
3711,e38f1ad5273c58630ef4863a15de5885f327cfa5,miguelinux314_experiment-notebook
3712,e3acbf7a2749551e3d156e3bc8c6bc2c57edd929,miguelinux314_experiment-notebook
3713,e3b2d88eaa1cdf186804d8ad74e11cd89d1c42ae,miguelinux314_experiment-notebook
3714,e3b46cfc76456415a7467506d8a86e51d82c6e58,miguelinux314_experiment-notebook
3715,e3b831d0d466ec98801b2ba9d9f3d2c308b93092,miguelinux314_experiment-notebook
3716,e3bf5db7ef30d612f9cbf364d25f0b6876184358,miguelinux314_experiment-notebook
3717,e3c697cbe08fc2181d6a6fe9e94caa125649a2b7,miguelinux314_experiment-notebook
3718,e42b59e6fa00c88eb7fe0c3527a0375f02b17315,miguelinux314_experiment-notebook
3719,e42f525c89d0cb44be51e9b1e6188e5217f94c14,miguelinux314_experiment-notebook
3720,e45aeacf0fc8e230af0b380a4eecba49629f5141,miguelinux314_experiment-notebook
3721,e46a1f06ae1252bbd437d6ffc46dd2a9c16ae2f0,miguelinux314_experiment-notebook
3722,e46c11470b67b5d18da93199a5b94543f1aefb7a,miguelinux314_experiment-notebook
3723,e479b024e1f950b8072ebb6655c88dad19ccbed3,miguelinux314_experiment-notebook
3724,e48a2411cd127ecbcdcab81f9e56e503c0a5df3f,miguelinux314_experiment-notebook
3725,e48a9eed723f09e789642a78cfc567e348e19fa0,miguelinux314_experiment-notebook
3726,e49aaf4cf5ca4ed4a57e32f7c88049f0727f833e,miguelinux314_experiment-notebook
3727,e4a02a49148e7af484cc1c628b31596e801f74cb,miguelinux314_experiment-notebook
3728,e4ab2362ee32194f466497256253310f02648efd,miguelinux314_experiment-notebook
3729,e4c30de6a0032176d876b88bea4dedb3487054c9,miguelinux314_experiment-notebook
3730,e4eef4fe814357e072366c580989088383a97edd,miguelinux314_experiment-notebook
3731,e4fa4b5c1795091cbe081f47ae9dcaecc3bc12b6,miguelinux314_experiment-notebook
3732,e4fb5973fa0c57d010e59af32fea1a4425e377a1,miguelinux314_experiment-notebook
3733,e5036265b7290970869e98f523b7dabab2a254b8,miguelinux314_experiment-notebook
3734,e507f4516dcf13ca75784a259fe0894e035fee51,miguelinux314_experiment-notebook
3735,e510f9847d9abcf3c96924b28df3395ee82b70a9,miguelinux314_experiment-notebook
3736,e513e3156902b869d358457dacdf447c6fa95781,miguelinux314_experiment-notebook
3737,e557bd5b5d3139daa5ba9ea545e56c0b381217d7,miguelinux314_experiment-notebook
3738,e588ed09bd7bb026a0d22f10ca1e7bd403cbdfc3,miguelinux314_experiment-notebook
3739,e58bf90db8ea3f0ecc735c8c15dd2db15897cec6,miguelinux314_experiment-notebook
3740,e58d9143a9b0ffedd1aac475c716a2246f0772e8,miguelinux314_experiment-notebook
3741,e58e0b6775cd69824359678c738832e51069e565,miguelinux314_experiment-notebook
3742,e5982539f805a4d71be7d82050294c5e369bb3a8,miguelinux314_experiment-notebook
3743,e5d9d4a6154c3c26e4ccc2eafa89a8f06cdc2819,miguelinux314_experiment-notebook
3744,e5eb6a285285564dd5531ab30b51d122f6351459,miguelinux314_experiment-notebook
3745,e5fc61b425f8c0e8a283b8b71c22a792b5bc2740,miguelinux314_experiment-notebook
3746,e5fd4bd1f5959b88703c8736489230b7c199845f,miguelinux314_experiment-notebook
3747,e5fec7006a34df6673fcfcc0d25164d00519de5a,miguelinux314_experiment-notebook
3748,e6140fa44bf8fe2879d150d831ff16e6f5361576,miguelinux314_experiment-notebook
3749,e6147853f4b8fa466cec279a40c56ea9218f1c4d,miguelinux314_experiment-notebook
3750,e61960aefd76164d85791e789e418694b055ef0b,miguelinux314_experiment-notebook
3751,e62064c547f9c4873f1eb7240b9b5388e0b08a7e,miguelinux314_experiment-notebook
3752,e63c0d5db2eef324abb36d09eee861e9e89d6c6c,miguelinux314_experiment-notebook
3753,e641c8c20c939cf9071117cc657a8e1f78c111bd,miguelinux314_experiment-notebook
3754,e645418a5329af8b84bfc4ee5e238fb5d512aa19,miguelinux314_experiment-notebook
3755,e649e57abec83b2645ddbd69c1958cc1bbb47b1e,miguelinux314_experiment-notebook
3756,e6521ab4e348e4e6605c921dc88efb4eaf72c51d,miguelinux314_experiment-notebook
3757,e66daadcdb302bf7ed33d846b400026bf4981362,miguelinux314_experiment-notebook
3758,e66e5ffadafa771f0dc1ad0e497407ca142cb4b6,miguelinux314_experiment-notebook
3759,e69e5167462ba1402486aff89bb066a46307c08f,miguelinux314_experiment-notebook
3760,e6b1351004debe307ed9ace588a807d09b684c39,miguelinux314_experiment-notebook
3761,e6fb0617e2a726adef4d32fe923e18f5cac16971,miguelinux314_experiment-notebook
3762,e7037e05a0f5b974aae5e2d44bfd2d06967bf019,miguelinux314_experiment-notebook
3763,e71944a7b6caf75b0f39ec4451adfa133bbb5634,miguelinux314_experiment-notebook
3764,e71ee6cc124f5d70baae39f39655b900badb2773,miguelinux314_experiment-notebook
3765,e72d6a967fd958b43b5760a845653caccc96f334,miguelinux314_experiment-notebook
3766,e74d5ba5dff70ed7d6c8d26968ee7128eded1c92,miguelinux314_experiment-notebook
3767,e76233628a4c53f5289ea7f4c936941e5e67140a,miguelinux314_experiment-notebook
3768,e77264bad8db2dcb62d3eb2174f1c76cbb91fdf0,miguelinux314_experiment-notebook
3769,e789f4e5d255cf25252b348f3ed661b0cfc14f71,miguelinux314_experiment-notebook
3770,e78b5595ac7978fc605f82630d80d76d01681b08,miguelinux314_experiment-notebook
3771,e79ea34cb05c822cc04479d4eb2080b5d87d6825,miguelinux314_experiment-notebook
3772,e7a09b605fba53a18af20ba429190c89e6f8c25f,miguelinux314_experiment-notebook
3773,e7a86b5aa6752f550b4183287a94d3ee6bbc3e91,miguelinux314_experiment-notebook
3774,e7bc0b23e5ca0401a69857a171bf1d60d43fff43,miguelinux314_experiment-notebook
3775,e7c166e8cc104b54428befb68d2d53d4bd3ebb7e,miguelinux314_experiment-notebook
3776,e7c79307fff0f3c79a0f98434a92ce5b903171ad,miguelinux314_experiment-notebook
3777,e7c9ea7e742bd6e2fc2eeacca30c746bcb55f326,miguelinux314_experiment-notebook
3778,e816e3a7183f223cfdb7490b32471309b0d389af,miguelinux314_experiment-notebook
3779,e8391a19dd500b919363c88ed0ca64702a595d3c,miguelinux314_experiment-notebook
3780,e852d675022b2ad493c3c26a688ced93f5b80a26,miguelinux314_experiment-notebook
3781,e85ac634cc83824e0ae7abe8c388b3fca0fce366,miguelinux314_experiment-notebook
3782,e85e1c44951f03d5db96d5174d4e1c3c05357742,miguelinux314_experiment-notebook
3783,e86a0ba9c93cdb661c9c2cb238d00dd95f0105eb,miguelinux314_experiment-notebook
3784,e86e3bf49fd4e41226d5d2ab304e3e846463e433,miguelinux314_experiment-notebook
3785,e87be000f5a91fe14c71dfd9540f15f92c16e476,miguelinux314_experiment-notebook
3786,e88cd4a37924fa361dd1e380f50ea1cdf86a0b3d,miguelinux314_experiment-notebook
3787,e88dbf908f0c4f55e0615c1e4a3f799fd738fa44,miguelinux314_experiment-notebook
3788,e88f8e901ad09388489455f03e38cf29fa8c9b32,miguelinux314_experiment-notebook
3789,e89bbcced7f1e8889486107064de841e3d627880,miguelinux314_experiment-notebook
3790,e8a7306dcab485b48f24e0a444a3731e1d1a4dae,miguelinux314_experiment-notebook
3791,e8b6443c11c43bacd21f12397112a8ad76842cca,miguelinux314_experiment-notebook
3792,e8c4637c98b5ea1d87b8aa38dcb3c7a197621b93,miguelinux314_experiment-notebook
3793,e8c8cbeb8738f57397a20a5a0474196b9b04638d,miguelinux314_experiment-notebook
3794,e8cad87fdd90249b0337c71fb94b487e1c79e714,miguelinux314_experiment-notebook
3795,e8d09297342ba455c0d0e44280c7210ad4815312,miguelinux314_experiment-notebook
3796,e8e75e4be7fe1c295ff6b5617ca716e230e300a5,miguelinux314_experiment-notebook
3797,e8f823e15b3dbc5ef84b29b94de1757b86f7ddd0,miguelinux314_experiment-notebook
3798,e90094664396c8d58c42c089ade7fb4fcda9b852,miguelinux314_experiment-notebook
3799,e93d580b6711433e9c84b893a5d8430d85c2a021,miguelinux314_experiment-notebook
3800,e94192658795c298023d173d828a0c153b27bd05,miguelinux314_experiment-notebook
3801,e9533911cf4d8319819321d970ea9b8204d31dfe,miguelinux314_experiment-notebook
3802,e9569591f77d6ed723a64d6d8e49b93e0da9cb40,miguelinux314_experiment-notebook
3803,e963234a319cb0be08d81ebad0df440409aebcba,miguelinux314_experiment-notebook
3804,e9883e0a7fc9716d1b3f194d7c1652b44b46d286,miguelinux314_experiment-notebook
3805,e99b301b8f699bc2758644624bc1ca026930a73c,miguelinux314_experiment-notebook
3806,e9a88595f88a2d7f0282a4099d73eb4e16e42a27,miguelinux314_experiment-notebook
3807,e9ab740949770b6c12964e45c730672c0147d1c6,miguelinux314_experiment-notebook
3808,e9c423c554ea08bca2d3a989e122df933f70b1c9,miguelinux314_experiment-notebook
3809,e9c8feb9caa862fec6a03251b2d7034dc85b8faa,miguelinux314_experiment-notebook
3810,e9f9e55914470fa958267311b958a4f8cfefdb1a,miguelinux314_experiment-notebook
3811,ea01d04ab1fe66f2d14f3e46f94286b5433df880,miguelinux314_experiment-notebook
3812,ea1b6585659df0796ba7baa536fc052a0af1483c,miguelinux314_experiment-notebook
3813,ea2da137d5138fea07f4714395cfb97b700c97bb,miguelinux314_experiment-notebook
3814,ea4b002f37116530d66477fe622d0a9e8a786b69,miguelinux314_experiment-notebook
3815,ea531c0cd5b4fa5e2972e7874b4792b7d35dbf29,miguelinux314_experiment-notebook
3816,ea53e934ec7bb83c9ffae8b8c19dfa495f5db567,miguelinux314_experiment-notebook
3817,ea5d2f9275206abbcd6f0bacd37d33fbddcb24b7,miguelinux314_experiment-notebook
3818,ea6c1c5fa5725b9fade4d139a460a3e94b74c41f,miguelinux314_experiment-notebook
3819,ea762f34a8a319f8eb6d96d540c7763c0ec91c58,miguelinux314_experiment-notebook
3820,ea780acbbf7c54a8f11fe466fe9536c9fbbdcf00,miguelinux314_experiment-notebook
3821,ea81e811f42781b602d72d86b4d517ef2d21c952,miguelinux314_experiment-notebook
3822,ea877a390fb228b27ec58d0cf5d56791fe18cf6a,miguelinux314_experiment-notebook
3823,eaa24456061755fa33632a3f947bc9c14239c516,miguelinux314_experiment-notebook
3824,eaaed42339993f43c870fbbfa4e927bdc69ef56c,miguelinux314_experiment-notebook
3825,eab6cdd4bc96caef1402661e86dc7561011d4bc3,miguelinux314_experiment-notebook
3826,eaba27f7bb3bd2f75d269e42a8312d539b3032c7,miguelinux314_experiment-notebook
3827,eabdd59042df0617c1565548aa714c9866501b96,miguelinux314_experiment-notebook
3828,eac5bdb503839fe89b10763e105ac66ec82fc5b2,miguelinux314_experiment-notebook
3829,eac95b937fbde5c93734e72db93d6478529661f9,miguelinux314_experiment-notebook
3830,ead01dfde1306b0b0220b64b18b9bd43ee54be2d,miguelinux314_experiment-notebook
3831,eae22e3b99d6214c508bb94321ecc93b45910c05,miguelinux314_experiment-notebook
3832,eae4fbe7d0cc509569bfb3c93b128a9ae56a873f,miguelinux314_experiment-notebook
3833,eb1b75a2074a4b41f6cdeba14d1baea777e10b05,miguelinux314_experiment-notebook
3834,eb1fd97ed683811af2b67e354859eb20f5e24bc8,miguelinux314_experiment-notebook
3835,eb38fc572c479b4efdadd1d417a4d691ba3eb475,miguelinux314_experiment-notebook
3836,eb5ea01e0b9c3f90e05fd4063ac0e4eb75c723b9,miguelinux314_experiment-notebook
3837,eb66cbd22112cfc8e2426f181da907d9558bd167,miguelinux314_experiment-notebook
3838,eb68932b8a6fd2771a50608d98d15eb5be31233b,miguelinux314_experiment-notebook
3839,eb762255551aeb1c4df880fce0af8d6b89860d9d,miguelinux314_experiment-notebook
3840,eb966f405278c136e4e1ca9735d6622cbc0ed9ff,miguelinux314_experiment-notebook
3841,eb9e067d6d9a8a13953219e9ed379668cbae38e3,miguelinux314_experiment-notebook
3842,eb9ebcccd911c360cf90c677d61f1acd0b59d3c2,miguelinux314_experiment-notebook
3843,ebd74365e5f8b550ebda361ded0bc8da10e70c66,miguelinux314_experiment-notebook
3844,ebdd458fb644a936f1dd285b7ed8d033294c675c,miguelinux314_experiment-notebook
3845,ebf5aed4dcf82276005a1ec60172126682518b06,miguelinux314_experiment-notebook
3846,ec0169b9a029cdad4bd3502d1542ef38e7dedb9a,miguelinux314_experiment-notebook
3847,ec0bb1b46cddfec40ddbc7a54190f7ff55f58afc,miguelinux314_experiment-notebook
3848,ec0dea8160aaca83f490b09d3ec1589580e4f270,miguelinux314_experiment-notebook
3849,ec1d0182aade746980266dba657f489a04d4581d,miguelinux314_experiment-notebook
3850,ec2e82192c09b190bb346bb1975abf5cca51d6d0,miguelinux314_experiment-notebook
3851,ec446d191ae25910d876948304a134ec38725df1,miguelinux314_experiment-notebook
3852,ec5040430538923a21164ef61be2dc147f75f5ba,miguelinux314_experiment-notebook
3853,ec746a6d47023bd592c05e28f1e1fd2c91d81648,miguelinux314_experiment-notebook
3854,ec9884133b093d562e403077fd5a3e0c1d66e9c3,miguelinux314_experiment-notebook
3855,ec9f3c645e620d687ebf914e204356f7ae3039c1,miguelinux314_experiment-notebook
3856,eca5690451d003cc26702f809ce60321721da64e,miguelinux314_experiment-notebook
3857,ecb706cefc30087a1c4dc53156b94cfed8877555,miguelinux314_experiment-notebook
3858,ecd646c2335e7023e757832d0bf25c1cc1bef45d,miguelinux314_experiment-notebook
3859,ed0c61e0502bab891f20c5e56fc17c360195b425,miguelinux314_experiment-notebook
3860,ed363cb8466d70863e0cab362ad762a2b63a074e,miguelinux314_experiment-notebook
3861,ed5a385160ba51cdca47289684edea0d7abae09c,miguelinux314_experiment-notebook
3862,ed63f1615d67bde60e7ebff32817f45db95d2578,miguelinux314_experiment-notebook
3863,ed6b301b766f749a6ccdbff1b5120a4f698c5db4,miguelinux314_experiment-notebook
3864,ed775a69d937a43418d8da25e6f61e109ef88e9e,miguelinux314_experiment-notebook
3865,ed8f43e355503a1d356e1b8ad5d5ea1a48547498,miguelinux314_experiment-notebook
3866,eda450c94f217efe7b9075ff25e587723bc835d8,miguelinux314_experiment-notebook
3867,eda78985939b1c484806f05abeefc102962c671d,miguelinux314_experiment-notebook
3868,edcd8683c72131d144dca91121316759e033f128,miguelinux314_experiment-notebook
3869,edd2aaaa70126a16fdc9ad28284008eabef1261e,miguelinux314_experiment-notebook
3870,edf65e3997bc0eaad1ba01f415d78125cc7fa00a,miguelinux314_experiment-notebook
3871,ee02912ceccec3fcc163e9357f98a616f8189b4b,miguelinux314_experiment-notebook
3872,ee02b73797163266b72e50508e8be2237594da53,miguelinux314_experiment-notebook
3873,ee02bf45bc681bb0787373fa13c9d7bc1c843c95,miguelinux314_experiment-notebook
3874,ee0c16e3486f4c194958ff4007d25de9aed645d7,miguelinux314_experiment-notebook
3875,ee0ea97ce4037d9f1b50de84e5a02d5eb74220cc,miguelinux314_experiment-notebook
3876,ee167c91c12dd4157eedc07c6eb791469619c848,miguelinux314_experiment-notebook
3877,ee2193a7386bdb57e6364fe0a11c88758605c5e6,miguelinux314_experiment-notebook
3878,ee3005959e5c1e9b5667bbc90681c30497fb148c,miguelinux314_experiment-notebook
3879,ee43bf885b58febe0c62a8cf38746deef904b0b4,miguelinux314_experiment-notebook
3880,ee522521558661829b172a09ea00eeed24b0ec0b,miguelinux314_experiment-notebook
3881,ee5f39023a9e155f04106e559185bdb0a6f0ee8f,miguelinux314_experiment-notebook
3882,ee669d1be94f62bbdc4aa037361a3515ca3216fb,miguelinux314_experiment-notebook
3883,ee92250295a9947df285234f20cea16acccaf288,miguelinux314_experiment-notebook
3884,ee9a48d3c5702e3f24ad7f7b88850c44a03363fd,miguelinux314_experiment-notebook
3885,ee9d4487ed3cef075f8c3197983330fa5bc3522f,miguelinux314_experiment-notebook
3886,eea3393720e4342b01470c6f8066c279ce2fbb4a,miguelinux314_experiment-notebook
3887,eea8f8033f5cf5518e9e30af004da1803ab59b69,miguelinux314_experiment-notebook
3888,eeadf16f509149a6e3cfa21417669e9ecf483094,miguelinux314_experiment-notebook
3889,eecae57791d4f19d275e8202b4142c0017ca29f9,miguelinux314_experiment-notebook
3890,eee0fa31ad7dc6362e37aa6a37664f6153a571d9,miguelinux314_experiment-notebook
3891,ef2000b1ea875e79412a90a209de3c035c4eb69f,miguelinux314_experiment-notebook
3892,ef286c6b97c332da9173be5ad0f7ae2df59a4d74,miguelinux314_experiment-notebook
3893,ef30f051cebfefe794fa56b647590f6696afcac2,miguelinux314_experiment-notebook
3894,ef368b07634feb0594811b56580c2b8a504e31ee,miguelinux314_experiment-notebook
3895,ef529880866b34b01034023ff4149007321c2a6e,miguelinux314_experiment-notebook
3896,ef60df38a7bd33a66572f53ef0b9e2194631c72b,miguelinux314_experiment-notebook
3897,ef6b2331452e1e6aeadb8a21b738ab9c3be621a5,miguelinux314_experiment-notebook
3898,ef9a95ab01dfc9cf450a9879207c16f7dbaec7df,miguelinux314_experiment-notebook
3899,efa0a2be3bf25bcff5559023500afb0842859535,miguelinux314_experiment-notebook
3900,efb60910e530bef68c41bc31a11edd210a42a8a7,miguelinux314_experiment-notebook
3901,efc7c1738f7d603d495bce9d977eea3e91433b7b,miguelinux314_experiment-notebook
3902,efc82a356844a11474db8c2a7889bc824536fa4c,miguelinux314_experiment-notebook
3903,efd8904202ce7d38fedb3b41ba83102a2646f533,miguelinux314_experiment-notebook
3904,efdbd4a5eb025a964d4ce59245bf967e7f6ac5d0,miguelinux314_experiment-notebook
3905,efdf81c0a1833b32345540018422044840ce3308,miguelinux314_experiment-notebook
3906,efe13664890a285247526cf34cf484177df12a9a,miguelinux314_experiment-notebook
3907,eff8a901c3761ea53d1f8b6fdd2397ce527014cc,miguelinux314_experiment-notebook
3908,f02297391fbb60cc2555198b25013b4567174062,miguelinux314_experiment-notebook
3909,f050e3f71fdce85c86e8a472894e1d0ddf338390,miguelinux314_experiment-notebook
3910,f0579b16abc4e6b0f7f3ffe7fb1f9ca89252f6bc,miguelinux314_experiment-notebook
3911,f05b1ce097a7dd62d0cf570dc8812c8dabe4096d,miguelinux314_experiment-notebook
3912,f067dddae42733a6b8081ce659b76bcc81ba4b12,miguelinux314_experiment-notebook
3913,f06a891648487c7f160817ecd26a8b9114d69360,miguelinux314_experiment-notebook
3914,f07286ca8fd90f198af9b75d0407d554dece0973,miguelinux314_experiment-notebook
3915,f07ae7312aba8f10acedbbf3a3aacd90765328f8,miguelinux314_experiment-notebook
3916,f07c53da767a7543e24b791c0153e33da2ad611e,miguelinux314_experiment-notebook
3917,f0862036a21c433508985d17be4025a204d9161d,miguelinux314_experiment-notebook
3918,f09892659077077449662aeddbee87f5c562ad18,miguelinux314_experiment-notebook
3919,f0cf356cc3c0e9e3d0fade554b9a91d8ad05bc5d,miguelinux314_experiment-notebook
3920,f1061f65ba43b51a0439a84960a29e9741987d27,miguelinux314_experiment-notebook
3921,f11302cac1f4d46fa1b8e066ff68a91d95f83039,miguelinux314_experiment-notebook
3922,f1133de86b8befcf780f21a89c8b8fa1a3c0aae4,miguelinux314_experiment-notebook
3923,f121cc09bc4dd88fe512520d1cf1e38062d9dc41,miguelinux314_experiment-notebook
3924,f122b9a0c24d763bd471640c6da6ce95b459f176,miguelinux314_experiment-notebook
3925,f1295d7828ee7c84eaef1a661d4683553599dc1b,miguelinux314_experiment-notebook
3926,f148562130b35787b4fe923602d13d8babb645c6,miguelinux314_experiment-notebook
3927,f14b73d67b0bc2b5cc927157fdd75804582f6677,miguelinux314_experiment-notebook
3928,f14d07498d33c5daafa788124500a68a396a87dc,miguelinux314_experiment-notebook
3929,f14eda4631da5c678c59677ca44c1a8a65950a04,miguelinux314_experiment-notebook
3930,f163c4a475fd07aacc600d85401870d12ac9bff1,miguelinux314_experiment-notebook
3931,f1823ae912087238dda3b7dbcd61b07353fa15d7,miguelinux314_experiment-notebook
3932,f18844a00ec3c1674594e431da13869860856a88,miguelinux314_experiment-notebook
3933,f18c26194f327db59deafc44a8880195e4ba0202,miguelinux314_experiment-notebook
3934,f195a91926139452325c2600526124b09d611698,miguelinux314_experiment-notebook
3935,f1b210ece3c10009c43bc80f7bff749442471c8c,miguelinux314_experiment-notebook
3936,f1d1f7c53cb317af4a2aac2995f71fd1c7b34db3,miguelinux314_experiment-notebook
3937,f1dc05302f6f1d7aa3d12d6075e3f5a48b3a463f,miguelinux314_experiment-notebook
3938,f1e17ab05c0bc28da3b5f1823bab342af553e424,miguelinux314_experiment-notebook
3939,f1e9f346df98071ffc6b5bee6a6dafd4fff2c925,miguelinux314_experiment-notebook
3940,f1eb84ced464e1343b5bf2d70193d09f386b0eab,miguelinux314_experiment-notebook
3941,f22d2bb90dd81b8dcef353eb19294e6526246f50,miguelinux314_experiment-notebook
3942,f232b658c71e3091dde06e75b074432bb5220fc8,miguelinux314_experiment-notebook
3943,f23c059c33a57e346f460d54d94d3173077d5162,miguelinux314_experiment-notebook
3944,f248b8d3b0c6b9950b0e2ef5e491c9f0891c00f2,miguelinux314_experiment-notebook
3945,f24c23b2b35e2cf1d2329ce47a0dccc21c631f71,miguelinux314_experiment-notebook
3946,f250ed75fecea59485ef74aff46ccfd9a105f8ef,miguelinux314_experiment-notebook
3947,f26a98427ecc53847ff51070745488da1312c75e,miguelinux314_experiment-notebook
3948,f27368bbdc769198c0787ed295251042763e2e12,miguelinux314_experiment-notebook
3949,f29b3ab3ab1a3a558359dce1fb18851066db65e2,miguelinux314_experiment-notebook
3950,f2d52739beb062e960ef5c0866d44d29cc6c2049,miguelinux314_experiment-notebook
3951,f2d58159bcf5751568abe2c9bb8ad9bb979632de,miguelinux314_experiment-notebook
3952,f2df5d583057f5734a3a4dd0e0975d104f45f66a,miguelinux314_experiment-notebook
3953,f327b2f035a905436c92b0a5e0daf458cc4cfc76,miguelinux314_experiment-notebook
3954,f32ac4342f5a2ee8899be27883db515cce8ac36b,miguelinux314_experiment-notebook
3955,f34f798fcd9af87a24a66c2ad52a7aa85402b1b5,miguelinux314_experiment-notebook
3956,f3529c6b7b3f6f87d325408e090f33fa0d4a28dd,miguelinux314_experiment-notebook
3957,f35eed0cf49058d2aa222b88a7710e2b192cc0eb,miguelinux314_experiment-notebook
3958,f3708ae8a9c570e20ad64ec0ccf6f9706a186f92,miguelinux314_experiment-notebook
3959,f372ed0b0f1d6378211b126d2007f186f9755e0c,miguelinux314_experiment-notebook
3960,f3956b0da1c5b76aa7744b6e942a7c93af3d8c87,miguelinux314_experiment-notebook
3961,f3b6d6e0b24b08dffd43fcc15fe038c75da20d83,miguelinux314_experiment-notebook
3962,f3c7a102baea7f264089f0b6717d34dfc7fb4ee5,miguelinux314_experiment-notebook
3963,f3e283a62b0171fc225258dd3d7ddd10e307ddb8,miguelinux314_experiment-notebook
3964,f3f0647c15d8143fadd466c1c4af011ca1317f6f,miguelinux314_experiment-notebook
3965,f41265ed51ede4dd208e9bfbd3d527ab98a5a473,miguelinux314_experiment-notebook
3966,f41937d513e73a6b1207a036ccadd72dc4c57430,miguelinux314_experiment-notebook
3967,f4234b7b5dec98421d60a71118767b40953fbdd9,miguelinux314_experiment-notebook
3968,f4286f9b04d76b7a869c944d51cf1ae2157dcbc5,miguelinux314_experiment-notebook
3969,f42e3b0cb1449558e83ee7c917b59aa54c637abb,miguelinux314_experiment-notebook
3970,f443857d132cc013cfd48b20b3c17308e9919936,miguelinux314_experiment-notebook
3971,f443e7a858f4376e1e5effd0a08f01dd07011369,miguelinux314_experiment-notebook
3972,f44679ac72b949ec21426dd8ad9dbadb13fcd5f7,miguelinux314_experiment-notebook
3973,f45d70ceec7e4a587cffa72c7c300da7a0a38125,miguelinux314_experiment-notebook
3974,f47f2bcc60d2294722d2a15abf89562b1676e06c,miguelinux314_experiment-notebook
3975,f491ab83330a476e4d25e3f0811fac418642ab23,miguelinux314_experiment-notebook
3976,f49cc15449a0c4fe1fd3d338283bd3e2cf9b8edf,miguelinux314_experiment-notebook
3977,f4a0c08044b221ff1d7b1c38447ee156738838ac,miguelinux314_experiment-notebook
3978,f4b4f011ad4e940db17bdf198b796ad214db7f8e,miguelinux314_experiment-notebook
3979,f4b5a6cfd66b0cb9d97e913dfe0ca64b2a2527ce,miguelinux314_experiment-notebook
3980,f4bd3a96b56d77e62ab6c478f301a4193e10b8d5,miguelinux314_experiment-notebook
3981,f4c43d77dc2b5229dc86dc1bc7007994826198e5,miguelinux314_experiment-notebook
3982,f4c5c6bd80b3452c92fc4a6361cbcf46b7c39fb1,miguelinux314_experiment-notebook
3983,f4cc44cfafcb53df8b69748db1fb9158b348a998,miguelinux314_experiment-notebook
3984,f4d4917281381997f16fab92ae64febc1324884d,miguelinux314_experiment-notebook
3985,f4f994bc982bd4970af9a5034bc74283a0c49fab,miguelinux314_experiment-notebook
3986,f516a5d2250fc5edfac83e53bc26fbb2ba6e5808,miguelinux314_experiment-notebook
3987,f51bc933e6acff0891765cee38f3904d1a99611a,miguelinux314_experiment-notebook
3988,f5262e9f215c94d4b46edae203ac31ffcc7a3573,miguelinux314_experiment-notebook
3989,f544985fe91c7d8861288cffcf82f3a5ad408a30,miguelinux314_experiment-notebook
3990,f54746919b8e37e5a21386a274b76019b893991e,miguelinux314_experiment-notebook
3991,f547cea93a0d946beb51bf2419cd48990260457e,miguelinux314_experiment-notebook
3992,f563999d340c65a8283eadc05b663d33b7bd55e0,miguelinux314_experiment-notebook
3993,f59cf768382716e7624ac0ba76d7b41b917713c2,miguelinux314_experiment-notebook
3994,f5a49a0ada5654c94d460b12f5f0bb888a88412c,miguelinux314_experiment-notebook
3995,f5a8af475f59a821496e7b2aeb7214905c0d6147,miguelinux314_experiment-notebook
3996,f5c3724f3102b916a44cd768bbea10f1bda4906f,miguelinux314_experiment-notebook
3997,f5dc64f9ec9a68e401f005d98a3d909085c15ad0,miguelinux314_experiment-notebook
3998,f5df104b71e260ebda3733009497916d4d8595ee,miguelinux314_experiment-notebook
3999,f6156aed4fd65dc6dbc26c376c2511d9c4368903,miguelinux314_experiment-notebook
4000,f641bf14efc4f90c7a7c5b99d76222d37f7fb7b9,miguelinux314_experiment-notebook
4001,f650b306c8c4872bfa9d00803fd5ff016a456d41,miguelinux314_experiment-notebook
4002,f6571c281f2b02bdd347e91f6f266198ac5a4eac,miguelinux314_experiment-notebook
4003,f6610b2b96c94321a91218b3164594c359023cc1,miguelinux314_experiment-notebook
4004,f67187feca27bd66717061082c8c997c9cb7eb5c,miguelinux314_experiment-notebook
4005,f68109eacc849eeb41b4507ef55e258eb044a3e0,miguelinux314_experiment-notebook
4006,f6844f2d6efbd2964764e93830979e4e6712dc17,miguelinux314_experiment-notebook
4007,f68cd1344877416efaf5615880bdbc4cf2c06402,miguelinux314_experiment-notebook
4008,f68f5e3e1a375911374a2bb991cc3235fd74502b,miguelinux314_experiment-notebook
4009,f6a0fdf506c91979409a5ebc960568cc3451577c,miguelinux314_experiment-notebook
4010,f6b055bcd362d1d0acabb15c2af226150285d599,miguelinux314_experiment-notebook
4011,f6bfcb75c4d270788c594b2d72fdac2fccd8814c,miguelinux314_experiment-notebook
4012,f6c1e3b877ae5b423f7e56acf458b2eac8874478,miguelinux314_experiment-notebook
4013,f6dd40b84748295b0b31dec66c85da87fd86bf96,miguelinux314_experiment-notebook
4014,f6edcfcbad795fd0b67adf7f4fe081088813cd77,miguelinux314_experiment-notebook
4015,f6f18304ae464b4e414652e5289d24802172492d,miguelinux314_experiment-notebook
4016,f7241f03478d29f9977de15c0017835f0b667d13,miguelinux314_experiment-notebook
4017,f724644b6810a4654bef7fc98b72e5dcd3bdb143,miguelinux314_experiment-notebook
4018,f7261e937582fd80dc0dff0cb1600a0f1b0b3f2d,miguelinux314_experiment-notebook
4019,f7308caf4729eccbe795725b3e6965d1af76d3e0,miguelinux314_experiment-notebook
4020,f73e165fb0b3a1a7f9f0c61bb4ba16ea2bdaf1c1,miguelinux314_experiment-notebook
4021,f75a71048879c9f493cbf36588190a8f3ed409a3,miguelinux314_experiment-notebook
4022,f7704ed0aa514edbd526f962d69bf5ff64d256d8,miguelinux314_experiment-notebook
4023,f77a3d102a20fe2100b3fc9877e54c8750e5fcfb,miguelinux314_experiment-notebook
4024,f79b80b407473b5054222a8c55822be0f8517578,miguelinux314_experiment-notebook
4025,f7a3a22267f2d77330053db40e12219061550c06,miguelinux314_experiment-notebook
4026,f7ae86ca25189036398eb37cddc1507938ce33c6,miguelinux314_experiment-notebook
4027,f7daf9fcdf3a5ac4ae9b7d1a130580f39e6cbc16,miguelinux314_experiment-notebook
4028,f804498fc570943c8a96f284713ed430504df0f6,miguelinux314_experiment-notebook
4029,f80c68ec7437e10742cfd018bd7fd8627f51ef71,miguelinux314_experiment-notebook
4030,f80f0f68976c99b4717d482fcb3f392fafa81248,miguelinux314_experiment-notebook
4031,f80f88bd362ab4dd19ba9ba897b152d45e73cdd9,miguelinux314_experiment-notebook
4032,f8107d86804cc7b1ea62261c9e21eb090ce4a7db,miguelinux314_experiment-notebook
4033,f819e1bc7f070faade161f809d0b73f8b8436ab8,miguelinux314_experiment-notebook
4034,f8470b744c445145ef9432381c1e6831f74742d8,miguelinux314_experiment-notebook
4035,f867df07ed4d1c01727e4652f6b3d46c28561d33,miguelinux314_experiment-notebook
4036,f868fd0ba52dfd063f39ceca03a15d698438211d,miguelinux314_experiment-notebook
4037,f871f56cabcb88a3569d52c97af72904c0cadfcc,miguelinux314_experiment-notebook
4038,f8b65bd632c9578c3d9b39d09b20cfd36c8c2681,miguelinux314_experiment-notebook
4039,f8c5b61975ecede53db069d088868041c0d89e5a,miguelinux314_experiment-notebook
4040,f8cfa8179587ab6093fc8e56c74659be68ef6f05,miguelinux314_experiment-notebook
4041,f8db512b512ba71ee45acb7812d0a136d7d0de8c,miguelinux314_experiment-notebook
4042,f9119c24f484810cf56a43a2593fa7402ff5187e,miguelinux314_experiment-notebook
4043,f91297381ea94b7e592668a07b807b4c15c68686,miguelinux314_experiment-notebook
4044,f9205ee7eadeaf71c31865269445a52ec802e0ca,miguelinux314_experiment-notebook
4045,f92ddd44aa01b9392eb0cacd360b27800224f2aa,miguelinux314_experiment-notebook
4046,f93ba807723768929e8b35e5caab05fc3672d99b,miguelinux314_experiment-notebook
4047,f94a2416f89339c977d5a4773dd75a0f11b52480,miguelinux314_experiment-notebook
4048,f94c37bf5a2e45ffd0defd9f29a20fc38a19fca3,miguelinux314_experiment-notebook
4049,f957e244c74698546ee74c99865bdd27b0aba15a,miguelinux314_experiment-notebook
4050,f95fedda83c12e48664dd9e74b404deb10508087,miguelinux314_experiment-notebook
4051,f96da4fd3fdd9fb74ae1fa0143cd621194d31020,miguelinux314_experiment-notebook
4052,f9797f7682adc93a5b132552579c6d1661473e88,miguelinux314_experiment-notebook
4053,f97ebee6f6dca3a094cbb5bfed5d242a8be30e5c,miguelinux314_experiment-notebook
4054,f990cc2d5c1c0d94ee2a88846330d69081ab1b08,miguelinux314_experiment-notebook
4055,f995ce32c4c9a0eeabda4288b000d088f27a6e33,miguelinux314_experiment-notebook
4056,f99723d65ca5bb551c0d04966546c1d32abcdf7a,miguelinux314_experiment-notebook
4057,f9997be389314f959837ca7c101a18b91f8b3a03,miguelinux314_experiment-notebook
4058,f9a3638a87e83ca890e4301fa0e2bd4ecf9db89e,miguelinux314_experiment-notebook
4059,f9bb491d4502fd6e0fd78236d4bb1609260a8d59,miguelinux314_experiment-notebook
4060,f9dba93b635a2e635b009b19ecff046a59e451e8,miguelinux314_experiment-notebook
4061,f9e16de37c99265c3a459a95ffeb89962af5359e,miguelinux314_experiment-notebook
4062,f9e7c0e5a61f3371ba918faaf0efc0b89084c5d5,miguelinux314_experiment-notebook
4063,f9ecfbf6bc699b2d0c504254df3856935363c989,miguelinux314_experiment-notebook
4064,f9fc922f7f8804786f68ed4044ef0c3e59207ade,miguelinux314_experiment-notebook
4065,fa40525b76c2a64fad676f7420f53b7ee409c1b5,miguelinux314_experiment-notebook
4066,fa539b0f13e0355676e8ab8c4ff22a22cfba3c0b,miguelinux314_experiment-notebook
4067,fa550a2cf99c7bd7d5b772cc6678fc2ef0aaea8e,miguelinux314_experiment-notebook
4068,fa663dc854974c6e7b0282aee48108ead20ecd09,miguelinux314_experiment-notebook
4069,fa716245b1ec9ef4cc207dc535d44cbd43f708c2,miguelinux314_experiment-notebook
4070,fa794b59a42a97131e9c0def784d3d7a99e3f7f2,miguelinux314_experiment-notebook
4071,fa8581f5bab5459ed488b0dfb6804695a6e400c5,miguelinux314_experiment-notebook
4072,fabca1130178b250a39a07ba2196832bfc227c57,miguelinux314_experiment-notebook
4073,fadab8b3acf9231f242e91670e6e095ae560fc1c,miguelinux314_experiment-notebook
4074,fae45e247a4ec852be9c371b5201a3b08ffdc08e,miguelinux314_experiment-notebook
4075,faf014c1a9639d8ae3fcadf64b1cf0a2eba06ebf,miguelinux314_experiment-notebook
4076,faf3b84601e10ffefada7d6e4ebccd8dd310026d,miguelinux314_experiment-notebook
4077,faff5f7991c96098d675a09fd2a0d45ec77b2d37,miguelinux314_experiment-notebook
4078,fb0303706e27835524f21d410d68b12d7fde5843,miguelinux314_experiment-notebook
4079,fb07f17380a0984b4d300c12afaf126ccc86be05,miguelinux314_experiment-notebook
4080,fb09916505dc6cb9b6520f1c62cad8481ff7668a,miguelinux314_experiment-notebook
4081,fb0debc5746b870c395f950c01b1130df9a8aff3,miguelinux314_experiment-notebook
4082,fb1bea1b236fb489c7460f6fd8f1a3d1e643c299,miguelinux314_experiment-notebook
4083,fb1c322760749cccf20a8f5636e45b4cde5bedf1,miguelinux314_experiment-notebook
4084,fb33c093ec76ea64d91dc11c0f0c149a6bb522fc,miguelinux314_experiment-notebook
4085,fb46fc0399cfd30b0b4d42f01839f08f8f3c57c3,miguelinux314_experiment-notebook
4086,fb68e0566bcad8b6a6a7b4ebbcc58fe060139054,miguelinux314_experiment-notebook
4087,fb8888a29825a5151256c6801edcd462f8e672a4,miguelinux314_experiment-notebook
4088,fb990bb737c66329b1788ba079e9c2c4a454a2f4,miguelinux314_experiment-notebook
4089,fbae8533903d5fbb0a4b667827bee742d34bfc1d,miguelinux314_experiment-notebook
4090,fbaf6cdbcd35466a5768e65cf14d9fa1f9312c89,miguelinux314_experiment-notebook
4091,fbb67f8dc49bc5b7001408b7f7f5e83e59ae7bfa,miguelinux314_experiment-notebook
4092,fbdee98e0c0151bcc38d25686e990e989aceb4d9,miguelinux314_experiment-notebook
4093,fbe82f11dc9a7a23f3ad19cf4b66e40c913f0979,miguelinux314_experiment-notebook
4094,fbf9e3d1a2f4a0826455853cd6defbea122744ad,miguelinux314_experiment-notebook
4095,fc21ed731468e6c9e53af96e67d268828205508d,miguelinux314_experiment-notebook
4096,fc235a708a88e4a78ed10271e83269bd6adff575,miguelinux314_experiment-notebook
4097,fc35f5d7ebcffd925739971c17b5015d18490e38,miguelinux314_experiment-notebook
4098,fc3b601fff880a70fa523c92ac807a1ac5bbdac6,miguelinux314_experiment-notebook
4099,fc456679125556ab519d528e3d329b710a72f4b7,miguelinux314_experiment-notebook
4100,fc54a119158c4f62761339d6f4fe44df271ec2a8,miguelinux314_experiment-notebook
4101,fc627363d9d64a94851fd8ba4bc7c1d2f892fb34,miguelinux314_experiment-notebook
4102,fc6cfdf63cb1fd30d62e14176657932ee41338de,miguelinux314_experiment-notebook
4103,fc8462dde86a83b21645433111fe775c0db09c94,miguelinux314_experiment-notebook
4104,fc8c6f1ac098fb4cb334c02c086955ce4bbbb13e,miguelinux314_experiment-notebook
4105,fca0300a726c0538d07dbf7bfddd94f838ba5a5a,miguelinux314_experiment-notebook
4106,fca0b630fa04f1f4c0938373ffc38fee541b564d,miguelinux314_experiment-notebook
4107,fcacfe9f551c90c2f4a0d66c7ef198d6caacff82,miguelinux314_experiment-notebook
4108,fcbb6bd1c206239a1a6079a301a1bddc7379e8a0,miguelinux314_experiment-notebook
4109,fcc059257461a8e252919a5815ad36810103f910,miguelinux314_experiment-notebook
4110,fceab1825222fd7b2d35eb6a5a191d7109ebd1c0,miguelinux314_experiment-notebook
4111,fcf4d93841b0a97a33bd22ef538440990936004b,miguelinux314_experiment-notebook
4112,fd01106210f8d8e9133b0627e16e5fa491c2d8d4,miguelinux314_experiment-notebook
4113,fd0217bda385fe669c2123623bbae206118c85c3,miguelinux314_experiment-notebook
4114,fd05fa51046dc207e6f7e08ab37a80f06b99b186,miguelinux314_experiment-notebook
4115,fd3d2f59a08e8c6b696ecf01c550bca089ec3e42,miguelinux314_experiment-notebook
4116,fd40bbbcdcb30d3dcfa6cd2c0591f000326d739c,miguelinux314_experiment-notebook
4117,fd4566aa5d6bed682fc2febf9676599a60ff2e44,miguelinux314_experiment-notebook
4118,fd776b12aef2c0ff5236d8a83c29a8ae2f86b851,miguelinux314_experiment-notebook
4119,fd8ef26a7424c3450cb3ef666e0bf5f100fb90d4,miguelinux314_experiment-notebook
4120,fd90a9c807e2a50c3cd0d764b8768295049fd49d,miguelinux314_experiment-notebook
4121,fd979aed0732210cde286a6985afa7a52d38484e,miguelinux314_experiment-notebook
4122,fd9fbd76b8b99724dc9c54d3ed34d58f9add0e29,miguelinux314_experiment-notebook
4123,fdae2a50a9cc4a48cf4757f1d9ce1c73b5cec51a,miguelinux314_experiment-notebook
4124,fdb4b3851aea0998d27f32b159d06538e6bc81cd,miguelinux314_experiment-notebook
4125,fdb8bfa27379d75766929aa60b4ef7d0d774b425,miguelinux314_experiment-notebook
4126,fdc543ba5b34d169247571dc8a4447b3e3015ee6,miguelinux314_experiment-notebook
4127,fdc5c96ec74de407da946c2c050594de2f6d9cf6,miguelinux314_experiment-notebook
4128,fdc7aab158e2bfc73a8c17fe450789c47d32dd5a,miguelinux314_experiment-notebook
4129,fddb66ab61ec941325632c936ff4b036202ea258,miguelinux314_experiment-notebook
4130,fddffbacd2f3b357427ce8d4823cd0856369ff52,miguelinux314_experiment-notebook
4131,fdf520b833d822e9996378cc73b7758d83b7cd35,miguelinux314_experiment-notebook
4132,fe0bb7e593c3cfb0c9d38231797a2fa0a13b4b47,miguelinux314_experiment-notebook
4133,fe1ddc62ea4d65be0df149159981977cbc04bda4,miguelinux314_experiment-notebook
4134,fe2b39c12939c054daef4afe6bf8fa16b5df0493,miguelinux314_experiment-notebook
4135,fe41cf9cc8f146def0988dd49e34b52612b8fbf0,miguelinux314_experiment-notebook
4136,fe4b48a995026449e18e5f7f494dc61e54e3afa5,miguelinux314_experiment-notebook
4137,fe4b85cfeac2c9817e01ea2decbb7999fe75654c,miguelinux314_experiment-notebook
4138,fe6e021307c58cbb3792a79d19bb900e57e118b0,miguelinux314_experiment-notebook
4139,fe812d89da2529a76d2af229d94ba5f3c33d0174,miguelinux314_experiment-notebook
4140,fe8c34d6a129ac5dfb806e99384b8b4e49fc644d,miguelinux314_experiment-notebook
4141,fe91a6f7fd960c5f4a4e6c71ac814efae026febb,miguelinux314_experiment-notebook
4142,fe9f576d46f42a628aee90da72cdc6746b51742f,miguelinux314_experiment-notebook
4143,feaf135398d4a122f88238975301307394e4207a,miguelinux314_experiment-notebook
4144,feb094623118f14e70c0892221ee14d8dd3d06f1,miguelinux314_experiment-notebook
4145,feb9801ee0a4c265915aa797b966a84a0e099abf,miguelinux314_experiment-notebook
4146,febd0a0b514a797ecfd5713c76c51e85a0eea2e5,miguelinux314_experiment-notebook
4147,fecaf84a6602c166968a4af0c4498d2955f689bc,miguelinux314_experiment-notebook
4148,fee291b0aae7916a47afcabd60dc1490d2be7d51,miguelinux314_experiment-notebook
4149,fee4bf8974fefc3f73eb5b2feed4a33bff495ad6,miguelinux314_experiment-notebook
4150,fee70b3f104de0755d6cd1481ecec2f53e34cdbd,miguelinux314_experiment-notebook
4151,fef0ed76b701fa99d8eb25ca904edd02f650ed4b,miguelinux314_experiment-notebook
4152,fef752c5d63293ffbaec1ac3cfd0e9f31a0ca7f6,miguelinux314_experiment-notebook
4153,fef9b7a25305422e2b5fe9416fad8dbf5fb80de6,miguelinux314_experiment-notebook
4154,ff08a041f41031c584523ab6321d440293159900,miguelinux314_experiment-notebook
4155,ff1c26e2a7bb6438b37237b38f8b59752197cf99,miguelinux314_experiment-notebook
4156,ff3718ae2ac3ec733b0c2d94dcb9bd176378ff05,miguelinux314_experiment-notebook
4157,ff3adfd76a6425a3ae467ce8da984d0c27ac3bac,miguelinux314_experiment-notebook
4158,ff575b678a40c2e00dbbfa7fa9ee601fe31d08b7,miguelinux314_experiment-notebook
4159,ff721f6c974b0f3175ed389b2245c60ab47610f1,miguelinux314_experiment-notebook
4160,ff99c4ef85121f9dbeeb55ddb70cd2a5f05c7e07,miguelinux314_experiment-notebook
4161,ffb40d1c0353c6faeb93e8183d7eefd6bbd0a1dc,miguelinux314_experiment-notebook
4162,ffb648e71e940fba48a63fe4c9e1f27f707daae7,miguelinux314_experiment-notebook
4163,ffc001d1fef07c73fd551d6414a266f9ece232c0,miguelinux314_experiment-notebook
4164,ffc0a168aabb0686c580b136a8972dc8c4595717,miguelinux314_experiment-notebook
0,00eb3ce40a62aeb37c49c1068d87a71da3d3fc9a,rllab-snu_unsupervised-3d-reconstruction
1,020d95136d71e486a373fcd3183bf17b80c221af,rllab-snu_unsupervised-3d-reconstruction
2,02cdb1ab0ad901780ef7c1c2cca4b1e0706eff6d,rllab-snu_unsupervised-3d-reconstruction
3,0304ab5d802ffc99c26ee706935994fc67246201,rllab-snu_unsupervised-3d-reconstruction
4,03573582203b1000bbb32681125b0ca386b6b487,rllab-snu_unsupervised-3d-reconstruction
5,04b2ca921aeda63963626a610bdf05e8d88e5b64,rllab-snu_unsupervised-3d-reconstruction
6,04b304abddf3373e1fedf548c05f1ec51d3ec6e6,rllab-snu_unsupervised-3d-reconstruction
7,0567122a9c31fcae4239e5b32c4bdd8a79843091,rllab-snu_unsupervised-3d-reconstruction
8,05a0183e20aaebfc271742bd200532fecb408245,rllab-snu_unsupervised-3d-reconstruction
9,06d89c77f52c42d586dd60f71b151c2b0bffd35f,rllab-snu_unsupervised-3d-reconstruction
10,07e19ad4f49f2acdf238b1b317f75b67bc8048ea,rllab-snu_unsupervised-3d-reconstruction
11,08af9782924eb27cd2e91053ddc6cc6cd463255b,rllab-snu_unsupervised-3d-reconstruction
12,08fba93d3b4757f008b15ae15666fe15c2042acd,rllab-snu_unsupervised-3d-reconstruction
13,091a83a1af062f642c144cdb0bbc3be7a4487983,rllab-snu_unsupervised-3d-reconstruction
14,0a090209a16913e18142cb476e5f48f11323f4a3,rllab-snu_unsupervised-3d-reconstruction
15,0a95dbb5fe2f85eec9eca478c5165aea666786f0,rllab-snu_unsupervised-3d-reconstruction
16,0ac4b1c94c306ed0468de6054a28fe086c605d94,rllab-snu_unsupervised-3d-reconstruction
17,0ae099b858cf2026656290c085159d46a346863e,rllab-snu_unsupervised-3d-reconstruction
18,0b102fe23ed5961dd50a4e82c93278c03d4154d6,rllab-snu_unsupervised-3d-reconstruction
19,0b3016cfae9ed5fa0c6610c945f03c6a760ea9ce,rllab-snu_unsupervised-3d-reconstruction
20,0b58333683949ea6f09adaeabd874640944e9c2b,rllab-snu_unsupervised-3d-reconstruction
21,0c22328afc96fcf7b0573a8714da6a3ccf3a273f,rllab-snu_unsupervised-3d-reconstruction
22,0c22b1f225affe01f1df007cc3ddd1e68b741997,rllab-snu_unsupervised-3d-reconstruction
23,0c5b4f66540b6b62ea375950f21599f98c1b52bb,rllab-snu_unsupervised-3d-reconstruction
24,0dc6f5bf15dfbd04358e2f04979016a64b3da926,rllab-snu_unsupervised-3d-reconstruction
25,0f84845ce46160c9ad676dbb3b6d9ef82d30fe06,rllab-snu_unsupervised-3d-reconstruction
26,1008799eeed0a46481f590f9f4204c2c658c5092,rllab-snu_unsupervised-3d-reconstruction
27,1052ed267083e29f0964dec8ac1b6fcc8b0fdd7d,rllab-snu_unsupervised-3d-reconstruction
28,105342b6eb9de816197531388afddf80101cd762,rllab-snu_unsupervised-3d-reconstruction
29,11387d55e2b6fbcfc4e444c1850816a649b81cbb,rllab-snu_unsupervised-3d-reconstruction
30,11b30aabc79c977c162e9ff4446766e4ba566989,rllab-snu_unsupervised-3d-reconstruction
31,128cc89624a7280f2649e07708f1017905090a63,rllab-snu_unsupervised-3d-reconstruction
32,12fa2ce2b956fdce0cbfdf293a2780214e5f3ead,rllab-snu_unsupervised-3d-reconstruction
33,13e7d52c1bd262d5cf336f959d15e26c8eb4f5ea,rllab-snu_unsupervised-3d-reconstruction
34,14611005896ed67dd3c0687c6ccc5a4e5602aafe,rllab-snu_unsupervised-3d-reconstruction
35,147714d344d3c005d61e0107ced8778cd12f8208,rllab-snu_unsupervised-3d-reconstruction
36,15d269dc4d234985c06fe91de9ea26e56524a3ae,rllab-snu_unsupervised-3d-reconstruction
37,1639d8a28af88841b23bf9ac8e58ad62788b4a08,rllab-snu_unsupervised-3d-reconstruction
38,16ce3703d4992d4ab07446495ff318befa6e6ae4,rllab-snu_unsupervised-3d-reconstruction
39,16eb45baf7bb2391257341f30cd4cff8b6949636,rllab-snu_unsupervised-3d-reconstruction
40,17b13f70d8cf3be8bec20955fbf22944dab7f252,rllab-snu_unsupervised-3d-reconstruction
41,17c1fab68765998b10efa833f6e556d7e25a78f9,rllab-snu_unsupervised-3d-reconstruction
42,17c25613d09c7637934081d9f9034efef15e6a22,rllab-snu_unsupervised-3d-reconstruction
43,18136273859bde90823f38f51516ba6b02057737,rllab-snu_unsupervised-3d-reconstruction
44,181d2ea1b9e9f6f3e5bde38a3c2b8289d91db032,rllab-snu_unsupervised-3d-reconstruction
45,185ec8960321dd5e8111b9cb1590f6fd8c8545a4,rllab-snu_unsupervised-3d-reconstruction
46,1913171b1df860ebb19527e6caefbc19473dd3f5,rllab-snu_unsupervised-3d-reconstruction
47,1a5718d01c5621cfcbfa66b3e6d3014a7242b83e,rllab-snu_unsupervised-3d-reconstruction
48,1a7de70f81296bd865be0c9b66ba98e3aa1084e2,rllab-snu_unsupervised-3d-reconstruction
49,1abef69a341e23a6e85b153df7ce202fd3aa246f,rllab-snu_unsupervised-3d-reconstruction
50,1dfff096b175251df7e96d48c148a77f93b4b4b3,rllab-snu_unsupervised-3d-reconstruction
51,1e893875ccae557d928b204e37106751fdd988dd,rllab-snu_unsupervised-3d-reconstruction
52,1ea8d486753fdd72989b531ca80541d49ebb5702,rllab-snu_unsupervised-3d-reconstruction
53,2038ae1e5be6ce92aa77e6280a492e2e14fd80e1,rllab-snu_unsupervised-3d-reconstruction
54,210eaa03c349182518477b745a60f5a9f1057e2c,rllab-snu_unsupervised-3d-reconstruction
55,23c85161e7ce53cd1475baad2e020d7a4f829d4f,rllab-snu_unsupervised-3d-reconstruction
56,242fc13dfa368727ac829d3a4d646d11ec003737,rllab-snu_unsupervised-3d-reconstruction
57,249ccb3547af92896c169dea41061dcab033d614,rllab-snu_unsupervised-3d-reconstruction
58,25224b8fef4c123f4cc372a705fc47fd18099e91,rllab-snu_unsupervised-3d-reconstruction
59,2597bb9860d3f6b9c5a7db6e59ca20d0097d701b,rllab-snu_unsupervised-3d-reconstruction
60,25fbd9055bf73892d5ebe9f22f5368d89e17eb54,rllab-snu_unsupervised-3d-reconstruction
61,2679cf8db6cf42a9b39a659c3ece91ac2f7c133d,rllab-snu_unsupervised-3d-reconstruction
62,268d8d4bf3687765954e3de4a30950b7382a0d24,rllab-snu_unsupervised-3d-reconstruction
63,272042b8c9a29c120b1e84ac96c6fe9441003bdb,rllab-snu_unsupervised-3d-reconstruction
64,272560c528cc4ad64105c8ae951f6b6f1edb8543,rllab-snu_unsupervised-3d-reconstruction
65,273197082f6c0b9b04fe6402684a750225528920,rllab-snu_unsupervised-3d-reconstruction
66,28e949f92dec60b1871737365a74d4ac63a49236,rllab-snu_unsupervised-3d-reconstruction
67,28ec6aa9a87f666d88a23f14c1acce1a87701e08,rllab-snu_unsupervised-3d-reconstruction
68,2a6aae0fe68f430d15100252eda88b1e7a7219ca,rllab-snu_unsupervised-3d-reconstruction
69,2a8ddfc3ed7e29ecf41f7bb4c321846dbcc0f11c,rllab-snu_unsupervised-3d-reconstruction
70,2aeef923a94b7aaf2b52bf52126654f2871e6d68,rllab-snu_unsupervised-3d-reconstruction
71,2b31eb8a514753021d344ae725627784f5208450,rllab-snu_unsupervised-3d-reconstruction
72,2b34857bce72beb6e74fb5b1771828176b98501b,rllab-snu_unsupervised-3d-reconstruction
73,2b428f515591ddcafce02c921b3d86fa3317ffc2,rllab-snu_unsupervised-3d-reconstruction
74,2d2a0030728e5d11f09ba28f22e7b3acffc4211d,rllab-snu_unsupervised-3d-reconstruction
75,2dc78e85ca358feca0c06451e394d94fa4114684,rllab-snu_unsupervised-3d-reconstruction
76,2e6b46c16fdf6a3b8c124ad54b57912bddf4e1e7,rllab-snu_unsupervised-3d-reconstruction
77,2f1d0583b736362853f9f2e2e32aba6cc3a2e31e,rllab-snu_unsupervised-3d-reconstruction
78,2f40e39136504b5c37ba62890be62914b623fb9f,rllab-snu_unsupervised-3d-reconstruction
79,2f9347fe563dcdeb4db38a04a206b36e8795089e,rllab-snu_unsupervised-3d-reconstruction
80,2fe9bcc2c266773901abb367cc05db0b618d89f1,rllab-snu_unsupervised-3d-reconstruction
81,300d5d0a133f5fa8e382bc98009c4ac3060fc869,rllab-snu_unsupervised-3d-reconstruction
82,301c3b77ac864671f2ab7982667c66d86d1826fc,rllab-snu_unsupervised-3d-reconstruction
83,330739199f736f8c32100654dc1354cbb4f8cb9a,rllab-snu_unsupervised-3d-reconstruction
84,332a53d76880c80de371c38b148f165987897281,rllab-snu_unsupervised-3d-reconstruction
85,342ed3a578f057bd5a278b898456b19213347fe2,rllab-snu_unsupervised-3d-reconstruction
86,35108103d45d3e1136d9a970621246b630a371bd,rllab-snu_unsupervised-3d-reconstruction
87,372b351453a5d381d52bbdbfbf86e59a8bb5b70e,rllab-snu_unsupervised-3d-reconstruction
88,37e2d17b863d29289a8bc133fd1e63832055ea10,rllab-snu_unsupervised-3d-reconstruction
89,389509b95fb7957558baaedcbed3609c0546daa3,rllab-snu_unsupervised-3d-reconstruction
90,390897b208fe30f929839e935620f52faabfe007,rllab-snu_unsupervised-3d-reconstruction
91,39d4786452e01b5b0a4bda7d258b84d6e1bbe262,rllab-snu_unsupervised-3d-reconstruction
92,39d50f73737fd3b3f8e3a4f69f3272c8cbc42a0a,rllab-snu_unsupervised-3d-reconstruction
93,3a6cc861fa2653cc2ac5b8b0d4f216cb80747d76,rllab-snu_unsupervised-3d-reconstruction
94,3aae0d5d2e42cdea9c137073d165ca1cf33a069d,rllab-snu_unsupervised-3d-reconstruction
95,3b37531bfa23b653ce2f5af46e9196fce4fc58e8,rllab-snu_unsupervised-3d-reconstruction
96,3bf5d2b57aa1b40fbe1db9d411146b008188e835,rllab-snu_unsupervised-3d-reconstruction
97,3c003f198775f31cf71ec2e7451bb2c31bc913ed,rllab-snu_unsupervised-3d-reconstruction
98,3df0415a80aee1e564bb5d1437e3a2906f4a1a1d,rllab-snu_unsupervised-3d-reconstruction
99,3ea14b19c141f3b630b87a251069c0391b318f4d,rllab-snu_unsupervised-3d-reconstruction
100,3fa84bd5eaed4de0a1bc80c6cf410ee6f19301ed,rllab-snu_unsupervised-3d-reconstruction
101,4012acd821b728b8fc6b9b07099b227fdf8aa5da,rllab-snu_unsupervised-3d-reconstruction
102,403df089e15b661b5e0a99e97f6d7abe85b47676,rllab-snu_unsupervised-3d-reconstruction
103,413c04cc5aa9a24400e86241fb1baa7ef132c649,rllab-snu_unsupervised-3d-reconstruction
104,41af680ab7ee2d5f1969206779eda93cf6b3b51c,rllab-snu_unsupervised-3d-reconstruction
105,420e962f27043ca24d7332c29dca769e62fbf22f,rllab-snu_unsupervised-3d-reconstruction
106,43912ae3f3c045824d1db84d0482bbde0f6b1ff8,rllab-snu_unsupervised-3d-reconstruction
107,4553c8176ae6aa3cac30a8666d85587f7df68c2d,rllab-snu_unsupervised-3d-reconstruction
108,46a715ecc4952dfe008a76b6af2f2e2fadac72d8,rllab-snu_unsupervised-3d-reconstruction
109,47abfe1e605c54c4a228f27f3f8983c08ed37c78,rllab-snu_unsupervised-3d-reconstruction
110,482c88d3dac9a45207e9e670d8b30f32ba9d1241,rllab-snu_unsupervised-3d-reconstruction
111,48686cf798879e6b8ab5b7cd5b36c982904e099c,rllab-snu_unsupervised-3d-reconstruction
112,4a1d3e94e5cd834359426a3bb5c5b16014ca2c15,rllab-snu_unsupervised-3d-reconstruction
113,4bc214247f4cf0258a78503fee1ec0f9916b0a57,rllab-snu_unsupervised-3d-reconstruction
114,4c30730e2ff05e9aa6c742e2a304a69bf8d41fe1,rllab-snu_unsupervised-3d-reconstruction
115,4c418bfd38398d7ec1caa2e5d9dcd47784f46c40,rllab-snu_unsupervised-3d-reconstruction
116,4cd14e305d5552ea90e1cb6e8a0452cdcf21eaaa,rllab-snu_unsupervised-3d-reconstruction
117,4d164836f22437853b781e729c1ec5f35f1201d1,rllab-snu_unsupervised-3d-reconstruction
118,4f826b55a817fa09c11f028ab85319bc27947643,rllab-snu_unsupervised-3d-reconstruction
119,4f8653fc4197ab1356ba67dd76c8504718a7934a,rllab-snu_unsupervised-3d-reconstruction
120,506bac7ae0c07ef1e532ce58f380169faadd635f,rllab-snu_unsupervised-3d-reconstruction
121,50aed61ffc3039796c42f77575221a06727c9974,rllab-snu_unsupervised-3d-reconstruction
122,50e7eb974d6dddc4a5990d17c5a474b7f2256064,rllab-snu_unsupervised-3d-reconstruction
123,5176f99ac53df177b5be73721be79a0a56af8ef0,rllab-snu_unsupervised-3d-reconstruction
124,523f5aefec6a47ea026129b647a201cf3ee7d526,rllab-snu_unsupervised-3d-reconstruction
125,52a6a07da1f464399b16a2a97fe2b0eeff2e202d,rllab-snu_unsupervised-3d-reconstruction
126,533803bde5af57a1c25ef472c08be89407ea90a8,rllab-snu_unsupervised-3d-reconstruction
127,53b56d524bf7313e0056c7093aeef57d2dca01b6,rllab-snu_unsupervised-3d-reconstruction
128,53f0b18e4e00aa21f6cc8487cef70bb58fccf431,rllab-snu_unsupervised-3d-reconstruction
129,54412bbef6787ca5c3383c4566191135ec187082,rllab-snu_unsupervised-3d-reconstruction
130,54445558a9daf6a883828f5f0cd5e6a7345fba58,rllab-snu_unsupervised-3d-reconstruction
131,54483b97acb7ce04c11f085f398af6bd921ccea6,rllab-snu_unsupervised-3d-reconstruction
132,5574f2a47058bd91bc86eafaf7720cc990d3a6f1,rllab-snu_unsupervised-3d-reconstruction
133,55b3ae522f2ef26d32bbe7df0fc38f3441d79f12,rllab-snu_unsupervised-3d-reconstruction
134,55c40a9451da14e71a14e1dd8982b44e64855417,rllab-snu_unsupervised-3d-reconstruction
135,5664e5253d54fce21966398903f7c1954101ae60,rllab-snu_unsupervised-3d-reconstruction
136,5708464f1d0f42a51fa4a44eaa256a0ff595ce06,rllab-snu_unsupervised-3d-reconstruction
137,573eb4224bf86acc376e378a7a357c001573ee6d,rllab-snu_unsupervised-3d-reconstruction
138,58f53a68978f4b77a3cc8cc309aedcb2f96b5353,rllab-snu_unsupervised-3d-reconstruction
139,59755fcdcf229325558fc53d0a167f949241afd3,rllab-snu_unsupervised-3d-reconstruction
140,5997b597d6647d2a9816d1a555c0388627d4b264,rllab-snu_unsupervised-3d-reconstruction
141,59a7df5e26a0fb6c2ad525ec936ba6583438080e,rllab-snu_unsupervised-3d-reconstruction
142,5a29c744b477745c0d862518e6c66a8ac5a0d79e,rllab-snu_unsupervised-3d-reconstruction
143,5ad727f4bf048b2ae720b31ef65ce8875f1516e3,rllab-snu_unsupervised-3d-reconstruction
144,5b2399f2a2835f468d705c3dab2edb2e8fca1e65,rllab-snu_unsupervised-3d-reconstruction
145,5b81fd4b10462ca3597dbcc08c3e1b822437932d,rllab-snu_unsupervised-3d-reconstruction
146,5b82db84ba03351f0f8ce969ebc1b630beb95640,rllab-snu_unsupervised-3d-reconstruction
147,5d0364dde6bf9b94c6368c2fc66092edfb76a36d,rllab-snu_unsupervised-3d-reconstruction
148,5d56419345f540fa6cb4b6af2a9b934651073c44,rllab-snu_unsupervised-3d-reconstruction
149,5e4525182c70a6c4d754f7004d8a845d01056ae3,rllab-snu_unsupervised-3d-reconstruction
150,5f09abd2de581a5f04ecab785aafeeda17e4614a,rllab-snu_unsupervised-3d-reconstruction
151,5f487efe4507cf9886ce1b1553d8f86496a4f8b3,rllab-snu_unsupervised-3d-reconstruction
152,5fe01f04d0fa0568ef4f9852078f7ef80305ca72,rllab-snu_unsupervised-3d-reconstruction
153,609e0f99d30905ababb2d9ef3306da5c56426717,rllab-snu_unsupervised-3d-reconstruction
154,6182511ad3e13744b9f379680c9005efe51dfb7a,rllab-snu_unsupervised-3d-reconstruction
155,63725de59e12cb0700f2efc2f28e59cfde49a141,rllab-snu_unsupervised-3d-reconstruction
156,63d3a3b1f341aab600788eb8816b8cc864ab66ed,rllab-snu_unsupervised-3d-reconstruction
157,651b105e0c190ce2d1a5d7e03050adc608c50aa0,rllab-snu_unsupervised-3d-reconstruction
158,666520201df63a9a760a26962931e2cbb5b04a05,rllab-snu_unsupervised-3d-reconstruction
159,66aff62699a00b1f9fa3748659c41341c2b4708f,rllab-snu_unsupervised-3d-reconstruction
160,66e17bcca340bfbc63cf8692edac8253db71b558,rllab-snu_unsupervised-3d-reconstruction
161,66e1f12a7ef7b3899164826565d4aed248d88cfe,rllab-snu_unsupervised-3d-reconstruction
162,6702815968f0c1899aaa9713e1beade9ddbd54f5,rllab-snu_unsupervised-3d-reconstruction
163,6742873bc597b6b90f11632710ba18624894aaf0,rllab-snu_unsupervised-3d-reconstruction
164,680806b788800429c2b95fec5ce35bc9a3285423,rllab-snu_unsupervised-3d-reconstruction
165,682bdca1e2bbc735da7b2ea6df4b023df5727c88,rllab-snu_unsupervised-3d-reconstruction
166,69122b2d09816be2dc1de3dcef00f31aa29bff20,rllab-snu_unsupervised-3d-reconstruction
167,695cfa1b9bbb37ed2c9e2447de4f640dc70ee5cb,rllab-snu_unsupervised-3d-reconstruction
168,69ae06ad32b3e6f990d56db84b29cf1c0c240dcd,rllab-snu_unsupervised-3d-reconstruction
169,6a2a03f8438c242b51cece40ea1880adb10645d7,rllab-snu_unsupervised-3d-reconstruction
170,6b879c8fdcde9dd6a851aad60c1baf93ea50cf74,rllab-snu_unsupervised-3d-reconstruction
171,6c5b7612491ec77515e9d0e4d8aac9543187b6df,rllab-snu_unsupervised-3d-reconstruction
172,6cd5020483ed16278d3dfff04d6ad49c21de9b2a,rllab-snu_unsupervised-3d-reconstruction
173,6dbb4b890c8317100b1c68773cba14149e106ed8,rllab-snu_unsupervised-3d-reconstruction
174,6e538257588b03cec2216cbb3f4185368fc49763,rllab-snu_unsupervised-3d-reconstruction
175,6e62b453423a158f46cd49036a2938e4f6e9a60a,rllab-snu_unsupervised-3d-reconstruction
176,6e62c09f6d443e0f25545b31ac25a5b34b16c43a,rllab-snu_unsupervised-3d-reconstruction
177,6ecf8a4175b3e7649e8aa69888945334b7bafce8,rllab-snu_unsupervised-3d-reconstruction
178,6f2171b4fc505fab040ef933bd9f6b7181852b93,rllab-snu_unsupervised-3d-reconstruction
179,6f9596e19d08d59aff904b39861386fe4ef44b8e,rllab-snu_unsupervised-3d-reconstruction
180,6fdad734d34ec710a61a4583e26ec7f007b45b3e,rllab-snu_unsupervised-3d-reconstruction
181,6fe74f7e56b51de0bdfa07b0d7b611c42f54f250,rllab-snu_unsupervised-3d-reconstruction
182,7038e10a818bf10bdbbfe3a320f50235050f3f6e,rllab-snu_unsupervised-3d-reconstruction
183,707d175a721ad001b1752ec528ff2acf4e9aa401,rllab-snu_unsupervised-3d-reconstruction
184,70c1f84d87f73564e8cd051d9d62c4242bbdb3d0,rllab-snu_unsupervised-3d-reconstruction
185,7100b4504c10c0cfbc4ebdc2af0445ff2cb34bed,rllab-snu_unsupervised-3d-reconstruction
186,71840fea9ed530041bc5e7e140687ea0ba1dc307,rllab-snu_unsupervised-3d-reconstruction
187,723f73aba60d2d724521427645fd93fdf0ea209a,rllab-snu_unsupervised-3d-reconstruction
188,75868692c093a8b3282034eaa832501980542ac4,rllab-snu_unsupervised-3d-reconstruction
189,75f682b01b4f737beba2175ed71631c06f064e79,rllab-snu_unsupervised-3d-reconstruction
190,7668585066067341f3222b0fda1a4b9d1f9f90a5,rllab-snu_unsupervised-3d-reconstruction
191,773eece2d8814b9afe9fe43a6d056dfe1d355295,rllab-snu_unsupervised-3d-reconstruction
192,77bd4951c2a909d4ebfefe05b1813ce6509d5c07,rllab-snu_unsupervised-3d-reconstruction
193,780ae4faec44f8b5ee13d2da4784ccf829331b30,rllab-snu_unsupervised-3d-reconstruction
194,786f0fa46056def6b7e438736ca72e201af32f56,rllab-snu_unsupervised-3d-reconstruction
195,78ac43d3ee459c853f6f57ed12d3cd67467ffc54,rllab-snu_unsupervised-3d-reconstruction
196,79a29b9ede82067db097a98a3069c4f1329c210f,rllab-snu_unsupervised-3d-reconstruction
197,79a3042a7fca86545931db69306ed320b1a48dcf,rllab-snu_unsupervised-3d-reconstruction
198,79f57afa7e8dce5908569d2c050d17910b2c4021,rllab-snu_unsupervised-3d-reconstruction
199,7a0096e5c75c3bfd17ad42f6d447e598c6e731e2,rllab-snu_unsupervised-3d-reconstruction
200,7a457bc6e5f953afccb5677bc0732018d2e6d36c,rllab-snu_unsupervised-3d-reconstruction
201,7be9d5a7c8fd943db8c09098714476c73223e7bc,rllab-snu_unsupervised-3d-reconstruction
202,7c0540e3b0b5406115484a65076e93cfefe6f8fb,rllab-snu_unsupervised-3d-reconstruction
203,7c12723793abf98073481656b346af850d91f45b,rllab-snu_unsupervised-3d-reconstruction
204,7d1c7c72bf43d0a45d7a8c023ccb19cc25ff7e8b,rllab-snu_unsupervised-3d-reconstruction
205,7d5e4bfedac2abed4ab39fd0eb776373f7bd9911,rllab-snu_unsupervised-3d-reconstruction
206,7d64f434940bcb11a785b7ed4acf22cade2fdc93,rllab-snu_unsupervised-3d-reconstruction
207,7dbf8f6133e3e6e7afee183832381b9826dfba45,rllab-snu_unsupervised-3d-reconstruction
208,7e331cab44a24bd84401bc24e3c34e5802fc28bb,rllab-snu_unsupervised-3d-reconstruction
209,7f43fa3cbf90feee87ad7c11b170f28271a56d94,rllab-snu_unsupervised-3d-reconstruction
210,7f8275f99571f75b17c9e2f21dcb037b540cd055,rllab-snu_unsupervised-3d-reconstruction
211,7fde4c2ab1f5ab2b9dffa2e9fedab3807a6a1633,rllab-snu_unsupervised-3d-reconstruction
212,80055c04991a619f654f2ebd37207887f5d72127,rllab-snu_unsupervised-3d-reconstruction
213,807bb0ad1e29a30181b9a82e9a029b5eb01c3a3e,rllab-snu_unsupervised-3d-reconstruction
214,8182779c94850c3fc0618b35985425480ec89abf,rllab-snu_unsupervised-3d-reconstruction
215,8217f4bfe20e6ce5bf2e2a47edc7f3b4f037c1b0,rllab-snu_unsupervised-3d-reconstruction
216,8287534766b8a6cbf53d24a5db17fcf80e7e7525,rllab-snu_unsupervised-3d-reconstruction
217,830110bea927905836a55fb8f72eb3873b473f33,rllab-snu_unsupervised-3d-reconstruction
218,832df5a62574bf6a4bb5de05d01f9258fb66f1cb,rllab-snu_unsupervised-3d-reconstruction
219,832f344f1f885e1d9312df8dba036ba0cd7424f0,rllab-snu_unsupervised-3d-reconstruction
220,866d275e84c9ba00dd9c8c55112f6b576ba359f3,rllab-snu_unsupervised-3d-reconstruction
221,86d8187bdb35b10701849efde7ea5d5a19963ef3,rllab-snu_unsupervised-3d-reconstruction
222,879249113a75785c2d65f1ff354fd39ce7bc19f2,rllab-snu_unsupervised-3d-reconstruction
223,87bae3e14a683441c866d72a0521559029ff80f5,rllab-snu_unsupervised-3d-reconstruction
224,88075f31273d1707e44bbfaa08d1c5486c449624,rllab-snu_unsupervised-3d-reconstruction
225,8825752e580044a1d916aa4f73116efda8a848f1,rllab-snu_unsupervised-3d-reconstruction
226,884dc44b99698a5318543b3876b6b630f50b8130,rllab-snu_unsupervised-3d-reconstruction
227,885b3ee42d276910ca0df85ce570abfa05311059,rllab-snu_unsupervised-3d-reconstruction
228,885c5caa1eac64e086a7f7de7f83a7a64a4dbeb3,rllab-snu_unsupervised-3d-reconstruction
229,8880fcded18a24f3b4a655248166ff8b73a0a967,rllab-snu_unsupervised-3d-reconstruction
230,8885bded3d7ece979776b24f0c23fe500b8f2318,rllab-snu_unsupervised-3d-reconstruction
231,895e5d3e4e3c736bc92c548c18849ba27ad92a13,rllab-snu_unsupervised-3d-reconstruction
232,89a5f5bf9b18703aff6780762e8b838a4da73405,rllab-snu_unsupervised-3d-reconstruction
233,8b169bebd500df08f9a1edde19ca8074c7ee830f,rllab-snu_unsupervised-3d-reconstruction
234,8bfd29b9b7c060704fcc50a1ceb50caa76a85841,rllab-snu_unsupervised-3d-reconstruction
235,8c5649099372e092ee4d1d31fd94ea8e761e8244,rllab-snu_unsupervised-3d-reconstruction
236,8c68f46c44d96ff1749b69a13c0cf644ee078323,rllab-snu_unsupervised-3d-reconstruction
237,8d2afadf8be5b86467a3a1ea9d89efc51012c4a3,rllab-snu_unsupervised-3d-reconstruction
238,8db314c315e1e59abc7f2d0f545c875d87185eab,rllab-snu_unsupervised-3d-reconstruction
239,8db6c495bdcbfd58bf89945fd54347cd8e98076d,rllab-snu_unsupervised-3d-reconstruction
240,8e985791a3becc2defb1ef0db047870e2a07b070,rllab-snu_unsupervised-3d-reconstruction
241,8f126c55c74a1533addded4ef8fb27b59f296abc,rllab-snu_unsupervised-3d-reconstruction
242,8faf33741e23dd9ca6e0db609a9f88e8e7b39683,rllab-snu_unsupervised-3d-reconstruction
243,90215465fe12d433112885698a5fa606d01db4f5,rllab-snu_unsupervised-3d-reconstruction
244,90773383719db9ede71a92371014062f048f5c5b,rllab-snu_unsupervised-3d-reconstruction
245,9146b5e0a18e14dae4433d74d860a129a0e30d80,rllab-snu_unsupervised-3d-reconstruction
246,92e18cb3b7faea332233fd3acfc3b8b4ebb1ea0e,rllab-snu_unsupervised-3d-reconstruction
247,938b948e3d865d4c84e5ed7c91d924d981818a43,rllab-snu_unsupervised-3d-reconstruction
248,93cad91ab427adb2e89ab9d8e1eb1bae448f778b,rllab-snu_unsupervised-3d-reconstruction
249,93e73eba4faf38c0aea371a4ce36059c42637c4f,rllab-snu_unsupervised-3d-reconstruction
250,9492d9333158e7c2b331be7a9c2232d5cb65dcf8,rllab-snu_unsupervised-3d-reconstruction
251,94b608cc1ad5ae63be79135ca8900e36b6762dc0,rllab-snu_unsupervised-3d-reconstruction
252,956e666d384fb50c97f7f0f490eaf7ade5efe675,rllab-snu_unsupervised-3d-reconstruction
253,95b08efb531fbe65e4cce60f50a94bcd8de3ddc3,rllab-snu_unsupervised-3d-reconstruction
254,95eacbb4f02644c634fca253660269279e283ccb,rllab-snu_unsupervised-3d-reconstruction
255,95fbb811194b4b7d85f3dadf2c585afa41a0cf8b,rllab-snu_unsupervised-3d-reconstruction
256,966d35563a3125a2911c450c5377c3b507e284b2,rllab-snu_unsupervised-3d-reconstruction
257,96c03625915ef740ff8b4c5f0047aa21b444c50a,rllab-snu_unsupervised-3d-reconstruction
258,9742fdf8c39337d45e1a181450620cb8e6c90d44,rllab-snu_unsupervised-3d-reconstruction
259,97a64089cf31eb59d48175967c08a560634758c2,rllab-snu_unsupervised-3d-reconstruction
260,98276bf272dee833347d79dfd8815c896d618dcb,rllab-snu_unsupervised-3d-reconstruction
261,98887d029563af5486942d852354306f6311c5f8,rllab-snu_unsupervised-3d-reconstruction
262,9900351bd2266c6de8a6929a03a92853b297da62,rllab-snu_unsupervised-3d-reconstruction
263,9a41007e6d8c42158b552cd101784f394490ff21,rllab-snu_unsupervised-3d-reconstruction
264,9b3f56daf355103f2a46a5e9210b8f803854ba1a,rllab-snu_unsupervised-3d-reconstruction
265,9ba9bf47a2cef9d74cbed4934b72ebbfc9433f49,rllab-snu_unsupervised-3d-reconstruction
266,9ce219639045dee58720dd62b252f1b900ce9971,rllab-snu_unsupervised-3d-reconstruction
267,9dd3ec6343713d829e6667a798e160dd7e1480aa,rllab-snu_unsupervised-3d-reconstruction
268,9eb01d51a9a35257e007921a093a614ecb2d51e0,rllab-snu_unsupervised-3d-reconstruction
269,9ed13f3084073b0f9c244c93074ba1014e46f4da,rllab-snu_unsupervised-3d-reconstruction
270,9fd53fdeb471e43f0fefd4afbd5df753f4263de9,rllab-snu_unsupervised-3d-reconstruction
271,a099861ff3b7cd985f37c41da7e565d81612529d,rllab-snu_unsupervised-3d-reconstruction
272,a14d86ba6edebccf26632f2944397f5fcd7dd7cc,rllab-snu_unsupervised-3d-reconstruction
273,a1f25429271a55279747c773ae7122951eddb1f2,rllab-snu_unsupervised-3d-reconstruction
274,a2379fb79057e853aac05a7e0675189f88fb1417,rllab-snu_unsupervised-3d-reconstruction
275,a2db6c5706d62c60ade39379d157e6897e0da530,rllab-snu_unsupervised-3d-reconstruction
276,a32c81ef41f9c17e4fe6f5d94400a465e2d234a3,rllab-snu_unsupervised-3d-reconstruction
277,a39b38fd8b4bdc0f8d2c16f083163d88992ed158,rllab-snu_unsupervised-3d-reconstruction
278,a5076695c86a4e164cefea4c4cca4113f61e3dc1,rllab-snu_unsupervised-3d-reconstruction
279,a50e49bd13ed655d949725076b92d683b17cefc9,rllab-snu_unsupervised-3d-reconstruction
280,a70071c68bdd7dde7700229436820631ae91a813,rllab-snu_unsupervised-3d-reconstruction
281,a96a64dea1ce709737dfc62b44e1e6999b76dce3,rllab-snu_unsupervised-3d-reconstruction
282,a9e6043df2192a150722792ea25e79b2343116a2,rllab-snu_unsupervised-3d-reconstruction
283,a9ff5efd857c66a639188f96c5b0147e4f28b1b7,rllab-snu_unsupervised-3d-reconstruction
284,aac20fc34f23031ea2bcfe89c4343a2b66cb920c,rllab-snu_unsupervised-3d-reconstruction
285,ab78d1f31512319776ac487b29138bbe54cebc62,rllab-snu_unsupervised-3d-reconstruction
286,ac0713b165fea772de5d233f082390de51dc902d,rllab-snu_unsupervised-3d-reconstruction
287,ac9abcf72deb1a72799aca7627c8536fc978d3fd,rllab-snu_unsupervised-3d-reconstruction
288,acb4958115f6ee36c199864973d058afcd80225f,rllab-snu_unsupervised-3d-reconstruction
289,acff2920c3ce202022194b450c2018d4a82afe5e,rllab-snu_unsupervised-3d-reconstruction
290,ad7f768d8135174f523b6b13c9c53fc74c471f65,rllab-snu_unsupervised-3d-reconstruction
291,ade423f28e6fd2d4c603460df87ba305499e3677,rllab-snu_unsupervised-3d-reconstruction
292,aeecdca8a0ac60e3f597423b722c2268fc54d4ef,rllab-snu_unsupervised-3d-reconstruction
293,af5b8f8b42c3c55dad9f8af72399ab4ab754bf27,rllab-snu_unsupervised-3d-reconstruction
294,af62e7882e54be0a45e5da883823f5c843228eae,rllab-snu_unsupervised-3d-reconstruction
295,aff889ce26e9dd9c3bfe66ee69cfcd4362616f6c,rllab-snu_unsupervised-3d-reconstruction
296,b00f9edd3ec14cdba43f5435bdbbf9f5ca51601a,rllab-snu_unsupervised-3d-reconstruction
297,b164376ec41be6b5c6cb8f741515e56098ec925b,rllab-snu_unsupervised-3d-reconstruction
298,b189f3db1e59c511037ed46d3145d0efd2f8946e,rllab-snu_unsupervised-3d-reconstruction
299,b1d2cba837488dc938a7026c9486729028c1586d,rllab-snu_unsupervised-3d-reconstruction
300,b2528bf9ccf6b1d9b9977b05f9f738f82bd24934,rllab-snu_unsupervised-3d-reconstruction
301,b27ecaf6ff113be08d814eacaf8d1abfd2cd8e5d,rllab-snu_unsupervised-3d-reconstruction
302,b36cf304f3e3eb3d0c2f00a8d8da1b8d7b5c51c8,rllab-snu_unsupervised-3d-reconstruction
303,b3e1899a09103777d6e54a1dda97ada006c23efc,rllab-snu_unsupervised-3d-reconstruction
304,b3fe3e30caba8cab82dd9f2b7bc65c9159969c7c,rllab-snu_unsupervised-3d-reconstruction
305,b5fb2f2a39176d2477eee005b551b9dd76b52fd6,rllab-snu_unsupervised-3d-reconstruction
306,b65542c3ce7eadfb1918b1c19725177709eeb1d6,rllab-snu_unsupervised-3d-reconstruction
307,b78ba681cc219c7408c2f5c66e5f97ac0565ca18,rllab-snu_unsupervised-3d-reconstruction
308,b7c3f4f8ee000fb71fe212fc897da8716a0a472d,rllab-snu_unsupervised-3d-reconstruction
309,b8307d6f013ccda79ff7c00ab848ea6f1e7e3750,rllab-snu_unsupervised-3d-reconstruction
310,b9b5abb72ba27148286676b1072e694416fc086a,rllab-snu_unsupervised-3d-reconstruction
311,b9d99df78f1d7ba9e5a80a3f01a9927a497cf064,rllab-snu_unsupervised-3d-reconstruction
312,ba19e900d57f862c0e0af85c2830bcdc1f9f3bed,rllab-snu_unsupervised-3d-reconstruction
313,ba2f9b6ed13dad1947db5c8d2b8c5e355b030f32,rllab-snu_unsupervised-3d-reconstruction
314,ba3d4a372029149a2757624a9cb8b2cc67610993,rllab-snu_unsupervised-3d-reconstruction
315,ba4d397d668b1722a39ac4a2f1953b16fe63ed9d,rllab-snu_unsupervised-3d-reconstruction
316,ba649ce6811ce15252139ea0c6686ba84834540f,rllab-snu_unsupervised-3d-reconstruction
317,bc45f32117021b31b9632d23acae8eb6c89edc47,rllab-snu_unsupervised-3d-reconstruction
318,bc5a7fc931cf1fe707647ceeb15dd89f77065052,rllab-snu_unsupervised-3d-reconstruction
319,bc886af9d914100267dfb43488a43b6ed6edf65e,rllab-snu_unsupervised-3d-reconstruction
320,bdf0000a5f7cab485b1976b9ed0c9bcf26467e28,rllab-snu_unsupervised-3d-reconstruction
321,bdfb95e27672985f7f4f93cdf92944578a6db569,rllab-snu_unsupervised-3d-reconstruction
322,be4588cd2b1a3d70f4023c771ad73fd108696542,rllab-snu_unsupervised-3d-reconstruction
323,bfa19fb09722d783f2d6ca829edb3e3388e266bf,rllab-snu_unsupervised-3d-reconstruction
324,bfd6a9993b30e481abe3c3c00b424e842bfc5d69,rllab-snu_unsupervised-3d-reconstruction
325,c080d9bcf93b5de36636493ba163dfbeffd07f3e,rllab-snu_unsupervised-3d-reconstruction
326,c167f6dc38a4af32c23846d684c6e79a0a80742d,rllab-snu_unsupervised-3d-reconstruction
327,c16a9ecb3614c63ee7b295b6192980fe9db6e176,rllab-snu_unsupervised-3d-reconstruction
328,c170c7da40ae151f396e6c48a5130e0a36190574,rllab-snu_unsupervised-3d-reconstruction
329,c1a283eaed44ef13083ad62633c7c6542d39a88b,rllab-snu_unsupervised-3d-reconstruction
330,c239d5337f1c6ace8cad32c36f730dddc39a0454,rllab-snu_unsupervised-3d-reconstruction
331,c297ee361b62b406e3559763eb5cbf537e99b5a2,rllab-snu_unsupervised-3d-reconstruction
332,c31f03b035af43b8b2fae5a0ae2cc2e4e75a2eaa,rllab-snu_unsupervised-3d-reconstruction
333,c3a873eeba58673fa44599caa1a328cae8e01130,rllab-snu_unsupervised-3d-reconstruction
334,c489f076587fa25c73edf09b4d16b1bbf2d36f78,rllab-snu_unsupervised-3d-reconstruction
335,c4c317f63519c4578c421920ae2c4b13cce77283,rllab-snu_unsupervised-3d-reconstruction
336,c51f87d5e4056e32d6472370458f1f3d65eba607,rllab-snu_unsupervised-3d-reconstruction
337,c57af10f9b87373d0fd5aa8f8d91e9a46f08d1c6,rllab-snu_unsupervised-3d-reconstruction
338,c6f3edfd51b1bbeb7355b8759dcbda1966f6f449,rllab-snu_unsupervised-3d-reconstruction
339,c723181c16d4859e65ece9c515afa3239f339e11,rllab-snu_unsupervised-3d-reconstruction
340,c7b66b6b149fd41a3ca564f2f6249b0dd69d54af,rllab-snu_unsupervised-3d-reconstruction
341,c860dedeae39f6a44c0266448144df195367fbc0,rllab-snu_unsupervised-3d-reconstruction
342,c88482ce4c6b8894204cd1b1facdd8b182e90d69,rllab-snu_unsupervised-3d-reconstruction
343,ca5fb76ebdd479c0797878e7b26ea6a16b560e68,rllab-snu_unsupervised-3d-reconstruction
344,cd0219e9ce9b4e71c682934b9de17aea58ad3041,rllab-snu_unsupervised-3d-reconstruction
345,cd20e9ccf5c241bfedf7379a3b29567eb8e4c1c1,rllab-snu_unsupervised-3d-reconstruction
346,cdec170dde77798ebf3735e985d66ddef4fbb08a,rllab-snu_unsupervised-3d-reconstruction
347,cf6cc159525466d84e1f1a3174b9cb344d629a0b,rllab-snu_unsupervised-3d-reconstruction
348,d0446e6ad97ad7afb94b362e686431bd4b30ad16,rllab-snu_unsupervised-3d-reconstruction
349,d071fe2b6a87e684c7b1b9f0d2ca8049c6cbc9d3,rllab-snu_unsupervised-3d-reconstruction
350,d145bf9feb4c7b8e410c964d8b8475402db17770,rllab-snu_unsupervised-3d-reconstruction
351,d162e4784603043421e43f6699e9c07bdb2e27fa,rllab-snu_unsupervised-3d-reconstruction
352,d177e30b3ca12bea7dff064f140a4a3f96b90324,rllab-snu_unsupervised-3d-reconstruction
353,d38dd620524ca426c965d5904fd98d78e9cfee3d,rllab-snu_unsupervised-3d-reconstruction
354,d49bbcf7ef73f712069120e7f26f4af2ba3e9a0e,rllab-snu_unsupervised-3d-reconstruction
355,d545453d7bf246918460992255d474b343aff296,rllab-snu_unsupervised-3d-reconstruction
356,d5f4b73cb7be4ad1c5282b862c61e0b222675901,rllab-snu_unsupervised-3d-reconstruction
357,d6e19d97f6c7fbaba4de7e6a1d748126c274f200,rllab-snu_unsupervised-3d-reconstruction
358,d777105b58b7e54b34b0e7662141609ce7001a0c,rllab-snu_unsupervised-3d-reconstruction
359,d7ecca400c1648bdb2b1f183f1a37c68382edbf7,rllab-snu_unsupervised-3d-reconstruction
360,d7fcc5813f0b4e6cc700dc384f4896216ab20886,rllab-snu_unsupervised-3d-reconstruction
361,d802fa8f689e78fb26ced144b3cd434c5247a42e,rllab-snu_unsupervised-3d-reconstruction
362,d817808d3446eb59e38154ee3f9e9689c8bffba2,rllab-snu_unsupervised-3d-reconstruction
363,d845e1c44ab5bd198f4022837596b9d088ba383e,rllab-snu_unsupervised-3d-reconstruction
364,d8574206f3a757138cdd91adb680d6d20f8f302b,rllab-snu_unsupervised-3d-reconstruction
365,d887b3939b5014224523c9931047e0f8dbfa95a2,rllab-snu_unsupervised-3d-reconstruction
366,d8aa3c41615f53461b670cfae6c117672d5e6bbd,rllab-snu_unsupervised-3d-reconstruction
367,d9d4f22c16ab0d5cee959d3f32aa4cfd71c099ef,rllab-snu_unsupervised-3d-reconstruction
368,d9f5a800dc4f12d34649873edd5cc10e756b7815,rllab-snu_unsupervised-3d-reconstruction
369,da2aa0094ef5269a4347dc494a387ea0b86b7dd7,rllab-snu_unsupervised-3d-reconstruction
370,da7733a2bd3896e0cc18fc83b8c45bf4a19cf239,rllab-snu_unsupervised-3d-reconstruction
371,db26cbc5a09fe092ee75b0d0d1b20a6119ea2fd6,rllab-snu_unsupervised-3d-reconstruction
372,dbb1cea29781bb4917007be3b638b215100ccf0c,rllab-snu_unsupervised-3d-reconstruction
373,dd415eccda6bd1f160dd841439e99f4ba32d9e8e,rllab-snu_unsupervised-3d-reconstruction
374,dda1712f4aa2a8ac119065e407e1011a60b8a557,rllab-snu_unsupervised-3d-reconstruction
375,deebdf36a78724e28a2b5593843b9af6ed4ac7f2,rllab-snu_unsupervised-3d-reconstruction
376,df31d351558d553a9b6f450ec0822087c628d538,rllab-snu_unsupervised-3d-reconstruction
377,df5941f6e4fcaa82ce96e2f34ae3fd9ff79e6904,rllab-snu_unsupervised-3d-reconstruction
378,e0559de99910e1caf260dd6d6adb732e3ed9d290,rllab-snu_unsupervised-3d-reconstruction
379,e1142d75b3861486ac096e84454d7382dc893d0a,rllab-snu_unsupervised-3d-reconstruction
380,e1b22eb0861860fd7936436c044686f80a676f5c,rllab-snu_unsupervised-3d-reconstruction
381,e1cc45e97e141d876f1affec4b3a4317a1da3c3d,rllab-snu_unsupervised-3d-reconstruction
382,e300f6286ffa35e8dbec34e647756fae6758fe2a,rllab-snu_unsupervised-3d-reconstruction
383,e30b81bfa289ba89422ee03c05cbe95908961731,rllab-snu_unsupervised-3d-reconstruction
384,e31dc424dd7d4a9546edc3581e848344bd8c571d,rllab-snu_unsupervised-3d-reconstruction
385,e35e332cc86ccc49ad84d3f4ef10c3e6e3314b3e,rllab-snu_unsupervised-3d-reconstruction
386,e41d403c4e0c6a0600fc0309d641b2a5104bedf8,rllab-snu_unsupervised-3d-reconstruction
387,e580792d9deea11f5a2fa5b090144e6ce7ab49f9,rllab-snu_unsupervised-3d-reconstruction
388,e695387521b98afb4bcc6d4f24e3ab46df17c4f4,rllab-snu_unsupervised-3d-reconstruction
389,e6dfcdb31b6a53d5003463c72150e424c877f0d9,rllab-snu_unsupervised-3d-reconstruction
390,e73242c2c8ed33354cc230776d20ccb1742ed2b1,rllab-snu_unsupervised-3d-reconstruction
391,e755af04757ffd28074af7f0363471cb133fcfb5,rllab-snu_unsupervised-3d-reconstruction
392,e7719f8b9d0b28f0335420b87ea0a65f2f7a6419,rllab-snu_unsupervised-3d-reconstruction
393,e84abc6160852f16b4dd53fd1cf32b418d0aca5a,rllab-snu_unsupervised-3d-reconstruction
394,e916fc81cb50c71b7f79d3e5c067a31249dc69ba,rllab-snu_unsupervised-3d-reconstruction
395,ea559a6f6b3db980c704f7b008fdbdf00bff340c,rllab-snu_unsupervised-3d-reconstruction
396,eb67de559af80cc43fc216f2d011ca8bb8a6da35,rllab-snu_unsupervised-3d-reconstruction
397,eb87b8c95062f1ec6a620bfd550ff3baba6a4bd5,rllab-snu_unsupervised-3d-reconstruction
398,ec9fbfe16362deab59aaa492d3f56d7026ea9188,rllab-snu_unsupervised-3d-reconstruction
399,ed37011111e472e28c8569e47224995b6bdba7e8,rllab-snu_unsupervised-3d-reconstruction
400,edf6ef2de802dd2d92079069f2f6d9b2a75b9605,rllab-snu_unsupervised-3d-reconstruction
401,ee033492d39f80cb121ae67617852a6ceb9a1a3c,rllab-snu_unsupervised-3d-reconstruction
402,ee4bb75e34d85f05b5e30c5f2c4f7148301273f3,rllab-snu_unsupervised-3d-reconstruction
403,ee558b1c0ac5cb00bdeaec55226251e7bc0f17f5,rllab-snu_unsupervised-3d-reconstruction
404,ef880d280fa1e2451e532ed70167ec998a76a2c7,rllab-snu_unsupervised-3d-reconstruction
405,efa5fd7e49a000d0875dc3281e194e0ea6b6c492,rllab-snu_unsupervised-3d-reconstruction
406,f067f93ee87bd6fbd731ee75624fa7c0d1ad22c5,rllab-snu_unsupervised-3d-reconstruction
407,f0d3aff73b5c4926b153d13e415aab5b1388219d,rllab-snu_unsupervised-3d-reconstruction
408,f108cf0e0fb38a49f2df1420772db0abcd995777,rllab-snu_unsupervised-3d-reconstruction
409,f19a5a266310d01bd5c67067a040e35370bd4ab3,rllab-snu_unsupervised-3d-reconstruction
410,f1a92bc0511b040f02d57e3f309eee3c55d52311,rllab-snu_unsupervised-3d-reconstruction
411,f22434f97374da6430100bae855127bc44ea5120,rllab-snu_unsupervised-3d-reconstruction
412,f31f51813625ab5f67e74fda5a8e79f1dc5952a3,rllab-snu_unsupervised-3d-reconstruction
413,f450e59f35a7a0fff9ceed9319e455f1b3673ec4,rllab-snu_unsupervised-3d-reconstruction
414,f4fdb81a3612f4694e8830685ce56443a66c294f,rllab-snu_unsupervised-3d-reconstruction
415,f6958108ba80b497f71912e70eccfb2d6b6fd951,rllab-snu_unsupervised-3d-reconstruction
416,f6c03cda10a51ec36cff5754c7cf131bc6258f29,rllab-snu_unsupervised-3d-reconstruction
417,f77715b905dfc9b012585fea69172b11fa96191e,rllab-snu_unsupervised-3d-reconstruction
418,f802ce63cafd89db8779c63acf81cdaa0b334321,rllab-snu_unsupervised-3d-reconstruction
419,f847a3805a52c3ab3300319ef43e088c681bf9ea,rllab-snu_unsupervised-3d-reconstruction
420,f8c56bc70883de6b3e7894a7758ab05d2abe1813,rllab-snu_unsupervised-3d-reconstruction
421,f8c84eb1892011a74dd46de759e014031c31ba25,rllab-snu_unsupervised-3d-reconstruction
422,f8e1f8899fd6a165e3dd8e5d3fc55b44a65030d2,rllab-snu_unsupervised-3d-reconstruction
423,f9376b503d51891be0ee7a2733fb8cad4f710974,rllab-snu_unsupervised-3d-reconstruction
424,f9b3373460974583dcf36258094a450a80ecba14,rllab-snu_unsupervised-3d-reconstruction
425,fac13e2cc1c47c553fbb4d2b0dcd74862402aeba,rllab-snu_unsupervised-3d-reconstruction
426,fb36528c5f5d990ceb0e78ff5a4ec6f851668bfc,rllab-snu_unsupervised-3d-reconstruction
427,fb4ddb44d26ab576b54def20e1d2d45b71f7746f,rllab-snu_unsupervised-3d-reconstruction
428,fc6c92ea229b61548d08fab9d3b567bd5f75ada8,rllab-snu_unsupervised-3d-reconstruction
429,fd22d6512639b61b894ee88fb38749fcd587b04d,rllab-snu_unsupervised-3d-reconstruction
430,fd23180b16cd0fcc63b2a481bc5ac9d854d4a22c,rllab-snu_unsupervised-3d-reconstruction
431,fec8cb983dcedda4a4ab10512cf9faf681c711c5,rllab-snu_unsupervised-3d-reconstruction
432,ff800f9ca795b9c7d790b948cd92736055cb1274,rllab-snu_unsupervised-3d-reconstruction
433,ffb1ddacb728e2b8d7b8ff5a01a410e2a724972d,rllab-snu_unsupervised-3d-reconstruction
0,00144c161b5e1b955fc850dcb1e7ce25c49bc183,coryshain_cdr
1,00331ea820f623b1e60cdc20a85d92f973d78a37,coryshain_cdr
2,003ae744232a661239c5efab8b81e26cb63f48ac,coryshain_cdr
3,00959a3a895f922fecc24ac9f5566a762aaccff5,coryshain_cdr
4,00c00100a4703b898aa772edad16e0fc5ff9152a,coryshain_cdr
5,00ed0910e196b83a3f5c1adb0e7cbcab088d7d4d,coryshain_cdr
6,00f1b980404bf82afccfd282d0d808d601308941,coryshain_cdr
7,0117ab1f9f45013d361ba0d2e25442f71d58cf0d,coryshain_cdr
8,01ab6a9ea1b64326c811a9012124375361d41d58,coryshain_cdr
9,01b4dcfb1676ae35b8374be4c63cd80ffc3eaa16,coryshain_cdr
10,01d0f066cf7c3cbaed11c672fd2a93721dd8d6c2,coryshain_cdr
11,01d7d613e9196386fa6f8f02df3204c207064e83,coryshain_cdr
12,01db2466a585aa697a8e5defbe2c256ca555cac4,coryshain_cdr
13,0220ffdd1a7b29b2390758fa31d532e083b3849e,coryshain_cdr
14,0235aa448ecca188404d0775090ac2f5999717fa,coryshain_cdr
15,025b5e1ecd0e27848fc9e0955e28481e61ed09ce,coryshain_cdr
16,025e5282516a0ae58e9bc814ae9432919f4a6068,coryshain_cdr
17,028a6261a201a722f5b71c3502de914edd536263,coryshain_cdr
18,028d48c3ff05a755f7e9d08796b844d33bfb0093,coryshain_cdr
19,02a957a136c9782ffddc7091290aff2c7f294db9,coryshain_cdr
20,02cbf412333fd0410c51913782b60c2e7213e598,coryshain_cdr
21,02ce69a9edf27b1cacad5e9de64bb3ddf89b72b1,coryshain_cdr
22,02d5d499c59a6ee1a97928361076a684c9aeabd7,coryshain_cdr
23,02d9db1b01ba43cbe4d044221ba5e8ae5562fd62,coryshain_cdr
24,037230ae79e8881ad4a0e956235c2f568faeb563,coryshain_cdr
25,03a1a437c5ba8d4b9f55079f86854a96222268cd,coryshain_cdr
26,0464730da0e1f7f15fd055983e87e873fb1e93b4,coryshain_cdr
27,048150996629dd90b6b1897a1a5039be9fee47b6,coryshain_cdr
28,048406125a7ef6d90c893f4b0a7fb116928c205a,coryshain_cdr
29,04c5f732a88a92513459a98e497b6641f2eb455e,coryshain_cdr
30,04f020536659653f90e3e601237af4395b71fd20,coryshain_cdr
31,0541e3e2f918dae241d3bab19abfa929ff14a4dc,coryshain_cdr
32,057d84f4f16b672f543434148ee4f5c1ed6e871a,coryshain_cdr
33,05da46b1adf8ab4c5bdd3add02ebd2abfe5fc171,coryshain_cdr
34,05f3cad34a86033de1846fba6871e13a600524ad,coryshain_cdr
35,068f7789f0aab3ac9280848d93ac19515db5ad4a,coryshain_cdr
36,06ca270f84b2e630c5cff2a1fb404f15acc0a75d,coryshain_cdr
37,06cc159383b6261da9c18a351b46fe3702ef1576,coryshain_cdr
38,06fec57b07c7b1f81647951d8af8073931d48852,coryshain_cdr
39,07a7c387d459872c9c6a25de6b46f70fc5fd3a65,coryshain_cdr
40,07c83f5e9298589c37e74f6cfda25166064a8f20,coryshain_cdr
41,097723862abc36dc5eb3137d61acb0237c65177b,coryshain_cdr
42,097a138ff935a693ccdb8ef04aa9d63ccb53ab11,coryshain_cdr
43,0996a22661fdcb0f60b3408f1b4aae00f7fcd9b5,coryshain_cdr
44,0a0e6b08c17b5cebbe89d68adb45e420775c4af1,coryshain_cdr
45,0a359f498c944b6ed8f12689ae809b52793a69b1,coryshain_cdr
46,0a7a436f89dd73591d00c77782a9c5cab1dcf638,coryshain_cdr
47,0ae173c5e00f31b0e3b42a15a74c4cd7cc74a9bd,coryshain_cdr
48,0b0f32ea7b5935aa7a2bce1d68b9603cd54b45a7,coryshain_cdr
49,0b14c6535a2d9b064ac72ae91772079dfd95a985,coryshain_cdr
50,0b499a49b53a87fccbc8209d9e91f8df9c4f25f1,coryshain_cdr
51,0b8f9cf45395fe0bb34cae7bd6c0fcc572d28704,coryshain_cdr
52,0bd4c85760d1a00417174c91455a81da512d8101,coryshain_cdr
53,0be63799ef38cd7073af61ed1988abfb527ca1ce,coryshain_cdr
54,0beaa402ca48c47f257b1baa7eb1b012fd371218,coryshain_cdr
55,0bed18591c5a8b189d193582f8bef14e79b909e1,coryshain_cdr
56,0c3fb72743683a13fc2f3d16471ff886473ec3fb,coryshain_cdr
57,0c9a83e8e27cbcbb62c545240c7602b79a9c56bf,coryshain_cdr
58,0cc0979ab6c26c77267c0c8de0315b23d3322aa2,coryshain_cdr
59,0ccf3e0ace3f53b8de0c83e2a941985e9615ddb1,coryshain_cdr
60,0ce20d64399c965f17fd08882ddd7ac29a94eed4,coryshain_cdr
61,0d227cfc49b25efab12cd7379eb2d38b87deb599,coryshain_cdr
62,0d27e2d43b3e27e6a5f2b8c06ae50b2d64717654,coryshain_cdr
63,0d6596492f915a0a578210b1831658b3f00cef69,coryshain_cdr
64,0dd5b585435b356717e96c16cae6d8cf58bd73bd,coryshain_cdr
65,0dd8c334677fcc72fbd73d63565f9c690513e4e3,coryshain_cdr
66,0de319ddb0ec54005bc75778fbb3d711e02bb6b2,coryshain_cdr
67,0eb132e529271d79a7a894e86107fef355da5532,coryshain_cdr
68,0eb1820cedcc8e7f86a9cebf180ea15dbef830df,coryshain_cdr
69,0ef0c98a748c522966c1f83c929b07261b602868,coryshain_cdr
70,0f2312f227e1b66ee6b7c5089615644775c33b7d,coryshain_cdr
71,0f55e4fd4bc9122fb0231b731f349cb9a2b6d77a,coryshain_cdr
72,0f790b9684f77f0ca91a3064455ee7595ba0350d,coryshain_cdr
73,0f900f8f3826564451cbebd274262c0796431481,coryshain_cdr
74,0fce1875304e7b1f36fbfa105b4fea5a17ce1e64,coryshain_cdr
75,0fcf78a9e506d8d784dd23eae53c9e08c16acbf1,coryshain_cdr
76,10142e43062fe7d37971a59927739f06c6091948,coryshain_cdr
77,10547a4ee830e5c692eed3480b45cea37abb487a,coryshain_cdr
78,106913c12ae63033aa1cd2a68e5874d0e0861a49,coryshain_cdr
79,10bbdb7cab9e4de9182fda402868de5c0ccf75bd,coryshain_cdr
80,11302e1b91ee068514b06d08f6d67a3752749431,coryshain_cdr
81,113ed0b0e47d265a41772409b35e614d59b24aa2,coryshain_cdr
82,1157fde27862b3e16dcd4c6a4947987db345f98f,coryshain_cdr
83,115ddbd500a905db99f8f021abf01f3c86eefb09,coryshain_cdr
84,11946c1bf661ca0da175815a7575b953bfd16e4f,coryshain_cdr
85,119cace0043b0279c74c21ea304257c7128a5fee,coryshain_cdr
86,11eb2fb1ef1f654e61e267a06944cf9a68268067,coryshain_cdr
87,1219a699b3291be565c3d66fe2926cd05577c481,coryshain_cdr
88,121ab63c554762f07db5fa1fd579668e8c4029ee,coryshain_cdr
89,124d6043d00f2144375bfe6a0fe2ec85fd6d4641,coryshain_cdr
90,12601cbbe8065bf484ee8cc7db73daa0b982303a,coryshain_cdr
91,1269bdf4553856ef20ba82d925431fb6143b97a0,coryshain_cdr
92,127c76990b4f82e5a2477efe2ecd4b3a3dd2e2ae,coryshain_cdr
93,1289ee3ba33ea8c692bded1e1c9ec65322fdd3a1,coryshain_cdr
94,12a88600e5b9a267c7369009279f6a20ac7dcef4,coryshain_cdr
95,12bbd7b51b734fa39fda1131e7bff4568989ece5,coryshain_cdr
96,12dfd74298a2cbbde903d59ded06920680907a7c,coryshain_cdr
97,135aea9c635d28a56a19ca1c7b4e52b87c608c9c,coryshain_cdr
98,13670f2d622e1ea3646f8fae1639cdfe8473f2ff,coryshain_cdr
99,139d074d0fb7f65f18050488f6c7b14db9c5bada,coryshain_cdr
100,13b95c3d1aa468d2cd6312fa3b26d5c41fb08b86,coryshain_cdr
101,13c060f25df1692cd79525871418a1c11f5a837c,coryshain_cdr
102,13efb7c0404693a41822aff7a6bc2f0ff72c23b2,coryshain_cdr
103,143464cdf82e183eaa6b949866942b00b148026d,coryshain_cdr
104,145bd78be70f49fc69046b2a3d0b923c6805aba5,coryshain_cdr
105,14776cab1c0287c6be8175a833a2873f2600193a,coryshain_cdr
106,14a1200fa745ac8622f76aea2acde00355060dd4,coryshain_cdr
107,14a19593281ae22ea5aca04c7589e5822110936f,coryshain_cdr
108,14fa365ed0be78567747abd537b3e78cf56c3bee,coryshain_cdr
109,1538d724ae54f2294d5fc6d383a20c4195081c62,coryshain_cdr
110,15667436525bec7cf8292a01a136f63a87a42069,coryshain_cdr
111,15be3fec0cc619ba9aaafc860cdce5add28a6198,coryshain_cdr
112,15bfbe49c47494f88a4f11c7e68df7015553404f,coryshain_cdr
113,15e8c806ae23091f7d059dab98472b17c52d37a7,coryshain_cdr
114,161724f026d55e1fdb1df75b3e9565fd9d2e9a3d,coryshain_cdr
115,161742557b15f4f2f35739ce93ffe2b385cf1378,coryshain_cdr
116,16543a6c2487c30f6855b9dfdeffeb141701304f,coryshain_cdr
117,16b8654444a014f984e381871d3d57b793031969,coryshain_cdr
118,16c4151b42e9ff6b626be47a5844b47741773ee7,coryshain_cdr
119,170941c1d7b81bb7aee79e9a1ad7973782441124,coryshain_cdr
120,17ad1ffc88292d85ce25bf1ae2fc72a4631919a7,coryshain_cdr
121,17c9f070e3d222b714c1de06aa5ae34c0e7ce170,coryshain_cdr
122,17e300d234edc54edb525ac496d6c5a24cd06ea1,coryshain_cdr
123,1805a66814ba762c821ad08b84e6e6d2d135338f,coryshain_cdr
124,185eb6246c61369ea5178f8200481aaa2ef8c62b,coryshain_cdr
125,187f384e6ac3a64bdf5b9f578b19edccf964090c,coryshain_cdr
126,18de2fe9b7c0249da749208a012e338fdc6f5f30,coryshain_cdr
127,191a67784bfacf6b7f837c3d9c63ace3b5ed7871,coryshain_cdr
128,19323db6181a68499be2d585275a91238cd1aeb8,coryshain_cdr
129,1954a7a2178e2551b7febbda7ee5af9d6e8c22da,coryshain_cdr
130,19937387a7f3d647b3c9c771e2e3dff5fb9b57b4,coryshain_cdr
131,19df7caaf772a6fb153e1cd4b4b41a947c77b9e7,coryshain_cdr
132,1a043c6e60563b86e2dc352d4adb6fbfb722ba5b,coryshain_cdr
133,1a5268649ff0642906e1b0928891ec952a12cfc5,coryshain_cdr
134,1a5ba276e7cb84ff2274fb97ee31499591e44bbf,coryshain_cdr
135,1a81e36aceb26147170adc886daf8d64a1d95aab,coryshain_cdr
136,1a90517325cd0d257210ec210c993ef87da29abe,coryshain_cdr
137,1ad1958c63180b8b90964c1ad8a27c0e402ceb62,coryshain_cdr
138,1ad9d0615354ebdb92131faa20a2410379655b81,coryshain_cdr
139,1b33018414650b1e2e4130b6977fcd1dc9ca3fb9,coryshain_cdr
140,1b4dbd4c1ac48604c92c51de689598f0f4029366,coryshain_cdr
141,1b9b96bde9464af76029901329ca05bfde97386f,coryshain_cdr
142,1bce42372487476b90e3d306c0b41298eeea95b9,coryshain_cdr
143,1bcfe529715abb60bd17431f5a0da05e696d530f,coryshain_cdr
144,1bd0048fd503d96405349d19ff5a0f170cbd48fb,coryshain_cdr
145,1bdfbc0b50686bb9e52cbd8aae3f28bab4b634b9,coryshain_cdr
146,1be3961afd47660d1e3ba76e0375367bb614a8c3,coryshain_cdr
147,1bef393e2c7565a44462541095b4e1c9c9263b11,coryshain_cdr
148,1c3c065a6cb6fc504aea7e235588e9a320cda2bf,coryshain_cdr
149,1c9139e493df81a127b29566fa190fd58b7ddfaa,coryshain_cdr
150,1c9832cc83820e94a99c91d2ef940a573eb174d0,coryshain_cdr
151,1ca52c727981e917f9ca34176051d30425188a6d,coryshain_cdr
152,1cf2581e0fe16ff7bde1c31a1818e1012f12903f,coryshain_cdr
153,1defccb549370b575dc5ca0ac112db8c991b2cdf,coryshain_cdr
154,1df1353b2128d3da0a942f2dc1cd40a8f3b0dcb7,coryshain_cdr
155,1e5e955ff1b8747ac5eec7e11055db831e03a2b7,coryshain_cdr
156,1e64dfed97b56d9ea87729f8075ef4204709aa96,coryshain_cdr
157,1ec0867d799be0bae59aedd0732ab33bfc4a00ac,coryshain_cdr
158,1ec27edf9f67456b7337db9434865c39f89d33ca,coryshain_cdr
159,1ee0c5f4005583f47582ed2c69ce9c734cf44d4c,coryshain_cdr
160,1eea4241e3322a4e8e63141ffd4e7c6d9863d217,coryshain_cdr
161,1ef1a16a3c58de1028849e45e9aa8d6eec8472ba,coryshain_cdr
162,1f0d3c051af258cbe4b208f40cc44ab997c168e7,coryshain_cdr
163,1f12db3330c368267adaae9704b3b6ad62adfc2a,coryshain_cdr
164,1f27b59abbc337ec7464e59e691541ee28e8b0ff,coryshain_cdr
165,1f3e08d353f978862e725463038e84dfe72c1cf7,coryshain_cdr
166,1f8a8e578e4a93aa033151243957a5e4bf98df03,coryshain_cdr
167,1ffc237200fc7777a607666c79a397d4a89c8b76,coryshain_cdr
168,20c9eb05eafdff3444a5149576072ebe77edd852,coryshain_cdr
169,20e9a377aa645bc10335b7a339b0b10838c5efe1,coryshain_cdr
170,213dfe8802f06404ce2e03a77e68ff07273554e2,coryshain_cdr
171,214a2b23acb114707bb6c6ccdff2501024ff0122,coryshain_cdr
172,214a4cfa57cf7ad3db2744cf034e14c4c07230d7,coryshain_cdr
173,21762889ad05747b91f668e87fd7e0e811a8e46c,coryshain_cdr
174,2203300c750a30a7169092dab4be45b4dfb3afb0,coryshain_cdr
175,22085a34e616398155621847bda4ae41aff3998d,coryshain_cdr
176,225182e706d490a8b187d45601af4a7f4e2b4fb5,coryshain_cdr
177,22720fae2f68d69bf9d9f24de8187ce42e9b3be7,coryshain_cdr
178,2284f85084427afa80d6a330b368739d4fc970d0,coryshain_cdr
179,2286eb0388318d614dbbfdb7d5e51fcb1b65db5a,coryshain_cdr
180,2325ee26cb5f35a3a8b13505c05333115c748cf3,coryshain_cdr
181,236c78ac34b6491b935ceadce7dc5c8683818f6c,coryshain_cdr
182,237372dc108cb424d12f7bf741d6f6f4530e09ea,coryshain_cdr
183,23a042bfe88015f0b4a0a3ce08345d2cf848a683,coryshain_cdr
184,23c74ea22867a0939efd4c48a40ff4992f2d4759,coryshain_cdr
185,23e01b8619014d2a7bbe55f560a88a8d44025703,coryshain_cdr
186,23eb12123b925885cc17fbb8f2988acafc9686e0,coryshain_cdr
187,240a220cfb11e0d2a8c7470b878298da9a726b69,coryshain_cdr
188,242584c61ac5b6bd0c50e6ee92de946df6aae146,coryshain_cdr
189,24320eb85cb0ae50a04165f7a87492947c0b2ff1,coryshain_cdr
190,2463d2272ef46725c764eb01a8368702ec5ce41d,coryshain_cdr
191,24e6fced7cd6f78d28a3b52e98a6b5e3e62f9434,coryshain_cdr
192,250a01648542919e37e21c599aee24f0be9f3f78,coryshain_cdr
193,250b50c1f124b9d137346231a325355a63a5979a,coryshain_cdr
194,251e3addca395852b4ebf0c6d23f4d58dfa0a55b,coryshain_cdr
195,258415d3c314b16ea5ce1921ac8b970fd3cddfda,coryshain_cdr
196,2593e66b0935d16eb4709b768182493f045e5714,coryshain_cdr
197,25b61e308ddd99755aaac21645df569f3a7162c5,coryshain_cdr
198,25fc439d8263271c4605f8b8bf4b9930130347f7,coryshain_cdr
199,26035c7f9e34d3504617214391cf0eaff9036803,coryshain_cdr
200,2606694f78eeca684f5bcc111e4163728718ba56,coryshain_cdr
201,2686ba46718c1498095dbf2864e186f4c36af47a,coryshain_cdr
202,26b4412db5941037c02fe5fbc00cadf6942a14c4,coryshain_cdr
203,26b4bdbcd3be9f41f54e2fbc2b1a8b8946e42181,coryshain_cdr
204,26e9f4178dd8f890c96b006e98e8c9b60d507a51,coryshain_cdr
205,2777fb1c2fc8d7dd5d46a1c63c9687ca1f54824b,coryshain_cdr
206,27ccec21866a5506aea62a5be2b9546b0184dc88,coryshain_cdr
207,27d158eab06fb73ef6352c085564d23d10feb513,coryshain_cdr
208,280907439de64a210ba7facba14f9e12c55d0f85,coryshain_cdr
209,28142a5b474b762d4db07246da0925f5fa5bcdea,coryshain_cdr
210,284adc0f1d83608d8d191429b5ba1900dc51cf73,coryshain_cdr
211,28699ebcbb4c5579c1f093769e81e1cd8113c871,coryshain_cdr
212,29599afe750322e421d69ee0c7c6427318fcc882,coryshain_cdr
213,2961968c622a100fcb2f023bc6afaf2549e0c053,coryshain_cdr
214,296bbe3dbe31f36c7734bdb6ffef77d7edb622cd,coryshain_cdr
215,2977a3bb50423937c04c53594dc4c2e33efa9a33,coryshain_cdr
216,299874fd5bee7232679b12d3584f6cbda7e9b45e,coryshain_cdr
217,29d5dc65ab512be7e43d0b936dc6aae65cb28f9f,coryshain_cdr
218,2a1123d1be746bfa334700e0d72031433b994623,coryshain_cdr
219,2a48fce84edd23c6d86588f4bf6d3ad37fbdffaf,coryshain_cdr
220,2a935d7362fe2137c7c941ff06eb936841f97d12,coryshain_cdr
221,2ad99d73522adc29b692c362468a394ae48f8e01,coryshain_cdr
222,2b33b23554d56eadb929d28aeea246530585fc73,coryshain_cdr
223,2b4366f226f45c236dbe1e945341cf9bde0b5aa2,coryshain_cdr
224,2b5f9e7479f41aafe28ad64dace5c5e1304e0462,coryshain_cdr
225,2c0b5729cb084b3908d5db3f9d47cbc126e99622,coryshain_cdr
226,2c1c696c31aa3307edf601ec9de555f2e36ca250,coryshain_cdr
227,2c5a4b5e27678848bed0921f4bbffb41a5428e0b,coryshain_cdr
228,2c653e0d9b9c5dc8cc51fc830bc1fd580439c566,coryshain_cdr
229,2c80a9660fe5f3180249d108c2fea59b708dba89,coryshain_cdr
230,2c8408f3fef64d70bca78914eefe6d693f05559a,coryshain_cdr
231,2c9a5bb38fd47da7aa5b0bc1485b5eef4366f7db,coryshain_cdr
232,2cc9d83853656ad828dc4caffc355f7411dd63d6,coryshain_cdr
233,2d143e60f179b5836bdb9931cf58466e3c2258c0,coryshain_cdr
234,2d429e0cbc295cd96f7f50cb74a75902dd062c6d,coryshain_cdr
235,2d5c811a281837e9c7c8e5d40376b78f7ba0fa7c,coryshain_cdr
236,2d7898afed1d9a41962cae178d54a4cc8d6ea70a,coryshain_cdr
237,2db8b7108213b196caa7e95958334392454dc0d8,coryshain_cdr
238,2de5db8a2c8f7b85c75fe38eee73f3e67ce340fc,coryshain_cdr
239,2e188ca32bf04a28628a8b086f3b736b712050e8,coryshain_cdr
240,2e971abfa4c63ec73d086ffa12fd511ed6f2897f,coryshain_cdr
241,2ea123a53883e034b8e402d631456876092af439,coryshain_cdr
242,2ee40eb90dc15dcefa47f0904fe5088f1061a293,coryshain_cdr
243,2ef5fbed031951ebdcd64a89fb43210620b2e4b2,coryshain_cdr
244,2efce7bdf995efaf598bd765f7ec051fb431c0ab,coryshain_cdr
245,2f09dafc676695ce03625e33507edc504de9841b,coryshain_cdr
246,2f0a5d1a818957a21082b2c971c7ce722b972e4b,coryshain_cdr
247,2f62e7da1677e3fff7a64164741baf054caea941,coryshain_cdr
248,2fbdba45c44842d0b9e1031f717057fb1970d45a,coryshain_cdr
249,2fd58a7542958938d04cb286f16aa25252df20c9,coryshain_cdr
250,3006cb52857656a1c57ff05080691422ea3e4627,coryshain_cdr
251,30262900a7ad46a131df77023dd2ea9a96cef75e,coryshain_cdr
252,308e40ec9351be5da74fcf82984a39814140acd0,coryshain_cdr
253,30ef49a50aff957096c2a9ecf0899018316bd65a,coryshain_cdr
254,3106097072b873154906a33e8f143c1c873d52cb,coryshain_cdr
255,31551c0bcfe8d225f387aa7680c5e82108d21b78,coryshain_cdr
256,315f9056ce6ae356e5ce0d5b659c596f711837da,coryshain_cdr
257,31615d2d8c01f84ca7dd91a5a09fb9654fdd9e26,coryshain_cdr
258,31b03613a1d4fc9f4979199a2fd49dc93729bee0,coryshain_cdr
259,321036700e8a4fbaa81873af35e3f3702f00d20b,coryshain_cdr
260,321da08611cca7c42051c480126632142ca453d7,coryshain_cdr
261,322509b431eac1394394c01793641f7aeea906f6,coryshain_cdr
262,325d492a82c3b885c35a1f2a32f385f2573a490c,coryshain_cdr
263,3285e89e2b35bf5990bbd7b404335da21c282093,coryshain_cdr
264,32f60ebbbed4f2f5cd035e1fa2921ea0e734efe4,coryshain_cdr
265,3324fc61400777d0e61f5a2bc3b810e4751da123,coryshain_cdr
266,33a6318f3a6c8516c8c86fa7dde4d2184d14ff01,coryshain_cdr
267,341ac9f25a599a1ab32f8dec480a6809c6d71a95,coryshain_cdr
268,3431ae934c3203014d0000215b0dae15bb53b008,coryshain_cdr
269,344e9e7fc70d074258cbaedc20b31ad1bb604683,coryshain_cdr
270,34781a69b4f9721969fa402c68dcaec079e7fde7,coryshain_cdr
271,34d86109c92b00ba2669f498e248f32a5fed47eb,coryshain_cdr
272,353057edb307019c45061b5a3d8c152aab563fac,coryshain_cdr
273,358fa82f7c1667c8ad2376f27339dda7aa6079bc,coryshain_cdr
274,35e02197927b9e0f714ffa96c82298b6794e32d9,coryshain_cdr
275,35e48c7a5260c5187f5826528ed090423b13c69e,coryshain_cdr
276,35f1b99aee1843671badab45f53f057b61687934,coryshain_cdr
277,3621658582f74bc37b6c19e98b0527e790259c27,coryshain_cdr
278,3678603b04ca33b26cb380071ab8cc414d41060d,coryshain_cdr
279,369f099c14d0555668db27b59571faca4f50ae6f,coryshain_cdr
280,36e654127648bf03fc6a725a4f88291f24413b22,coryshain_cdr
281,36e9690aa2f4a31a05c123f70e1693cb4fd920da,coryshain_cdr
282,3702b9dafc30c4140c14eb99efaa4568a439f9f7,coryshain_cdr
283,3703deb4afc48cb4bf05480f3570236b703aaff7,coryshain_cdr
284,370817ead338b9b0ea3cbe3c4d4d23a44c776a58,coryshain_cdr
285,371e0cf1a088504d0819fee4b18e8fb4ee685472,coryshain_cdr
286,37485ad8a2e5c3bd2a57c3955809ca1c4867fab8,coryshain_cdr
287,374cfc4a84badc5e950c627dafc7009accdb22dc,coryshain_cdr
288,376b575aff0da4dcc9199d5253474fb03cd4922d,coryshain_cdr
289,377abb6c4e5c9fba6993477bbcec05205e548fd3,coryshain_cdr
290,379647988b632af0c92d93d3fa6ff4d4c384c60d,coryshain_cdr
291,379dc5be91762cdddb7e96fe20b95f7ff69afc88,coryshain_cdr
292,37d604279a9a1013a14713c93e80be0820090b23,coryshain_cdr
293,37fec7c1057615b6e8b3fa959de6e98aac5faa1d,coryshain_cdr
294,3840ae6da2cd45a877fe892a9670f2496270b1e6,coryshain_cdr
295,38dbe2cedbfff55e888388c280513a87b6989fb1,coryshain_cdr
296,38e710c93b6a99e27a995e9f5588ab113b0c302f,coryshain_cdr
297,396abe9f1ac47f9af6352853844b0fe75e8fa55c,coryshain_cdr
298,3a8162b4c2c33a09eb5b2810ef3b207f60e7cf2c,coryshain_cdr
299,3b2ef5293e4fceff27954dd7ab23cc6edc2c0c88,coryshain_cdr
300,3b4b61bbae7563bd280717c7954d1f8ba4b9e167,coryshain_cdr
301,3be866b104bb9a1e48e8cb8fb64103a5057010e2,coryshain_cdr
302,3c166579d380a9d3ed25fdb52b70478f6bcc6ccd,coryshain_cdr
303,3c5ec32adc1b60edd1d5808f9b7e09e3cf85cd76,coryshain_cdr
304,3c7ed42dc6e95b7f421114e21eff061aea2596f7,coryshain_cdr
305,3cc6cf1c6b4b9ba92b1983032616b2dead4a9e60,coryshain_cdr
306,3d10bea13ebcc1b9bfc50182df224d570e3e9c36,coryshain_cdr
307,3d4b0dc1eafcd9d637b9e92554feba9b432cea2e,coryshain_cdr
308,3d57abeea103b72b90526957a87d4aac3935ab8c,coryshain_cdr
309,3d8472420213233b803dc54ef674c287f8735715,coryshain_cdr
310,3de8191725e086f1e71245f5d800ba5ce271ff12,coryshain_cdr
311,3df4558504a9c2538c16044e7b028cd07ddca5b4,coryshain_cdr
312,3e169f18b93eb64f9da1b06d0fdda3c371d32ce3,coryshain_cdr
313,3e16a95007f79237cc16bf5f90df3f47517cb8f5,coryshain_cdr
314,3e2ba0a7df4785b1dc8613ae779dfd0358ea2662,coryshain_cdr
315,3e61a8d158db53263c42a3194e6966d5c62b343e,coryshain_cdr
316,3e93b87e95d5f6ce0af568a22eb9c94f642fc17a,coryshain_cdr
317,3e990e31a06d69df3ca35af7a65646f380773284,coryshain_cdr
318,3ee3dded2dae67d0ce46ed67d3d5c81e9ba28307,coryshain_cdr
319,3ef43723442cec5488c4d15d256f94d122f3d117,coryshain_cdr
320,3f463939eb34c6ff8f795e5d186f65fb60e0b748,coryshain_cdr
321,3f49955aaecaea2af92d5903c984382280697e0c,coryshain_cdr
322,3f7f3c686181ed948780694283b03eb6629c3f20,coryshain_cdr
323,3f9515d54302d291263ed5b9088923189954dbd4,coryshain_cdr
324,40076f0c175f6aaadd137aa2b997e4c18a7bc31f,coryshain_cdr
325,4032e4510525f15ea914d915f244d0e169a960d3,coryshain_cdr
326,41229fc4b591228f12713d21cfc6bc15a38d67bd,coryshain_cdr
327,412f8dd059d92c4101ec116d3f3ee6144f5b3674,coryshain_cdr
328,413c6383b1389e7af07c5c1d354ead7346151aa6,coryshain_cdr
329,414b5b0a099ffe335bb47bc8ba4cf5f68bb0303f,coryshain_cdr
330,41d0f222865368a63b89329db698d1c04ed8b4a8,coryshain_cdr
331,424c3b42608f97e9116d5a72d377e5af43347220,coryshain_cdr
332,425806c4c92f18c191ba6338ec1b0c47c0a0ebee,coryshain_cdr
333,42767daed29093778cee3a17031c6ddd60885b5d,coryshain_cdr
334,42cc9730fe17dbf0f3f880b8f1c7268e385a5921,coryshain_cdr
335,43261a4d2093f479fb772695b47bec8a70abcb96,coryshain_cdr
336,434f182eff43ef49d4c943eb023330b2c541e5eb,coryshain_cdr
337,43939b68b9f6ae3f87e6ec960078d536ad367a94,coryshain_cdr
338,43affdb1df8b9915fde91b5d486af6bc20d01bd9,coryshain_cdr
339,43b2648b70b9dcfa1af844118c2655cc61291e75,coryshain_cdr
340,441beeae6468ed65b88e9e35e5eeaee7798db795,coryshain_cdr
341,4421662c0a6ee5033711cec0c53f09c902294a55,coryshain_cdr
342,444391efd17990f6583c9e9472bc41fd9f3d6452,coryshain_cdr
343,44bb4398dedc412d56be0580203812a1838770c0,coryshain_cdr
344,450162217e9cafe4be2a0327be33a2ddc322c9b3,coryshain_cdr
345,4520e8cae26a0fae10180514427085d0f39554bb,coryshain_cdr
346,452473db553e4d4a04b889a92fe3523af82e4f92,coryshain_cdr
347,45a86dddc1452723f74eb59604ff9c4323bb38a3,coryshain_cdr
348,45d16edec389eb03276a657d5759db4549c3ed66,coryshain_cdr
349,45f013232c582e9762ad45ac1b0126141dfb2746,coryshain_cdr
350,45f42e373e762840786f309f308daa7012765f86,coryshain_cdr
351,45f43612bc495a4bfaf00c359222bdd3d4635e87,coryshain_cdr
352,45f87a2ed9f9287cd8bd89af849f552ce214902a,coryshain_cdr
353,4610187e17c6daefbe6142bcc35ef8ebfd35b67d,coryshain_cdr
354,46d5970646abf1be0fb1fcb892c27d8886cede23,coryshain_cdr
355,473c8967545895d588adfbf8c0416747f5ece7b4,coryshain_cdr
356,4744aee768288a9bc886f244df140f99a13b25aa,coryshain_cdr
357,475b04559a7ad82d261766dcf100b4d0dd107527,coryshain_cdr
358,479bc01ceda1b94b0ed2c48d2d33a17abbdcc2b6,coryshain_cdr
359,4823c1740161b432c596e7555deb3cfedfe56658,coryshain_cdr
360,484c0cfdedbc2bd0d255f1df8de8db46ee656229,coryshain_cdr
361,488e3d7700d9bda6eff95639672ed5829d93eeeb,coryshain_cdr
362,48a4e0a006d6896d214b61e66f9fffde5f10fa80,coryshain_cdr
363,48bd14fa94329eda2526ff1dcd33347e734df479,coryshain_cdr
364,48c0762fafddeed225f6ad0c38a85f4cec5ed186,coryshain_cdr
365,491c9cb9b87b31e99b878b61b5c737bbf58cbc0d,coryshain_cdr
366,4930db634502521240e1610a72d5aad75233c053,coryshain_cdr
367,4946e8e748f28742e4c3e46032c24951ba1169f5,coryshain_cdr
368,4961ea16ed1a6f3fc8f9847b3249250ae99154b0,coryshain_cdr
369,49b415379c6920ebbf9d669283df546b1495a3ae,coryshain_cdr
370,49ba630ceb57e62556fb77404eaa0f2feccbfaba,coryshain_cdr
371,49c75468844a3edaf83261381c9797149924f04c,coryshain_cdr
372,49d9d1c3c7d3e6d788454b3640ec2c23216e2c8f,coryshain_cdr
373,49daf0b4b0d70c0ed72a0103b61d498faa3e1872,coryshain_cdr
374,4a18453ff34ce75581990086bb5dae4dbe7e8b3c,coryshain_cdr
375,4a5e0ed78200f42601351afe0a8756c70f772288,coryshain_cdr
376,4ac95c34a4f71f365ba18b4d205bbbc397a34670,coryshain_cdr
377,4ad853ae45f58fc774caf5145ec68416b93b89c0,coryshain_cdr
378,4bd4c388ddf2e5304c5c6e754a21b6879b579ac9,coryshain_cdr
379,4c5a9504d69411ac28e7855143388689eb706748,coryshain_cdr
380,4cb3663c8db0cec9eeae7966b2ca2961a8e54e28,coryshain_cdr
381,4cca73b38cc2fc40c1313095e1cc8d57409f1d69,coryshain_cdr
382,4cd5549d0c3b3be0a7695ffaead0e84f0a0acdaf,coryshain_cdr
383,4d10fc5caa7abf3dbf5150d7b6401bae39c760be,coryshain_cdr
384,4d5720b13f756b8b9ff5c01c8f2fb158f8b46a05,coryshain_cdr
385,4d968dd05dfb8cab41cde480e6e86c7fddeb7562,coryshain_cdr
386,4db58472f488b5e3998a77dac1a1c439e7e4fbfe,coryshain_cdr
387,4e1a123d98e3f2d0e1ded7a5bc6807d820506644,coryshain_cdr
388,4e785ea63ae9e8ffac1b2f4f5b62ea8cac372398,coryshain_cdr
389,4ea27c3ce8948334c5b7399264250ac777ab527c,coryshain_cdr
390,4ec142013cbcfa5ef2b858882c0184008804ea1d,coryshain_cdr
391,4ffba9ea91e4e4bb680fe18772e839e74b59b13f,coryshain_cdr
392,506f3fb4a9228839d661d45da4ab9f9862a4272d,coryshain_cdr
393,507e5c307f270dcd48188e4e0282746a97d5599d,coryshain_cdr
394,50bf149f9d2fb1c17ad3d5dbb4d88196397533f6,coryshain_cdr
395,5169aad0165fa0693e79c36b67c4b7a309ea0de9,coryshain_cdr
396,519e9c4e650bdcdc8e9b176a1a323e3408992849,coryshain_cdr
397,5253bc8b156dc423e72fafa858397d729b16946c,coryshain_cdr
398,527ab3310dd829731e2cbdba6a6a04a37aa0a7cc,coryshain_cdr
399,52ec6c8281d73a1c3c01daf9e8dd056488ae6c93,coryshain_cdr
400,536612e5e350c23fad00286d8f764fe06893644a,coryshain_cdr
401,539df3bf13fcd6c39c4835425545232f3d582cda,coryshain_cdr
402,53eb6cf8ac5e1fe7b008914780590f793fe8c0f2,coryshain_cdr
403,53f02c68bb8b136630f641a598293ef90d1cdc78,coryshain_cdr
404,53fcf2b97752e400fa0f6163a6ec817d80a0be67,coryshain_cdr
405,54529219b2b4bcd58d97d6299da20c1ebb1fb8e7,coryshain_cdr
406,546c1a60eadc48f1416a1ac3148334ec8a0b9ee3,coryshain_cdr
407,548e90850827e8c5b143818efc2591d1c11e3a48,coryshain_cdr
408,54dd2b137ce8c4c4d05deae0281ca462eb081431,coryshain_cdr
409,54e604a48ba29a4ff07fa789cd2ad0a641fc0071,coryshain_cdr
410,55354f234b6185418e87069a21bf0105cc3586cb,coryshain_cdr
411,555d33b26d71dd325aba1e9790df92ff5f977681,coryshain_cdr
412,55c9b6d9c62eb10e1013aeff2bbd75c152e79cd9,coryshain_cdr
413,55f0f60a9d42be672c2b692c0d3df593c008bae8,coryshain_cdr
414,5605b7dbe1926a83c85a1b6e061894387dd3eaf7,coryshain_cdr
415,5621fdbf394880ffafec9e7e75d0fc6b47ba36f6,coryshain_cdr
416,563a1a8c651440939e4975a959662ca145f2be82,coryshain_cdr
417,564c550a723b3331b6fa48381d772e9a331ebeb7,coryshain_cdr
418,567bc85785da9c59dab986fd887ea90525d4a211,coryshain_cdr
419,568838d05da7641e5b7fc32f21eee63061aa0894,coryshain_cdr
420,57cb0b87142d9d17f281670f6ff01d28d78461ae,coryshain_cdr
421,57fdf2a8834ff9c9bc18e77946c393f40659d701,coryshain_cdr
422,5809df19bb902795378f0a3d117a4c0f6f2cb735,coryshain_cdr
423,589ab7ca68876d5a5c421178bf25262cc6aeb02a,coryshain_cdr
424,58b7ad1de13a963b37ec24e46f836e862d6875fd,coryshain_cdr
425,58d6e31bc56b0a4aab18828556fb3cd18df161aa,coryshain_cdr
426,590707124ae448cefe91184a5ba142294dd22c7c,coryshain_cdr
427,5919ad67205237f3f7abe75d722f7c686ee02579,coryshain_cdr
428,593268c263af69fbcfc03cdad6f4cf6a5d932cff,coryshain_cdr
429,5975cf3f1a6db43a058d4ec80eb8bb10fbe2dac6,coryshain_cdr
430,598703d2b8d6c65eeffe1642328e7c4aa874dc5c,coryshain_cdr
431,59f7d35bee4f55ba9a51c449d59e1ee0666f53b8,coryshain_cdr
432,59f8d7f0db0d3dd8fb8e655b579af454910fb6c9,coryshain_cdr
433,5a01d5c65e8dd055a051100ec68ad4e2ea69b71d,coryshain_cdr
434,5aa6daccb1bd80807335e25dbfe37236d06a89b8,coryshain_cdr
435,5ac6a5c38b04da8259301a9947caa6c440b6b1b2,coryshain_cdr
436,5acbe5c1662884e985ac91b159643739e778e48d,coryshain_cdr
437,5ad2827cf9b99ff599a738f4b03961c91947adc2,coryshain_cdr
438,5ada1a668f0107d70d8574743ecda68e21d6e71f,coryshain_cdr
439,5af32a43512fef37064da14239237418e36ff375,coryshain_cdr
440,5b02c5007a12f09c685842503cd4902860399bb8,coryshain_cdr
441,5b5ed3a3e3d6dc35d4e9e97eb3d6f53d0389de09,coryshain_cdr
442,5b88197d9e9fdcec6bc3c2082ad07eff57d20ea3,coryshain_cdr
443,5bd9221fc2c1cfe274e07bccf0c9c08b00350eff,coryshain_cdr
444,5bf31638a5591ba6bc6ff93669be5c2a53768efd,coryshain_cdr
445,5c7cff771795d32708368166a1db4f506d9049db,coryshain_cdr
446,5caad52275fb6932e187eeeaa80157669f3d8234,coryshain_cdr
447,5cc14360ab1ac09452dc9986d2e5af0b90d0aaa1,coryshain_cdr
448,5cf0e788ca7bbe79bf8237606607a29e1d8fa092,coryshain_cdr
449,5cfdd60c52c6bacdb9b2d956809135601545b978,coryshain_cdr
450,5d27e75bf87d1c6b34bb718fc667aace0f7e0d91,coryshain_cdr
451,5d3b96c35349cf4b54c1e57798dbb6295f5ea090,coryshain_cdr
452,5da0a0cbba4092bbc41d3640ef36488764b726a6,coryshain_cdr
453,5e0f6ccfa841f86de9565ede039bd04a4cf0ff83,coryshain_cdr
454,5e14ecff26be434492f566c3c065038630f0cbe1,coryshain_cdr
455,5e37bd0ce0f0547b87a13fcf0462c7823d678391,coryshain_cdr
456,5e48a9f5dd72dcb9382f7ecb425c65d52952c366,coryshain_cdr
457,5e95654d650b8a66ded48decf04f100adc6c98c3,coryshain_cdr
458,5ea8d473823b90dc048528e7a4615a13f55d3801,coryshain_cdr
459,5edfd8122c11f17f9a6034eac7741dfb9bed049b,coryshain_cdr
460,5f2d6a570e501f3746c30c5abcedb3de24c7a9b2,coryshain_cdr
461,5f54091892c39d842e1ce053bdd06a46e885c612,coryshain_cdr
462,5f8e31a10b013991d5612ffb05deb75220d2a507,coryshain_cdr
463,5f9cdb2e324913d6b70093bcd9d593997bfb4fb7,coryshain_cdr
464,5fb1837f773d816f554afed4f5a501209812aea5,coryshain_cdr
465,5ff1ebc5ef99c404553f23ab715c2c78a9b7c323,coryshain_cdr
466,6003b4a6ce41fed95c154fdaf2c70093268a45ec,coryshain_cdr
467,602569640225044c07718ba8824a98e7fcf97408,coryshain_cdr
468,60abc0b26a5cf36ca639be5e93a98c8fed455ed0,coryshain_cdr
469,60d569156bc3f2622ab405935948f71b64cf523d,coryshain_cdr
470,60e2066a284c0b174525e636698c63f61c800c24,coryshain_cdr
471,60f7a022a737e461288eccb71b4d7d65d61ff60f,coryshain_cdr
472,6111bcb276272c019ddfb8512978d7079a50008e,coryshain_cdr
473,613db24db390221b24ae89b83109cc02b5b93d7c,coryshain_cdr
474,6192b9d6a2a5abd0ab0f5c7b692f5bb2068e14c4,coryshain_cdr
475,61bfefdc516cfd3029dded32ee6b8c9a5f05e922,coryshain_cdr
476,61cf07d57f7f7e98d94496f34603b0999512bd37,coryshain_cdr
477,61db77ec46c2ab08f8b7ee8f6f9e67cc17669d89,coryshain_cdr
478,61e8d083e76533aec5d99d4cc09d22322de04bd3,coryshain_cdr
479,61f9b3cc92938dc09b1b2f60fa6d6fef85ba4ad9,coryshain_cdr
480,62a264a65f2b95db5e2ecaf74da6a7115d322a9a,coryshain_cdr
481,62e841e795309e6c99a53b04978f555a9d3ec968,coryshain_cdr
482,63290cb26cee20ea10b5760c3b7273fd6343ceda,coryshain_cdr
483,632a309757cd31d7e40ed34c2d9796537b6aa797,coryshain_cdr
484,63b77accc2486ea830f40ba9690c319a6c8cb5e9,coryshain_cdr
485,63cb344c7e722de1c1152ca23ace9df54184f232,coryshain_cdr
486,63f1ab4491bae3ee153ea313085959ef7c82be03,coryshain_cdr
487,640d7ebb7aa36b5a091e1b7b15eee49531d96ee8,coryshain_cdr
488,644b89544bd8192408499fe55d11fe113097477b,coryshain_cdr
489,646dbbf24e55fb8db5af5aa5329c9ce15151f495,coryshain_cdr
490,6499405c2d7cff16cdaab2da7477f15837d21e61,coryshain_cdr
491,64d31455f9f87609012f9d48a654014128e6f881,coryshain_cdr
492,650c0212439faaf2a63521e7b37b6ef8fe1572d8,coryshain_cdr
493,65255af1ed5e22c113c04d2883840de5a03adb1f,coryshain_cdr
494,65262ba5b89d2f5dc11605d2d6d35ac236bad116,coryshain_cdr
495,652c6279c3933820197f01cc6ff14ac3709f1908,coryshain_cdr
496,65851d56c37b0ccbb1e3719e83b1ae85339193be,coryshain_cdr
497,65a4bf7cffc3225e5af749f45fc543846d7a9277,coryshain_cdr
498,65eea8d71c4ab7014e50b5e5443dbace633fabda,coryshain_cdr
499,662664f7908e32345bdb2a25176eb2f656ed35f1,coryshain_cdr
500,66293edd1f4f0f5567edaef9f9da86d72a7a6189,coryshain_cdr
501,662f25629dc1facc4344540aa2b72209ea0ad081,coryshain_cdr
502,66439c57dd9236c56c69251daec2d2d84d329f67,coryshain_cdr
503,665838e32c3dfd3f0ac27e19e277574edc888c89,coryshain_cdr
504,668b0fe8a6958029781cd39daa08267f304cd279,coryshain_cdr
505,668f9e4d2ce4efd060b04ae247254abd430e4ba9,coryshain_cdr
506,66a5eb13c03f1948df6b9adeaf6af92b4563d194,coryshain_cdr
507,66af72b9bdc6d54eb84c2f32c99216df1256f38b,coryshain_cdr
508,6728030317f80732db51a49ff3c164b580e27de6,coryshain_cdr
509,67693ee32cbac899377f5484c89586def63d1b96,coryshain_cdr
510,6788418d8d4317afaff425335ddcb53b4ed97e0f,coryshain_cdr
511,67a77c1eecf553fa268ee6a3bf843f375998232a,coryshain_cdr
512,67c375f0a320e37b1a2ec0b87cff571fa66943aa,coryshain_cdr
513,67d61a8e1a32882dc5c6f72dd66a2bf66c881281,coryshain_cdr
514,6815e0f35e13f5ff3506b20cc56de16fcb7b51dd,coryshain_cdr
515,68818d1ff156f0833062f83b09efb6debf9cd80e,coryshain_cdr
516,688dcba4eb78fd78aeba9c73ab1a84c2574bfcb6,coryshain_cdr
517,68ab4a4a82f98399404972591542ce2235d2f9ea,coryshain_cdr
518,68acf3631ea2f1e8111bcc024d944f3583d8dee0,coryshain_cdr
519,68c2f73698042bcbfc44ac12c304af5ee4a2e507,coryshain_cdr
520,68f8a4777ab541b9622714c3666445cafe422eee,coryshain_cdr
521,69059b55daadf86deb686eb82b7c8bc591d987a5,coryshain_cdr
522,692e7930819dd8d4adf93e5c1a8ae2dfcb33b125,coryshain_cdr
523,697ffc5a0694179c6c957883518f567330be9bcc,coryshain_cdr
524,69d6872cfcace9b6258f7f753d71541d60989ad9,coryshain_cdr
525,69e71503b274403573629cc83a0fc016c678abca,coryshain_cdr
526,6a3afd2b260a3eb1f9b49d8859acdf4184850ead,coryshain_cdr
527,6adc6609bab6ae7cd340c75c0ef26169a6458b63,coryshain_cdr
528,6afd32e1c5e133d8a2480360e4e6df4ab0c4bfb4,coryshain_cdr
529,6b2e33c5f90ee308f276c742fbf358f851069f23,coryshain_cdr
530,6b4a5fcbf779226e3954456b708efcda214388ab,coryshain_cdr
531,6bc9868f600873a696248f131816912e3124bbc8,coryshain_cdr
532,6c05868e0f9a6c7c767914837537f7a27a6e9922,coryshain_cdr
533,6c06764ffaab2521afab31286836c2335594d938,coryshain_cdr
534,6c28a6a8aaea6911759c73d4ddcb227c450419e0,coryshain_cdr
535,6c5d1be1aee3acb94939b7d5eae71685d445e951,coryshain_cdr
536,6c84e7841712633bf64e569ad3b14f6f71f96863,coryshain_cdr
537,6cb53cbb0c3bfbbf7422d9f90b195b2a3648444c,coryshain_cdr
538,6d04171ebd4fe158f7509ec8c7e5d8f3c1b9a818,coryshain_cdr
539,6d0dcf9926d3e22f297f93b7d3743d880996ac23,coryshain_cdr
540,6dbe898daf695f5e44e6a9111d2fcc7df329eaac,coryshain_cdr
541,6dcf4890deca87ccce2f037db79a46b1bd18c15a,coryshain_cdr
542,6e15280d363529eeabf31e7b06ca6961796a0689,coryshain_cdr
543,6e213d6a3a89f7beee270e9285e3dbe2cd896677,coryshain_cdr
544,6e28e3e26979364de3946418706576c84998bdd5,coryshain_cdr
545,6e54afcee9ebc445f6e63d61f031c178ace2692d,coryshain_cdr
546,6ed1cf556e12cbf4397adea8241d6ab3697d4109,coryshain_cdr
547,6ee5a7ce136f733744343f3c5fa3d85e51605ac0,coryshain_cdr
548,6efc5617a97b3777c16ff0749feb6feb3d65b0cd,coryshain_cdr
549,6f58013a46654b375570566d0b2e6658a5e1aa47,coryshain_cdr
550,705289bb5ba8abc8b2f65a02756ce10ae5f8e794,coryshain_cdr
551,708c2d543822b6b41926e38f97230e80d9f5676f,coryshain_cdr
552,709c2a41f7681852edc323650fbeb7cf315ad1c8,coryshain_cdr
553,70d3139fed95fc81cccde8db29b8adcc60a4984e,coryshain_cdr
554,70e37099e12ddd2173f4537c803487f95a6e95df,coryshain_cdr
555,70e3cdf7febcc296630359456d982c7068d27052,coryshain_cdr
556,70ee32bf15b57d0768329ccc1b623e5ccf9827a4,coryshain_cdr
557,70f13095a62a2c102934fc490f5d777eae4cdcb3,coryshain_cdr
558,71022414a0c9f460c6651ef12744374ebe3c84cd,coryshain_cdr
559,712b9c1260e1f94d58713c3639d3abc45ef67c8b,coryshain_cdr
560,719f4439844929d546d04f5eeae01866b1b007ba,coryshain_cdr
561,71a9f8e22dd255e6dd4e90d88feb78b9977236c7,coryshain_cdr
562,71c1854b034ee57fdf25762228a6dafcb705717a,coryshain_cdr
563,7297221951e2381d4dd7c26736596004fe921f14,coryshain_cdr
564,734fd810185cd01027f995a50122f03f837c789e,coryshain_cdr
565,73ae1a77f82d316612141d7656ade5db2d43a845,coryshain_cdr
566,73be1aaabeee5626e6948de7ef7580c72d53b7c9,coryshain_cdr
567,742ddb4a2de4d780c1c9787de846dd5ddce645ee,coryshain_cdr
568,74c9c99b54866fc9af9c5482103bdaaa4311abfe,coryshain_cdr
569,7509d40c84aff1ae5c76002fdf420c642b5ab3ea,coryshain_cdr
570,7514a4a03a3fcca8a340c34166269d46a12d7d3d,coryshain_cdr
571,75471de3ed282e04976dcc7b33a1f520ab4ea7e3,coryshain_cdr
572,7553bce0b566781ec53405374d2002534fe700b1,coryshain_cdr
573,758a78e0301802f80f82988323fbdac86806d9f5,coryshain_cdr
574,76294a4bc9e2c0d822f54d9ecdc8010610d07b00,coryshain_cdr
575,7629b629659112e23de50c7fe6e37eef9cb0a0bd,coryshain_cdr
576,762ab9dfd9747970264ddc62c7c8f345977a4c7e,coryshain_cdr
577,762c341f805b6d82c3a2348fdd014cc0c5548331,coryshain_cdr
578,762f5df146f4031d70e1af694452c6db93550a2e,coryshain_cdr
579,7654890c862e706f35200e749a80af3d0e26094b,coryshain_cdr
580,7660e236479bae55c51e20460483d282f4c31750,coryshain_cdr
581,7693806fb7dde965c1b8dda308aed4d245886d38,coryshain_cdr
582,76cfaf52f109ac72d73891c340def9722df76195,coryshain_cdr
583,76f5e9b04ed3a2a75ef4e16a3c9aaa871d3962d1,coryshain_cdr
584,7717c46f13c053498390dbc1ae17423301fc7cd9,coryshain_cdr
585,7734c8a49691008c74ef94e88ba0a6d10779d9f0,coryshain_cdr
586,7743c6f422e2634cf3b4937010e7dc2b40c77a24,coryshain_cdr
587,77c416098224e539470ee281727c96aff8541784,coryshain_cdr
588,7807229ddb80c48eacaba1fa2988ea704c7c2c01,coryshain_cdr
589,7839fcdc5c9346e76ad481918e598a8dff4c8542,coryshain_cdr
590,784f94d785935567acfbff429e797f79d4b66654,coryshain_cdr
591,788404c0d131a66d8af99d2314883590afa3ab99,coryshain_cdr
592,788a76eb7b721b7467bb8d855fbdeb9723b5296e,coryshain_cdr
593,78de5f39b5c6a4b73d86d9286804db1683f7b8fa,coryshain_cdr
594,7920ef029a291a5a0bd3de2dc0e2099aea87618b,coryshain_cdr
595,798094e3a6e0024221cb3c86cd16233658ddbe9e,coryshain_cdr
596,798d4effc24a2a45be721e334d86ccbe06286ecc,coryshain_cdr
597,799961c02951e68fad4df8ec5d301a1443a878f3,coryshain_cdr
598,79d16558881e3104055ae788bea1e1350736ae30,coryshain_cdr
599,7a281a4c96e60efca8a4ab009f6e5c123989bcac,coryshain_cdr
600,7a28882bddd54c6ad97a75ca6bbf46f5d5988582,coryshain_cdr
601,7aed1d74af1743c8c630806af2aab8d78989129b,coryshain_cdr
602,7aee5e8cdce355d407d78290b9d96cc649f61dc0,coryshain_cdr
603,7b347d4745c53fb15e916d70f5fbd4734bef66db,coryshain_cdr
604,7b63e15f8d52f993aab9199879ec68d22a478ac2,coryshain_cdr
605,7bb3e52879ec3693adeb3a224969b96dcc11264f,coryshain_cdr
606,7bca3c183a0d35ac3b51c7f40133642722f72ca1,coryshain_cdr
607,7c14dcdb42025dd28f6b1428f9e45de1019d1b7b,coryshain_cdr
608,7c42d41ec62153a1cbeef8dfa2dc9f3414916d8f,coryshain_cdr
609,7c74b4d79ac82e783c2648e4fa7c337b8cf7035b,coryshain_cdr
610,7c7abf9e1395777ddca40330e7ba9330addabd7d,coryshain_cdr
611,7caa5d3cedf746edac335ad595e9987b3becf0a9,coryshain_cdr
612,7cd2fb3e0b3403831a6af4d373c823e8247785ff,coryshain_cdr
613,7cdafd012ecdec077f141e8fa1eb8cdcc0adf0cc,coryshain_cdr
614,7d0e83d0a94f40bc5c1e9f056aa5f7dd81000e47,coryshain_cdr
615,7d54d84894ccea4c1b4e2f04814f079623721336,coryshain_cdr
616,7db287574a03bcedee5cea7514de96989db00491,coryshain_cdr
617,7de7fb8048b9daf211a68376fa4d0eba27452e6a,coryshain_cdr
618,7e99092299af2071244dcced197cad4bc971ac56,coryshain_cdr
619,7ea57056729bd9e9056798732557eeda137ccfdf,coryshain_cdr
620,7f1ecad35c325cf96cbaf58c0f06852881558289,coryshain_cdr
621,7f3fda4ee4e55456f3399bda247502e507398f96,coryshain_cdr
622,7f41be5050405a01241fe85553177d284590835b,coryshain_cdr
623,7f8bdfc04b81dc04ea08a3f7da782e4d9187bca8,coryshain_cdr
624,7f9af7a65a27a7418e76b2dd65de4f60c062be49,coryshain_cdr
625,7fa4bed39f5118859212b48292e780d62156bb24,coryshain_cdr
626,7fa8187e878b1b5cbd25e2e916ab97f227364827,coryshain_cdr
627,7fb526f3115ee940cb324f9a42f640896e8df1d1,coryshain_cdr
628,7fc848b9f0b32a677009b079ca238502f0582146,coryshain_cdr
629,7ffbf842ae97433090c8ef916c95e3564407b92d,coryshain_cdr
630,8000b38a99f7eb40bee7169e06947d687c4b2798,coryshain_cdr
631,8031e2fc1cd4647436e4614d6d9d96d4f82053df,coryshain_cdr
632,8046ab11dd2543694a59aa84611a4481035b7e43,coryshain_cdr
633,806acd71b480d0af1ff4fe9042c383237533bef3,coryshain_cdr
634,806dea90d80d42759ac02bb7d5eac6db77add3b1,coryshain_cdr
635,8093cd4daaddf5cbecfdcc4cde071d7c72aedfc3,coryshain_cdr
636,80d2bf4b2e4513143163f7908e8ab5f9bae61642,coryshain_cdr
637,80e4504c95288c6787e352d817b41c4d9155eba4,coryshain_cdr
638,814244ac9446500d958a91577f0959051e96c864,coryshain_cdr
639,81b798b0c1335ce151473e068ee6c827cc3ca558,coryshain_cdr
640,81c5c81987f6391d3b89af299254d38e4be82065,coryshain_cdr
641,821ce282454eb7d39b811fb17d0074b075a53004,coryshain_cdr
642,824cf87a33f12ea34a57348bd45a99edfda0bb89,coryshain_cdr
643,8254f7a811b44dc8780257a093beaa2971a41001,coryshain_cdr
644,82b767b4e8dc2d2aac4892c898f4acffdbc26ad4,coryshain_cdr
645,82ca5f67e0adad6b3b3da159ef62815713da3b3a,coryshain_cdr
646,8342cc6e6e53df1ae971fb07baa6dff515113a2a,coryshain_cdr
647,839c15e9ec2f8b2a3396955dad3bbe172a4c5a0b,coryshain_cdr
648,83b9a45e6077ff32c007eded01735ff42323d13a,coryshain_cdr
649,83d3ef2d8a3199d78020c9964004f91e2b44d653,coryshain_cdr
650,83fd1623a4ada0e6de9f3feafb45367e624d8b77,coryshain_cdr
651,84ba5f671befb202660bee0652cd1612259d2e6d,coryshain_cdr
652,84c88e3cfce52b162d403e24b2e443d0ee2b0c25,coryshain_cdr
653,84e532fd01192f0ce931bbc6fb252af4c5ec43c8,coryshain_cdr
654,85ef40941ed26a813c5ba71bd17542270215da3f,coryshain_cdr
655,8622ff51d1672c881d565168f032e5b2bdaffeeb,coryshain_cdr
656,8642bfb67646756ea49d59e2f1d86e719060d963,coryshain_cdr
657,8666f94b4bd3e7a9569b8058d258eb20d5702cf4,coryshain_cdr
658,868f7f9dd5b86a698d8fe7e6f99d0665903ef64e,coryshain_cdr
659,86a549bdcb13f7174066f94150c555569852b086,coryshain_cdr
660,8736deb20540a16ca6e2a494280c2c2a1ec24609,coryshain_cdr
661,875ab8a42b30372d25e798a7d267812194e55a4d,coryshain_cdr
662,878cf05a36d264352a5326492e1c70383c583d94,coryshain_cdr
663,87f51a82065fac06ae541322dd6f23b320c7ccac,coryshain_cdr
664,8856cdb8735d433dd943399001fb490224a8f749,coryshain_cdr
665,88817fe3c4c7943bd0f5bca8b783373fd1a99e8a,coryshain_cdr
666,8882d42b14e66d6999bef28d7341084b90e21653,coryshain_cdr
667,888468a8dcadc87b9b95f88e0bc3a82b433da178,coryshain_cdr
668,889b329411bba715793d012f36b581efdc143152,coryshain_cdr
669,889bcfdb5fb49e0e02d92332bb6382c87daaabc2,coryshain_cdr
670,88a189be7ca47d4dd5101af2db8873b3a40fb341,coryshain_cdr
671,88f1e8c49a0f57aaabb86e914ca8c565b615d0d2,coryshain_cdr
672,88f6e1a76a428157a3ca03bcc75a8eb4e331ce87,coryshain_cdr
673,88fdb2bfda8b84eaeeaab4831c4ef7c8e89b323d,coryshain_cdr
674,893e32f6a79848258f6c3ae00a95663fb74204bd,coryshain_cdr
675,898c1ca79d7a226dee8bbbaf3db93601e7188557,coryshain_cdr
676,8999a0f25ae98c1444c9139d8f4a76aa5560a0f0,coryshain_cdr
677,899e300ad38ea7707ad7248be0f2d50a23875f3d,coryshain_cdr
678,89a1ab2a91e7cb145ff67c29a2c088c66c9bc32a,coryshain_cdr
679,8a0588f06a1d7740871943d33b8969e2854029e1,coryshain_cdr
680,8a2f0d06af275162b39c8155df4b12b4f9ed8031,coryshain_cdr
681,8a793e10cd4b6dca7a53fc0cb526b671c553b09e,coryshain_cdr
682,8aaa94f526a2083e111b0285547c13a3e1784e02,coryshain_cdr
683,8afab022f7909562ad9958244a6b79eca19a5e0c,coryshain_cdr
684,8b11d03a021b2e8f4d6956c1bcd29a9ee27145c5,coryshain_cdr
685,8b14ea3346295afcf37a2c9f2e6dc3d273655d50,coryshain_cdr
686,8b1798fea015e017072c86228efaad00ecfdf9f3,coryshain_cdr
687,8b34a8a0621ae6ec2d331097ebda0ac7f75396bb,coryshain_cdr
688,8b6de4d4aee250f2dbf88262cd6dabadb2c32eda,coryshain_cdr
689,8b9232c1193be54342e82c20d46f5328dd021940,coryshain_cdr
690,8bf6d0d8fe83fba6d4e8a595b5df225084e6ab8f,coryshain_cdr
691,8c2d287d1cbb8d2effafc3882d1cfc03e3b27701,coryshain_cdr
692,8c59496fd4ebb2548605cd08988e5c66bb365a15,coryshain_cdr
693,8c696fefbf2c301342306c161a0876fdd341353b,coryshain_cdr
694,8c7302ec7dea8e6bc9e9cf38f4d5a02972109192,coryshain_cdr
695,8ca90dab9c985cd48cc77aadee7ae204f61e93cb,coryshain_cdr
696,8cdd4d65ec4192c8217ad559c284734e750446b4,coryshain_cdr
697,8d07ddded8a94b95d2e0d59d284da8e647088c3d,coryshain_cdr
698,8d0b0e64168c10b91884d98f52fdef8538d45470,coryshain_cdr
699,8d688ad4912f5fb8034db784b80c91ef886032f8,coryshain_cdr
700,8de3558eaf14f2fe6c552c94ee1f54370d7f30b0,coryshain_cdr
701,8e010c5a1c701c6138a08cc1bbad0a5fbb44acb4,coryshain_cdr
702,8e2c24b2bdafb265a6a7576f393879853acad77b,coryshain_cdr
703,8e84f22523905fabf85b5b8bfa09ac16285d8f89,coryshain_cdr
704,8eb94d937349583cc7fed877b33beb397d6c05e4,coryshain_cdr
705,8ec62078140634f9371813abd2d56c16c0857543,coryshain_cdr
706,8ede256ab8bcc397115c49dd9eb7d3060a843ba6,coryshain_cdr
707,8f0a2b00cac8039e127043b635278d71ad7d9569,coryshain_cdr
708,8f23d42f229b2864ad8cfc99314ba49cbdb474de,coryshain_cdr
709,8f30d926bbb80012fcc6f6aa3eafc375b8b507f8,coryshain_cdr
710,8f37157f7b0c2c815c336cf3b201846a9ce716b6,coryshain_cdr
711,8f5424222bd9913dd766f749ce0ae84bd3d832d2,coryshain_cdr
712,8f55419a069fc4bbcc4074c2c6081c145107f32d,coryshain_cdr
713,8fb88f0799c5fed86dfc73856b23a7a163993bfc,coryshain_cdr
714,8fc229613a8cd8d0f9915604c7b049e8dea5d820,coryshain_cdr
715,8fcb7743863925be6eeabb037c3077f2edbc6205,coryshain_cdr
716,8fd138711b24e7ee3537c00e818726335c669e2d,coryshain_cdr
717,8fefa4b772073ba8e65280479260c53d486d9ae8,coryshain_cdr
718,90d34d618ac753e2e20f6df3c15804ed239c607f,coryshain_cdr
719,90e08028ab4e466db25da28d6e73b8486b91a53b,coryshain_cdr
720,9177a3d85d077ded65aa36951d9879b4759c1629,coryshain_cdr
721,9179825c9efa4ea610810bf892e2b8082af2e128,coryshain_cdr
722,9183089ff51940dd24d4c875f906594c2013675c,coryshain_cdr
723,91b3794f0e0afdae343a7363da6a3af32706e7ad,coryshain_cdr
724,91bc5e143f410c85ad1dfca6cd92349f502bfe5e,coryshain_cdr
725,91c918d4831c9c4e962baa98f5596c3709948f5a,coryshain_cdr
726,922332face47bf081a9f744b7c732ded9d4a215b,coryshain_cdr
727,9247a33a67d02765f0eed6f725d6acaeb16b9caa,coryshain_cdr
728,9299fec1b770ce4f619c6489468b1c77cfa04961,coryshain_cdr
729,9331fb7906494dc4efe0d28b6c1339c93047243c,coryshain_cdr
730,9335085c6706f65a4e53445d5928611aa456b2d9,coryshain_cdr
731,934f2826e6dcd5bd10764a2f604656b42f0dae24,coryshain_cdr
732,94416889657d10e18d5e6ee3238298f3c57dc6e5,coryshain_cdr
733,947a760585dc9bec7ee54da6d155206ff0e6a521,coryshain_cdr
734,94a9e8e01beb0723943767bf224a52f9519868dc,coryshain_cdr
735,95146b0e241b76936b7c8b1f6fb40b2e01c30bc0,coryshain_cdr
736,954146a59494f3526c4f7dce88ee30fc9d1460d6,coryshain_cdr
737,9559aee36ad49e0968f7ce3f44fe9e6977221395,coryshain_cdr
738,957c826b3a73a32d183a123b48fdbb2650830679,coryshain_cdr
739,957d98accfaef7bde430095fb786906d5bcd73b6,coryshain_cdr
740,959d82667288b1e287dfc1ab2a267c15d93f2820,coryshain_cdr
741,962db1337733b11013ad51efe243dd9e71d8af8d,coryshain_cdr
742,9641c818ce94e967864bd1401c45a277193a49d9,coryshain_cdr
743,969880f297e62bb24118225bae6aca9cb1ca7ad7,coryshain_cdr
744,969ba7b408fc1a16491ccf0687c98b68d7ff7a8e,coryshain_cdr
745,96a737a6a755c5f5757b16c3887432f08d3a5297,coryshain_cdr
746,97627152be2e26e4841f8a170bd5aa8c46145bda,coryshain_cdr
747,97b8306f5069389de7dd7358a2056068caa63c58,coryshain_cdr
748,97c8952a4c5ac6170c78ae2874739892b5690abc,coryshain_cdr
749,97f7be5bf9d6235d1e729f5b5847ff6a8808c1ed,coryshain_cdr
750,981f99e9d1ea3abb44eac51338614124ca5e34c2,coryshain_cdr
751,9831a45e8fddeddb9c953e7e53e78ac4a2207c3e,coryshain_cdr
752,98451c579aaae79145d264f03d617caee53f77f7,coryshain_cdr
753,9856a5425a363cbe4beeb749a670c16db18ab662,coryshain_cdr
754,9895d049ba7312d91a95465c7b3bbda64cd66cf6,coryshain_cdr
755,98a1976f21741963867ef20285e4abe67332e973,coryshain_cdr
756,98dbb2596aac4dd89d50a80206b69087b085ec82,coryshain_cdr
757,98ddada40e492eb33d709f4f324a6b3137061ec0,coryshain_cdr
758,98e665a1292f985c2126a144021280ee4a993aca,coryshain_cdr
759,990ddc7dfec419aa9ea985c34b424dc7bd53c337,coryshain_cdr
760,994a39db56bbb5d6d533d876bd9be41b4740a31a,coryshain_cdr
761,99569eb9ee4ec8a407a465382775a6727dff9eed,coryshain_cdr
762,999602298309a5febe76afa5c9ea2bdd8b536ecd,coryshain_cdr
763,99d19b98b0629f04615fcf0a2d1b6963cefcec54,coryshain_cdr
764,9a17076fa1fccfb5d46acd1b3506bad5e4915881,coryshain_cdr
765,9a3289622c2490c136f4b34e97afc875bbc30f65,coryshain_cdr
766,9a4281678d3389a7bc996e024bfe7d24c5684277,coryshain_cdr
767,9a52696d91823c4e9dd01bc18ceb9e14152a18fd,coryshain_cdr
768,9a8d661c2626ac84f828f60379b4e5d2e263f6e7,coryshain_cdr
769,9af229e9aed4c0d454d08dbe118a5678b654e476,coryshain_cdr
770,9b2ac358672838ba2c12f12af2166b6c8b7b1d50,coryshain_cdr
771,9b309a36d18514b176d8d8bfe0dbc8094a91dab5,coryshain_cdr
772,9b35c8af23be46526accf006c11ac6e63e401ee1,coryshain_cdr
773,9b42cc8ce84384a1b98eea187e15205fef0e3e38,coryshain_cdr
774,9b5192cbdf0bf3fd3f1e01dc5b89b1c66bba3e54,coryshain_cdr
775,9ba4c316025094562cf70dd837625d828c9e7b07,coryshain_cdr
776,9be3bbb4b5513289122464f8edd3fc8260f33f54,coryshain_cdr
777,9c3769ff665fb0dc1eec3d42745ab13b9d3f0bba,coryshain_cdr
778,9c59369b29dfab15cb9ad7e2bedbd97653ec50e7,coryshain_cdr
779,9c944b844a6a5172e259dded7883ea60cf05067b,coryshain_cdr
780,9cbe122949692246135573f51e4f3cdf51771a2e,coryshain_cdr
781,9d5dc85d5b69c5a544c8d0d438710772ab3eb796,coryshain_cdr
782,9d6fdaf564e6000d40374d2c8f13f3350ebe3a3d,coryshain_cdr
783,9e2f47811bae998ab593621d018d8da28fc2333f,coryshain_cdr
784,9e6e14b1487bf3ccfa3dd9eafafbe92fdb0f7d50,coryshain_cdr
785,9ea2c6f641dab155518115091d4e10023bd1160a,coryshain_cdr
786,9eadb259e1ca6dd73179dae138d9184fa9567c06,coryshain_cdr
787,9eb88d137938b2e13f1d970e7846ef2cfefffec3,coryshain_cdr
788,9ec80598b8d6c53d2f5d15a768f28276518ffdbc,coryshain_cdr
789,9ec81a196e5be7f9ca7046411ef9e6ca7347f2be,coryshain_cdr
790,9eca50281f57089e6617c052c60e70231aa64a2f,coryshain_cdr
791,9eecd9c52215ffea01fa5db269d55ac79edbcec4,coryshain_cdr
792,9ef73e0056114624f6d68fa6c9cc8f3c84a0a9aa,coryshain_cdr
793,9f0e52f62a9baaed1d25eca32875aba46de52d94,coryshain_cdr
794,9f84ccf3a833ec872191679f54e45de7ab449cbf,coryshain_cdr
795,9fc267cbd5127c9526da6d670441a87e17b422d9,coryshain_cdr
796,9fcb31c5560e1dac57df82f6d40cf4c73e424af7,coryshain_cdr
797,9ff579c887a9c303d07babb8a411ef891d054d2f,coryshain_cdr
798,a0644aa7d87b6caa4e29d0e9015b2d0b3bffa2bc,coryshain_cdr
799,a0a14dd03b72445a00c0ae398848dcc1178e2078,coryshain_cdr
800,a15f48977a150f45d70ed151c1cdada2901593ad,coryshain_cdr
801,a1b327487f0977cd6bfaa3290112e9d72c3c5b48,coryshain_cdr
802,a248e2f705719f97b00046d692fffa5c4886b4a4,coryshain_cdr
803,a2e34d180a0e5e58ccee407dc1329c5d2e9534b2,coryshain_cdr
804,a3279bb432a9f70febc192a1e8bc5d4a7b68c252,coryshain_cdr
805,a3892e9772f643b57019b7b4940f85539aead848,coryshain_cdr
806,a3a45f361aafd31deb2712096d963176bde4de2b,coryshain_cdr
807,a3d034b8f061ec5a0f61f213f0ceaccb07274f80,coryshain_cdr
808,a420ec60b03bff3c5ac2091bf3247a27b0b90ca0,coryshain_cdr
809,a47631b0affa51134c26ef0cd4a50ade5e1ad29a,coryshain_cdr
810,a47aadb4d8924660114a9279eee32afff0ca5529,coryshain_cdr
811,a49a6bd6f17d953449988105c8869ad60da34fde,coryshain_cdr
812,a49f9abd2a6f944f683c41eb7458b2dcf394b165,coryshain_cdr
813,a4cda13127a2791ca66f1622f1f88491f46a2e59,coryshain_cdr
814,a53ee0b9399a8115ea55e85b0800b623336addfb,coryshain_cdr
815,a55ef88dea093e3d5377a7324cb5f30e8779930f,coryshain_cdr
816,a56d56bc187b8c6dae6b4f55f612ce64c10a96ed,coryshain_cdr
817,a586a4b37787bbf179a4be866c934868837aa353,coryshain_cdr
818,a5a0cfd165a2e9fd83b9ee36d51e838ce0b92b97,coryshain_cdr
819,a5b822ddd9b6d43cfa77543722b826ef87ad8a7d,coryshain_cdr
820,a5d28f670008807cf25b253cb42e7aedb98e1db7,coryshain_cdr
821,a5f566a5a605c0cea22c262d8ae4d761ce87efb4,coryshain_cdr
822,a5fa3fa535541909f21d23e5a5067ed18f18c1a5,coryshain_cdr
823,a6079957d22d1ae14180cb8bab4440bf0afaa152,coryshain_cdr
824,a6402cf6ba13b733dc029806363b81dd82cba50e,coryshain_cdr
825,a70514609f0813cac96939d26cb32a424941fe7d,coryshain_cdr
826,a71746f1cd56223c75e63ed4b429025fbda0665f,coryshain_cdr
827,a7701628d2cd24f2ecb1baf23401170dc3188e4b,coryshain_cdr
828,a788bc6d57f7cf5346a452fa570b6093e245e2a3,coryshain_cdr
829,a7b3abb12841f5ed7bd6a0ad5ec2c3345e796dbe,coryshain_cdr
830,a8309376ad0302e206f9c7d9d273774541d2736a,coryshain_cdr
831,a839bcb8c6a8b4614eebac3c6d47b3d39f2e6f3a,coryshain_cdr
832,a89072db89bc2d763608e6ff11877f15c5652e73,coryshain_cdr
833,a89a7efb92c4862b1018b9d8e3782bfcdb24a511,coryshain_cdr
834,a8b00a7e7dbfc163b93d5458b75bdf956a327477,coryshain_cdr
835,a8b0e7c5bbfb7ac85f58e383a70f290dc1b1697b,coryshain_cdr
836,a8c0c02eea789a2a7ef96fb9498686a385efdded,coryshain_cdr
837,a8f62c246e5fb049eac8d52014a74d883c05a8af,coryshain_cdr
838,a93c4b0205987a70139fb8289bb274b88cd354e3,coryshain_cdr
839,a94f394f6f6ceff6903fd110cd52c104f401968d,coryshain_cdr
840,a95d3e4ced831f803aee222d83fc09fb6db5d480,coryshain_cdr
841,a9a1aafbbd24abfc95e7e00d3121664c7046d5e2,coryshain_cdr
842,a9bae6358a1d1bd45435958af687055bca08d597,coryshain_cdr
843,a9bd5fe3ab797ff1f316d5f9cde6870121830a76,coryshain_cdr
844,aa0645b1acb7cd2185e1c8c98e45efc7faa28540,coryshain_cdr
845,aa07757023ee6dcfc3404302ed469362f4e5e9de,coryshain_cdr
846,aa67ece635650d50c6e7dbfb356e0fdc898a9456,coryshain_cdr
847,aaa1427829aa7d1eee4a4d8858a749d25363d1d4,coryshain_cdr
848,aae8d28b995f6c7e3cb9d334b3775301a1e3c844,coryshain_cdr
849,ab3675fb6be644d1274b217c20d449b5dc590aa2,coryshain_cdr
850,ab6f51294315c576cab1c68ab2610fe6397c853b,coryshain_cdr
851,ab91fcfc64749593d8838b89fc266a8bc911b893,coryshain_cdr
852,abe03e7a46e4072f91e270002579ef78ea261e25,coryshain_cdr
853,ac1d69d929a293df9dd13f1585b56befeffc91d0,coryshain_cdr
854,ac42b70223d971a63dae6e0a77675529ba79de30,coryshain_cdr
855,ac5d9475bbda721eabb66000f8eef0434188213b,coryshain_cdr
856,ac820c12470efd1064b38e033522bc68a7716e1a,coryshain_cdr
857,ace442f9e521bae10035179cbc3816d0bbdb336f,coryshain_cdr
858,ad1c51633175fd7ca4e9eee7d7bd1bbb169d49a4,coryshain_cdr
859,ad2fca941509cf5cf7d1d0b8c920d94890af7426,coryshain_cdr
860,ad4392b4712bd539af7296404774b725277d790a,coryshain_cdr
861,ad9b9435809b6e6c8c0edd59143b32d3a79b8562,coryshain_cdr
862,add8bc6f7b1d6af5d6a2d41c1dad5785b7e9dc4c,coryshain_cdr
863,adeda7f43256fe657e132c76f834bf144f72d5f7,coryshain_cdr
864,ae65039a11ee522026757337d163fe9f8139082b,coryshain_cdr
865,ae6c6b848956d77a2aa9c596d6ed050a4bf0fcb2,coryshain_cdr
866,ae80132937e6e658c54e067199a90f67619fa2ce,coryshain_cdr
867,ae8ab45a377756ad8c5f1faae917374b7c967b9f,coryshain_cdr
868,aeb2ec3e77713f78e1f4d8780dcdeda39087893c,coryshain_cdr
869,aef1d95dbf47d57060b677784aac2880735ef331,coryshain_cdr
870,af09a0701f4db7924bdf6ae73a461a710a750179,coryshain_cdr
871,af1d5bc407607c2deb0cc5dec8fb7ec737ee335a,coryshain_cdr
872,af3819bce3f4f92e80d2d6afbb823223979923e3,coryshain_cdr
873,afe6482ccd614c631fd5b7804593351b15839ecb,coryshain_cdr
874,b001c80c1345bdfdb1572a81785b3102c4f47051,coryshain_cdr
875,b00e5ec38e9f5a8a0b6c890702bcf45296805767,coryshain_cdr
876,b015bb73f5cfadbf5b115034c858cf84f48aafb5,coryshain_cdr
877,b03c54bef74bbbb594faca4e38697a45e84d8dc1,coryshain_cdr
878,b04980e4a33b891f75e364c2e4495b9bf3892d1d,coryshain_cdr
879,b139e6a7e519c1c2cd1940464fa0719af3a38156,coryshain_cdr
880,b16436ab391ef83851b7837cbd8dafb9d3a5a836,coryshain_cdr
881,b25bcc5bde9708a1e8d80eea2fc2502c0093d8ad,coryshain_cdr
882,b2b4bd18d57859f0506a44a4113e843551db09d9,coryshain_cdr
883,b33dccd159dc0a37df5ab54bbe1648ee1f192541,coryshain_cdr
884,b33e04baafa1023cce921372d74d4bec80326ec1,coryshain_cdr
885,b3718dfd553da0e3f020b692a9a6a44cc730dfef,coryshain_cdr
886,b3f7ec6601b40b95fe5252ebfc6d532556da2c11,coryshain_cdr
887,b40852b68a5d8d6b6a50c5f01f84f44743303faf,coryshain_cdr
888,b41994e3aece6cb6c180096a7b41cd935c004a2b,coryshain_cdr
889,b4314b4f8a9778a1b61a658e4cde9ecaf10c090f,coryshain_cdr
890,b46052b04a80e8d96c7c24d3b895006322e57c89,coryshain_cdr
891,b481aaf614e2898374bc95646cfee48cc4453cd0,coryshain_cdr
892,b484cf1776ee27a4c51bd79eab0356731298ac44,coryshain_cdr
893,b5003ca65b5e100385411c51378313a582323c4e,coryshain_cdr
894,b5104ab203d66b22a322ba914be7a683325990fc,coryshain_cdr
895,b5216b3205021e246226157cb981d14c68c4d68e,coryshain_cdr
896,b528945ccf6bb38430138d5bdc6f58684541878e,coryshain_cdr
897,b5400ba07907271f675212fb46021fbc3cde71bc,coryshain_cdr
898,b547e7c91724a6f3444d3dcf7ceb5b3a50bdff2a,coryshain_cdr
899,b58627b257e07c2a9eb07c0c3e8ec354822963e4,coryshain_cdr
900,b594f837f65fa0cf3de4352713e80bc402f55e55,coryshain_cdr
901,b60431b050383e381533374faf10e703f13e5c46,coryshain_cdr
902,b60e0359d7e04b4dbeec59a32a6ed1be1447b487,coryshain_cdr
903,b61983af5ea1da8bc5061a51b5b2ca02fec8bf83,coryshain_cdr
904,b61df82da33a058158c55f44f07ce83fd86f3fde,coryshain_cdr
905,b65b1a5ca871fcec45d0751cbf1a2741aed72427,coryshain_cdr
906,b66226dd278a76ac4931c33a27b06187614e38a1,coryshain_cdr
907,b6db742c78acfd7e9302241b4fc3bda4c94e89b0,coryshain_cdr
908,b733683706167405f7d6f086cea0c8f267aee4f6,coryshain_cdr
909,b768ba8b3f7106deccd5397b1f78290a1f90333f,coryshain_cdr
910,b7e229481f0b0965ff111a89cb1639c7c666159c,coryshain_cdr
911,b7fb0db2eeab3585ea1f77e9e154aa67f791bc9a,coryshain_cdr
912,b829c6d7d94cdee6253558d175e67b519b253fe4,coryshain_cdr
913,b8329f939430a3e195f69600216e1b63d0b58db3,coryshain_cdr
914,b8700b1b5905528f605bdcd4db68bff2a4b1869f,coryshain_cdr
915,b888e514a09f818c835ee9bd0231f0766110bfc3,coryshain_cdr
916,b88f661932b0132ede76a7427a027e1e7ce034ff,coryshain_cdr
917,b8b8e5938f98661228a05740564e8f6b801a5660,coryshain_cdr
918,b937b001660e6784d85601e97d213baf8dbda45d,coryshain_cdr
919,b95af59c4dcd3a8b48934c199e639c9d7f0a465e,coryshain_cdr
920,b98b17fd3d62d5a661d49e9bef7eb6282274ca7a,coryshain_cdr
921,b9f588fd6362808a823076035117362479a92fbe,coryshain_cdr
922,ba1b00190f4d8c0c94b80868829d436ab2ebca72,coryshain_cdr
923,ba2ce38c83f1df02b568c4749a0c6de0419e8046,coryshain_cdr
924,ba80351a0c23415d25763ee316337cbccbc0368e,coryshain_cdr
925,bb420de57a37213294d9a8114c93e100696367c3,coryshain_cdr
926,bb6493aef6840a5e08170e9c42955a35fee65432,coryshain_cdr
927,bb6bd1e9806057b54bccb23cac29a7b766fae04e,coryshain_cdr
928,bba263e766f9a32a872bb865e493b4ed677d6e99,coryshain_cdr
929,bbc393db315217a514b6cbeaf1eda93420bd9a7e,coryshain_cdr
930,bbeb1fb4a1dd09747d123ac8703e16b512f0550c,coryshain_cdr
931,bbfc830ec488451fce85923834a1fbe2509adca0,coryshain_cdr
932,bc024504c5940e6ea2896a8ddf66becc2b149ebf,coryshain_cdr
933,bd1fd23a8078ad7fdc1530a7518c6d6716ad88b0,coryshain_cdr
934,bdbd9e55700dac214a6e65af47eb1692606aede9,coryshain_cdr
935,bddd0ba286a27f1b74eaf1c649b9da1fd68117b3,coryshain_cdr
936,bdff89056eb7e396f88109eed0795edc7181e4d0,coryshain_cdr
937,be7205b746ec4239194ede2b69f633287778761b,coryshain_cdr
938,beb7c6bfa79c29a67f9f2ce0134c0d454a98e554,coryshain_cdr
939,bebb4545ba511526b51caf4245d3b8c2976b047a,coryshain_cdr
940,bf03612ca0e38df37446062d378f0eb81e6d77b7,coryshain_cdr
941,bf14c80d83357cf4522c650385b8c1431ac04d51,coryshain_cdr
942,bfb34d599bd26e0d60f9f4b697cbe500dd4aede9,coryshain_cdr
943,bfb8966ce955edaafaaffa7ab13975228a6692c0,coryshain_cdr
944,bfdd1b83ada2593fda126a461031a75dc36313e4,coryshain_cdr
945,c0ac0eb643e54bb364131f336dc1aca5db4b0eef,coryshain_cdr
946,c0bb22bc45a65cc6d138f914816c017a8d0c5f8b,coryshain_cdr
947,c0cee85a9c202b29bd273d01ca6bd740cfd7208a,coryshain_cdr
948,c0ec8d88fc5bf7207d56de39c6d18e8818ee7f0e,coryshain_cdr
949,c0fb8ff981f81b00d6ec23be4720b6064c778603,coryshain_cdr
950,c10ba007651e8cb40bbbec1fb1e201944683c43e,coryshain_cdr
951,c12005dc731368e13adc4bb2bf2851cf884238c2,coryshain_cdr
952,c14648715adc43f5de734551aacfb972d605a8a6,coryshain_cdr
953,c1a60b6a245fd9a6027379dec6de31a4a2035b14,coryshain_cdr
954,c1e081b9de9136b60e52b22fe247b7de106dbf49,coryshain_cdr
955,c227a8cef7ec9261c3777f7b697514d53ec88e15,coryshain_cdr
956,c28f00dca422484bb1740314eeb1246a6a6a94f3,coryshain_cdr
957,c2a322b09909ece35c4ad1b19eafafb454659264,coryshain_cdr
958,c2a404ffa826fd6e1dee6710e4d9f9f56b9d0a2d,coryshain_cdr
959,c2bb9513b04a799e861f1a895fd15ee45a1e9db4,coryshain_cdr
960,c39b6ce70afc2f4e683f7ae2e0e8b607b97be096,coryshain_cdr
961,c3ac3fcabce2b77ea124283bcfdd121272674dd9,coryshain_cdr
962,c3c0bff433383f53369438885d81d0b7ccd799cc,coryshain_cdr
963,c3f033302b76fb3428f2bce1f6f554300bc2774f,coryshain_cdr
964,c3f654f4a64c2639fa9facae96bfee0633d9adfa,coryshain_cdr
965,c40d7ae8ed06bea8e1ef6ca02bf7ac667e6f2a2d,coryshain_cdr
966,c41d50c379ad262e1cc5bce6e465889f521e9835,coryshain_cdr
967,c43e4c77a72d61e9c37edfebcda21bfb4066ce65,coryshain_cdr
968,c4995421a5f9ee06d9b1789b2d65cf37ad01266e,coryshain_cdr
969,c52852b326d496705f87922366a425057c092781,coryshain_cdr
970,c560f6dee5b31cfa31afa72f095055ce3418d120,coryshain_cdr
971,c5aee9cf9532c0b571dc375c7334017975cf573e,coryshain_cdr
972,c5d174fb5dcc5bc9015c1f83fa95499c1a989606,coryshain_cdr
973,c5de0fa5e1b10c1ddee3ec733406d64b6dca49b1,coryshain_cdr
974,c60088e8508e6772e3c39083be15b6ef39ed35ad,coryshain_cdr
975,c6188f4cec1d63d249624800abfec31c879de7a5,coryshain_cdr
976,c6381059fbd3c468af4e32eb3fd95abbd9b61ff1,coryshain_cdr
977,c68065cff450558a9e3ff7763c711aa671282296,coryshain_cdr
978,c68d89e5f906cd2c71f0082a9b0f418bf3a2573a,coryshain_cdr
979,c6d8d3b556a6c49940ed8e0379fc96fc6d645eec,coryshain_cdr
980,c7217ba67afdd55297936b388813060bf61cdfdd,coryshain_cdr
981,c76af61563209a7cdc1ede7348dcbb0e4462bc00,coryshain_cdr
982,c78136870dcceb30297785b9b22c526f363a2ecc,coryshain_cdr
983,c7c6e290638d9cfdae4f3b9ba74989c751d9d2fb,coryshain_cdr
984,c7d708429f62dcc98db9f845f2f6a28fd0d3fcbd,coryshain_cdr
985,c805c65b46b01d2219f431fb5c812d9c446773b0,coryshain_cdr
986,c84761757d387dadea6dc279c5673ca31427ecc0,coryshain_cdr
987,c86720aee1e2998b6c620dcf82eed76010813ff1,coryshain_cdr
988,c87588ae166eb85cd9dd846d26901b95c0f3cb21,coryshain_cdr
989,c8cc626406b024d0db019bc848003564e97fffff,coryshain_cdr
990,c8e5581fee84b0d1a5e1d3cd5d297d91531c090a,coryshain_cdr
991,c92963e63b11d417404681ece081ddaadcbe4f2b,coryshain_cdr
992,c92c382178547102df6ab6eeb321f220837dcb6a,coryshain_cdr
993,c92d43c26035cd4421c52e75e7df87c4779a7520,coryshain_cdr
994,c98e30f7e444853928e4eea522a7cb8c125d3212,coryshain_cdr
995,c9a4050daab1a46285306b60a603091b588b57ee,coryshain_cdr
996,ca5a3f32b0e3223a23b898c114aec0d940a77d74,coryshain_cdr
997,ca7c7fddb1fab2f23013662960d3d6a4978b82e1,coryshain_cdr
998,cb7d73cf5910d81237d632ad1f7921f5f4d3ca0a,coryshain_cdr
999,cb806b7d0979276ca03aa15e47aebc6cde8a401b,coryshain_cdr
1000,cc18f3ed516abfd36d7d10b600c87137a33c3701,coryshain_cdr
1001,cc2b42eb8b5983c5c75f98a3ce8c1a6644a2fde3,coryshain_cdr
1002,cc3d53a0040c26e549235a58f83eada4186b9a8c,coryshain_cdr
1003,cc94082d96a87841f45d31de8b11b8d9c1d15004,coryshain_cdr
1004,cce584375a6a421b786014b02bff17bbeea2c3e1,coryshain_cdr
1005,cd08c03b0f3f9b59e0e414d475a6af1c58b1dd97,coryshain_cdr
1006,cd1117b48090ad1a73d722ee0b83916133a97601,coryshain_cdr
1007,cd2ea8fe4183099d85b2a46ac2175d8d1e69cbf5,coryshain_cdr
1008,cd61f5c389268bd1265ac91ee3d4f5281769c442,coryshain_cdr
1009,cd7c1ae929094ab0d62aa759636ac795e788d2bc,coryshain_cdr
1010,cda27c6ecc4f5b93e6cfeb817fd4b7d794c01672,coryshain_cdr
1011,cdd331abe8f142b77fc063f2c94d2692c9c4ecb8,coryshain_cdr
1012,cde44a6b7adeace40d9450125fcfa39577ab3f7f,coryshain_cdr
1013,cdee9ca626d201e4c47dba4de35c5680fbb2053e,coryshain_cdr
1014,ce01c001a271a1b294072b12b52b477774393db6,coryshain_cdr
1015,ce01f4445d313cd95460edcc5cdb3ebcb416432a,coryshain_cdr
1016,ce02962787bfbde6cf2eb4fbb9dc114ef3c4d28d,coryshain_cdr
1017,ce537dba1ec37d45cc65fae095d66321dbd75648,coryshain_cdr
1018,ce99a72e05953d8cf3fd2e9a8d705e7479bd3d10,coryshain_cdr
1019,cea83bc959e8bbef0dec002d3b5ac85da35656b9,coryshain_cdr
1020,cf3a66d772b4fac6396f187a4e15702c84978cc8,coryshain_cdr
1021,cf4d734de69638664f0639a4332b311c61be2622,coryshain_cdr
1022,cff940f08b2bb4dcc8fef556837d3d5d4c1645a2,coryshain_cdr
1023,d02b781901e0ffc6179ef358b9f68dfb12f0f1b5,coryshain_cdr
1024,d061d3e8fb615bb068fa4f21e304740b4a268b2a,coryshain_cdr
1025,d06e7ef0d145383d978a4affdf85fcfe404401e8,coryshain_cdr
1026,d098e0156f40f30045b77fd93628155ef3bb13ce,coryshain_cdr
1027,d0a884b7ef431d9903293d27bbc0666996d3c172,coryshain_cdr
1028,d0b335d5e7d0d7c48b9634631dd3501a760c76d8,coryshain_cdr
1029,d0f7b14605c63ac312b660e40effd21db843fea7,coryshain_cdr
1030,d12df355c29275923587230ae65447f75e53a72d,coryshain_cdr
1031,d163ae34543539903ae63f27255daed4c0b75cd2,coryshain_cdr
1032,d1c27b6fba18659e7545511632981d31f271ab19,coryshain_cdr
1033,d1c3b9dc41bdd4b0d24ab35174124b5bcf61ed6f,coryshain_cdr
1034,d21ae96b33fcfb01697ee8466a5e365f4b1c9a40,coryshain_cdr
1035,d22e778ccd94e5def74a73ee61f010c8776b0868,coryshain_cdr
1036,d24c7543177d044ffd0567e025ef4ea9cf205406,coryshain_cdr
1037,d2816b68e48b4b4b40558b23f1f4ade0d8419a94,coryshain_cdr
1038,d2d92f46c1805c5538c6ed400ae9d1f1c5ee25b2,coryshain_cdr
1039,d2e028362e77c3dc18ea65cc41af1fda471e0b18,coryshain_cdr
1040,d37ee7081a4800dee7478574511e1f142bb28563,coryshain_cdr
1041,d393f4941a47f2df0818bb7422b6ae0b6ed48ff8,coryshain_cdr
1042,d3b8548f780fb496491dc430bd347b94fefefa82,coryshain_cdr
1043,d3d5d02105e7ca17a3152808376d28fb8daa8c48,coryshain_cdr
1044,d407f3f4109f6b0a1deef9eb996dc82c3f7e64d2,coryshain_cdr
1045,d44f319d9fe6a61d63c92e6dda29636761975d75,coryshain_cdr
1046,d45b6a66e10a0688aa13ca1c5115cc78a4a89a39,coryshain_cdr
1047,d46a75a8aa9f8ee68e99aa950735fe3470428f2d,coryshain_cdr
1048,d46af1227aeb5118ef4aa52c1f92dfe6bae7ae8f,coryshain_cdr
1049,d4edaf3143db65e62c496627ff0d3d8f27c9b125,coryshain_cdr
1050,d5645d154d1cb5ba53ab1b87696b2fd3f460179e,coryshain_cdr
1051,d5730430d4d3d7ab6d0ddd8e5e686a37030806b7,coryshain_cdr
1052,d57e0910e96771c2164ce18c663bfad62a64d94c,coryshain_cdr
1053,d5e4363d23e372525eaf60bc1f52b182433bd7bb,coryshain_cdr
1054,d60591fc07b92cfa4defd4e803a7eb45e0132604,coryshain_cdr
1055,d6561fb32b41dd0356da5d04ea619d5a10b6c57d,coryshain_cdr
1056,d6b141c3af57bcc43d6f8310db867e84c0511c96,coryshain_cdr
1057,d6d3135ddb7623e13352c2f44dc9e6497dd1f66b,coryshain_cdr
1058,d6df2048769108396af2577536f6211f7d8930fd,coryshain_cdr
1059,d701ba79932d0cf19d8ff05dcc2acd51d4ba40f2,coryshain_cdr
1060,d7630be1a137c6778d8dacd0050cc3a0fc4311e3,coryshain_cdr
1061,d77cae650b7888173f48c4b0a5b3dc67bc06129e,coryshain_cdr
1062,d7e5110b95acbbf8abbc1f2b441b486712047897,coryshain_cdr
1063,d841a0b89c1a60d38fb39c4cabcc54c0ff588e08,coryshain_cdr
1064,d84de5886e096146b6615e71095936e42522a6e0,coryshain_cdr
1065,d8637fa09a77c6b52de8a69dc1b982646716e05a,coryshain_cdr
1066,d873535f9e451f277fb13e7cc82ff908002cd49c,coryshain_cdr
1067,d91a7a763e9f64e7781afb3174df666e1bb0fb90,coryshain_cdr
1068,d922bc2e76db70faa80fa7dc33b5f7f125977867,coryshain_cdr
1069,d9481f756695ef0b34ce092f43d165d1428b8c28,coryshain_cdr
1070,d94cde29f8b52c9143e3428b7a38720f9abaf1e8,coryshain_cdr
1071,d98d4cfe95b74c666f7edd2dd0c3c1c2937b1349,coryshain_cdr
1072,da0442aa77af818cc00b62b160ac9e7d453a2f1e,coryshain_cdr
1073,da575343f1395022b48c2b89b91f05afceb262b3,coryshain_cdr
1074,db1ffa2c32bd73e5d2f0690d1cb4e3b232702aa9,coryshain_cdr
1075,db4d8e4b607072ae3c4cb772cbc1857387de3539,coryshain_cdr
1076,dbe5dbed6dad5e717f58fc2bbdbed7253a20563e,coryshain_cdr
1077,dbe63cf916d16addd8b0050360e43587df84c3d1,coryshain_cdr
1078,dc2ce8e1d4dfc9418721230f9949d13bdb1aaada,coryshain_cdr
1079,dc55f039e9c4f23e3ca98f36ec562e1b05a41175,coryshain_cdr
1080,dc5ba03a574b10269996141ed46a9b9bff53097f,coryshain_cdr
1081,dc723bc01488877e36a8d2ca870daef9e5849f84,coryshain_cdr
1082,dcb22d6e33384b641d3d0c52046e4ea7e0bff33a,coryshain_cdr
1083,dccf7618eca0135d8426c7a584bc83af6666bb8c,coryshain_cdr
1084,dcd96237d9bea859ceddf15ea2bd27b26c386afe,coryshain_cdr
1085,dd1a6b054c5c739b8a59ed03611d9b94fcd8648d,coryshain_cdr
1086,dd1c73663f99273d46bce7c3c33e8973a1a8bb91,coryshain_cdr
1087,dd26d1f9bf48e0a638d61f535fd629c21ce98bb9,coryshain_cdr
1088,dd44a7c6d8c408b77aa6d77778e6c550813f39af,coryshain_cdr
1089,dd7736d5a001116fd405a9c8479c49a9a02b4cb4,coryshain_cdr
1090,ddeecad17c98ca54725168f3ddcecabef62030d7,coryshain_cdr
1091,de29f6dbc9f4e5597d28871dc06f04c8ff14e0f3,coryshain_cdr
1092,de47356469ee4aa138a1ed525ee1b664fe3bbf49,coryshain_cdr
1093,de6759ed34334672e969a3519adf6a5c4c6d3ce7,coryshain_cdr
1094,de6f063713b034bce96ed2385a51ec9f28ff33e4,coryshain_cdr
1095,deab6d7eda79ca190e55d2528298048b0564d46f,coryshain_cdr
1096,df224bafc482f23615e001407c28e0a8ace5346f,coryshain_cdr
1097,df51ef1fc204cc819056b1e2f74a0d7eb8687f61,coryshain_cdr
1098,df7778ba59e668f8f840afac99204d14c6e6609d,coryshain_cdr
1099,df9f87588c0413bda6f989bf8875614fa08d54c9,coryshain_cdr
1100,dfd88136aac9cd5b23b6934df46063edc135602c,coryshain_cdr
1101,e02a1526e718fbfee4a6a52285691fb7a9978f1c,coryshain_cdr
1102,e06cef04d19f26c3bcf7e6b5dde2e8a33c102769,coryshain_cdr
1103,e06f5f1a348a68a56291fd838a5034ee4aedffcd,coryshain_cdr
1104,e07206d187e80bc237323f09b835ea99fdaf76b1,coryshain_cdr
1105,e091ca17070cf9ba459ea14c9dc2c63a4666e3c2,coryshain_cdr
1106,e0e29ddf549db66f2b2e2ffb8422d7addc7c6f46,coryshain_cdr
1107,e121335098c838cb971f8734ddc58523e1157ed3,coryshain_cdr
1108,e148f85973c4f3e38c7cea7669ccc045e487335e,coryshain_cdr
1109,e15fb979955a1a7b77804ef7e88c4248f116ce85,coryshain_cdr
1110,e1889d9f14d337822df3884fa9118274d4dedc23,coryshain_cdr
1111,e1a437a9e8266bc5755aabade5e8d0c5b9c945f0,coryshain_cdr
1112,e1ab6d1d79dabe2dc2fe988e794fded9c12c6860,coryshain_cdr
1113,e1bfdb9e116870d8c04c4d42af5373f9a5f92687,coryshain_cdr
1114,e2192d4cb2cc57338b5b9f7a20021da61278f6ec,coryshain_cdr
1115,e262e65a3487c5dfff62fbb2c601b3c820a73268,coryshain_cdr
1116,e26ead1388a6759bdec80df3db69d4b5ea465a0d,coryshain_cdr
1117,e29493b520b429fd61636d8bfa8335d3fd85cde9,coryshain_cdr
1118,e2b3c9c63201a22f8dff8091754f1ef271488c1e,coryshain_cdr
1119,e2f8640e412a7f4c177c27fc6956738ea5349c02,coryshain_cdr
1120,e2ff19e4b34ba5843a982c5de03229765f6e12dd,coryshain_cdr
1121,e3772b46a7a90dd35610f7363e3005ca98cfd36b,coryshain_cdr
1122,e379ac7b366bb7b35fa472ea3204b98ee79de3fb,coryshain_cdr
1123,e39e6860c0603c804e6c86bf302244c6be792be6,coryshain_cdr
1124,e3f9570b7312e6f5247d3f417f64b4693dbff53a,coryshain_cdr
1125,e40028ffe570567ed26de3035014448467edeea1,coryshain_cdr
1126,e405b6893f868877e188142de5e8a858406bfc87,coryshain_cdr
1127,e43db2137cfc63dd31601f456b5b40f441437248,coryshain_cdr
1128,e4eddbf5c1db58f5881c90d0441eda68689c2be2,coryshain_cdr
1129,e50a98311012758da86310ec03eab4acc521946d,coryshain_cdr
1130,e541298aee4c9ec955dfa174b3cfccdfe956c233,coryshain_cdr
1131,e5432a2599fef0d3a534aaebd570e5c22463df62,coryshain_cdr
1132,e5682acc9b6ddf789ea3ad1bf54fc0b09acba32c,coryshain_cdr
1133,e56e4c4c0762c3bcfcc1442323eef2c931bd45cb,coryshain_cdr
1134,e575722ea460ea36bb4a694dca8f841b80f8424c,coryshain_cdr
1135,e58b8198b30ed9ba3da6818e16b3d6ed4be3c20e,coryshain_cdr
1136,e5a1d956948739c3d19cf1b86b220b3eebeca03e,coryshain_cdr
1137,e5d33662dfac78c1fdaed26ea66e92ebaf79758b,coryshain_cdr
1138,e5d6e3b02d01b218b4b32bea8bd390801218382a,coryshain_cdr
1139,e6134792ced0a2cce652c721d6374e48c7ad91b5,coryshain_cdr
1140,e615a169abdc07414b98de63322efa2dda812ffb,coryshain_cdr
1141,e692fed37fd26e8452adc25cbee2b308fe355061,coryshain_cdr
1142,e69429aaa8309bd4b221c67d8d22d56075c5d89f,coryshain_cdr
1143,e699f4afc99bc214f2e3690edeb720277acf6d64,coryshain_cdr
1144,e6acdc6e421bd5a190834442521d545bbe2ba581,coryshain_cdr
1145,e6d5e75f0256fc68329732e1a6128ca7a0d9ee03,coryshain_cdr
1146,e77230ce4806a7350427b57df037c44d2a02867a,coryshain_cdr
1147,e784f708cea7f3a818cc7bff5e8704b2fc60fe68,coryshain_cdr
1148,e7a0c89f74b9f18f497c0a47645ae7c33982fb54,coryshain_cdr
1149,e7ad6df3cfc8c181bcfc081d011811182a1a0794,coryshain_cdr
1150,e7cccd6f8b9e64b2140a01f4826c44dec30dc67c,coryshain_cdr
1151,e7ded542a811e5c01d84294d24d1a45bb74ba87e,coryshain_cdr
1152,e7f2c6d626fd58d9f319dd48b0503aeddc06e15b,coryshain_cdr
1153,e8244d4e5255a6240cbf78f4f6cbbdcc4fa94951,coryshain_cdr
1154,e82d85ba3b0e8d7ccf4d736bd3543167ec70c9e0,coryshain_cdr
1155,e831c0e53858a48d2df01ac9ac51be41b1c506f6,coryshain_cdr
1156,e8617e66a514596c584ab7d220a986c2f154dbf9,coryshain_cdr
1157,e8d527fa32372e8192ad1eecb8c2da4074c243a6,coryshain_cdr
1158,e8dbe73726e8e174261fd8010e30691e84ef13d3,coryshain_cdr
1159,e8f7ba7ddea7a42ad7afe3b5cb65b889ed845676,coryshain_cdr
1160,e9051919dd5b4ba029360fdc7d53cec9a4036714,coryshain_cdr
1161,e9287da929a308a15a6cb728603ff88b9c28392d,coryshain_cdr
1162,e96db78c11a4a81ae98add4fa578b0635d67fe70,coryshain_cdr
1163,e9fb49cb8894335802e48330c03250971227fee2,coryshain_cdr
1164,ea741ef74e7ad8fb19e0e62f5fc7a8698be8fe6f,coryshain_cdr
1165,eb806aefbcf032a33cdc82de55ddd84d263c3f54,coryshain_cdr
1166,eb85161c90c0d2bdfd22fc4ed5f60051ba120199,coryshain_cdr
1167,eb91e7f0dc040ad2c04684cbadb1cdd9d9f3d86f,coryshain_cdr
1168,ec473bc5d3b0fedbe61ea0b242876e3542faeef8,coryshain_cdr
1169,ec47fa8d1cfde63e05836327534ffdc9596eb8f1,coryshain_cdr
1170,ec540ca7bc214c4b2e3f88dd6a2207f6ada10cc0,coryshain_cdr
1171,ec61f60675309e74831c8c64fad05992ea6218cb,coryshain_cdr
1172,eccff09f63fe3e4827901b5b08c1cb61fb02e226,coryshain_cdr
1173,ece89139b77c5f39fbac3cc23275a2d9053a0aa2,coryshain_cdr
1174,ed1bffb74e52ddc56c44c67197c021f17d3b1486,coryshain_cdr
1175,eda944e46ba0a89483cba0f2f218837009446b16,coryshain_cdr
1176,edbfec6fa5fef3aa6f288bf4ab486a3a5531c721,coryshain_cdr
1177,edd1e146f934b7eebcabc20cc88c2660e308b232,coryshain_cdr
1178,eddabf1e358103eec66796a11cdc74d792954396,coryshain_cdr
1179,ee047e033899b98505d690b41bc2a2380cea6bb0,coryshain_cdr
1180,ee2e9b03ee95a1d40d48a33faafe6d0462775049,coryshain_cdr
1181,ee313d197c4328155fd6d2a46532041e5f7e9381,coryshain_cdr
1182,ee4aa91dd169bd381824dabc45f8bf4f4bc97dbf,coryshain_cdr
1183,ee51c1270fbbaa4409e87bb22b722687d60188be,coryshain_cdr
1184,eecd25ce3ce97bbe43efda305607f3b66ee94fd3,coryshain_cdr
1185,eee88b62a977c33a35609ebc8af43916fd455854,coryshain_cdr
1186,ef053c4abb85ebc24789a68304c13d5b499ffe07,coryshain_cdr
1187,ef0d62b650f25e8caf4436f47bfc4521eed6504b,coryshain_cdr
1188,ef2df1458e27a9f8026118a0118303285a70c243,coryshain_cdr
1189,ef3cb6a02580bb76b07baecde9656543025d4df6,coryshain_cdr
1190,ef683da696a018190ad671c17180821549c044bb,coryshain_cdr
1191,ef7a4dd6bec767b6b36a05f66dfd006328ddf846,coryshain_cdr
1192,ef81fec0d879da4d861a825de1d02d5951756c5d,coryshain_cdr
1193,ef9ec7ac25ffbdcbbee9b91030ab0477b196fe1c,coryshain_cdr
1194,efd2d57b40b2218aadce85fe4fca9fd783bdfb5a,coryshain_cdr
1195,efdaca9d60f61af2ca17e649a2dece7d874c682f,coryshain_cdr
1196,efe9174f293cd1842b65c8aeff7150346ecd4804,coryshain_cdr
1197,f0516965781f96901ad2fe71b391b27918508998,coryshain_cdr
1198,f05e59c0b04cc3a610b0643e4fc82bafb8d659ef,coryshain_cdr
1199,f0aaf8c0bb1e894d1f03e7d792f032271b22e2e1,coryshain_cdr
1200,f0d5cd53d931c96a1e2adac5e24f06792d6c5f16,coryshain_cdr
1201,f10e16a38273469d24e0873e997c154b3845c1e0,coryshain_cdr
1202,f15e9b0d8c202be79c77faf163628ac44cbfebff,coryshain_cdr
1203,f1a0c65c1ca63af431c2a7858ecab4847c3d1c0f,coryshain_cdr
1204,f1f9b79c8551c58acaaf415e4d449d4d9fbe1fd5,coryshain_cdr
1205,f253d090ad8b4d88ea7330333086f661dfbc5bb1,coryshain_cdr
1206,f26a8b4edf0c1775f0fb05ef2044e41a32a39afe,coryshain_cdr
1207,f2873e3f49295d93ad9d5d0d5eaef561fd1846f3,coryshain_cdr
1208,f2aa4037c0513d6ef7918469f09d785af9252580,coryshain_cdr
1209,f2ac049f7172a5b28b839f66bc36edb8dd4ee4d5,coryshain_cdr
1210,f2b986659ee21880eeb28ec8b2edf53751d67c4f,coryshain_cdr
1211,f2cfc3428b9ab6c334812faeefd3d4f4449cd127,coryshain_cdr
1212,f2e131f9efeed50080b4b2d766e0540f220fc35e,coryshain_cdr
1213,f306eda2e006dd9041bf15719f3e0f28a806de73,coryshain_cdr
1214,f308c44ca1796f1d9628ad45c85a67dcd9b16acb,coryshain_cdr
1215,f37bd8f83b81b1f729240027ccb7f81f662dccf6,coryshain_cdr
1216,f399a5a43d425cd1a70e726e10d51e7a2643786f,coryshain_cdr
1217,f3cc46e0579ceba0ac9e1dfc2a0eb1536d1496e7,coryshain_cdr
1218,f3e5b63f6b8b8d7c66830cf315b7aae4ce781dee,coryshain_cdr
1219,f412242067ade0a325d43adecfffd9c2b28e60e4,coryshain_cdr
1220,f41c87ea5bc10d266c6e7851fa63ce20bb2723c7,coryshain_cdr
1221,f445dbb11d1a90092f0980578e51a9395411ab4d,coryshain_cdr
1222,f461c68f32dc08cb627c45c047d92f561144120a,coryshain_cdr
1223,f4e2109e14c18ce5850c6d708578c90b95d69d37,coryshain_cdr
1224,f4ed1929f7282717502d88df0e5f1c5dbb0760f4,coryshain_cdr
1225,f55acb36e9dd863128b0e64f45762bf4d8170a40,coryshain_cdr
1226,f57f0626d56f61683679f3afe4ba4f044e6c2a2e,coryshain_cdr
1227,f5b9805745779af08cac614df37d1dcfe05517af,coryshain_cdr
1228,f635f2efde9daa73c133836941a639bcbb1d3b81,coryshain_cdr
1229,f66331ac2ad630cb0a6f5b2102900f47f6c3eef9,coryshain_cdr
1230,f66fe47c883d2a0dde333b601d0698502e4eea90,coryshain_cdr
1231,f6707690e9d00ba3c7997baa5679301f5e784b9f,coryshain_cdr
1232,f6d312290b4fb3b657539165f2bec52a50dc22cf,coryshain_cdr
1233,f7ff2d8be480da751c427af3f980d2a5c8f9c746,coryshain_cdr
1234,f82f5b6b1f4266eb12749acbc67600ab19cd24c1,coryshain_cdr
1235,f83d2f7a112d5d825449cd51d7b36e9852b599e6,coryshain_cdr
1236,f844b752863171edb1b7008fd0e30ad349206e30,coryshain_cdr
1237,f8dd0e0f4613d95306549ff0377264885de79f02,coryshain_cdr
1238,f91b737da84975da909462beaef031f0ce248e68,coryshain_cdr
1239,f98f64729eb74db90cb982fb922f95ed536d9426,coryshain_cdr
1240,f9e95f46806fd5cdcba68b97342ecdbf3cc514a5,coryshain_cdr
1241,fa440edac09f208a21ff618c2e3935f00fc5bf55,coryshain_cdr
1242,fa71136b15fa41c44b3db74d2ae7cc5e94647717,coryshain_cdr
1243,fad5fb816c3c11243110bad6d6df5d675545a330,coryshain_cdr
1244,fafcd26a9cdf4ea30ba3d73c4598ac1d6c7af84c,coryshain_cdr
1245,fb61cc3b4e076959ac9d45a518a46204dfa9664f,coryshain_cdr
1246,fb6ce1fedc6465cd39f3eb8ad1ea69fef50cde4d,coryshain_cdr
1247,fb72957adce05c46e8468c5bbccb2818da557b7f,coryshain_cdr
1248,fb84fe7ce1dd295c21e10e310b59f652bcb7fe29,coryshain_cdr
1249,fbaa70c31972eb7d7812b9cbab009eed6b801a2d,coryshain_cdr
1250,fbbb6faeceda53947340c0e82759e0873d63461c,coryshain_cdr
1251,fbd23d67d12c37fc575a9776ceeb12abe94415cf,coryshain_cdr
1252,fc1b28476325c64391880a631e7afed58b56184a,coryshain_cdr
1253,fc2cf4a99a9e444ecebc970e05b87272590d19d1,coryshain_cdr
1254,fc86916bca00a8e444704240668c01595d2b18f9,coryshain_cdr
1255,fc8b4e9083eb813f2441021be0dad945f2a0ba79,coryshain_cdr
1256,fcc362a17cc45ab43ff2110d0878d3ce22fa47f4,coryshain_cdr
1257,fd2174c775bb2ca0a304edfaeaa5f389d60e416a,coryshain_cdr
1258,fd21a87e4d6e2c8a3f6265b971a711eeb4256394,coryshain_cdr
1259,fddb9ad86b239d22038a5b1d46abbef3526d7fa7,coryshain_cdr
1260,fdeb635b4d47b6531a2dca13d245efff88d7063b,coryshain_cdr
1261,fe1c6ab0cc0c0debc0d603a85ddc4f9c7df4ba1f,coryshain_cdr
1262,fe23cf26affbdda453b2d6f6630a03abc371dadd,coryshain_cdr
1263,fe5fae7f0986a5e8881b2820107ccc1a571320a6,coryshain_cdr
1264,feb37df54be9b2b27a55d95215daeafab2b42d9b,coryshain_cdr
1265,fed0c969de64c1770d5662f275d0bc5ba66ecc67,coryshain_cdr
1266,feebd9e0b82631fd6826efd47658f83a62f2fc05,coryshain_cdr
1267,ff054a946707f4c77b69790b3140a174e0ecfaa1,coryshain_cdr
1268,ff420af3998696ebb17b750b052ee07c3690f9bf,coryshain_cdr
1269,ff4f6b859d16e5b9a64450e35035f220548dd3d7,coryshain_cdr
1270,ff90095d2f4d832d801ab5b7c4a2a6695bcbbb28,coryshain_cdr
1271,ffb375e5fb5a25722c8d433ee60d54c9ebae8d63,coryshain_cdr
